tree
version=v4
num_class=1
num_tree_per_iteration=1
label_index=0
max_feature_idx=32
objective=binary sigmoid:1
feature_names=Column_0 Column_1 Column_2 Column_3 Column_4 Column_5 Column_6 Column_7 Column_8 Column_9 Column_10 Column_11 Column_12 Column_13 Column_14 Column_15 Column_16 Column_17 Column_18 Column_19 Column_20 Column_21 Column_22 Column_23 Column_24 Column_25 Column_26 Column_27 Column_28 Column_29 Column_30 Column_31 Column_32
feature_infos=[-5.9625000953674316:5.3685002326965332] [0.12349999696016312:14.752799987792969] [0:99.572601318359375] [0:95.52239990234375] [0:96.55169677734375] [0.17299999296665192:16.659999847412109] [0.13670000433921814:2.4367001056671143] [0.29879999160766602:1.9140000343322754] [-8.0424995422363281:6.5276999473571777] [-19.096700668334961:14.208499908447266] [-30.448799133300781:24.32819938659668] [-9.5796003341674805:11.605799674987793] [-19.183700561523438:11.904800415039062] [0:1] [0:23] [0:6] none none none none none [-6.6104998588562012:4.2919998168945312] [-11.866299629211426:6.1181001663208008] [-18.96980094909668:8.3635997772216797] [-4.0465998649597168:2.609299898147583] [-3.6400001049041748:2.2646999359130859] [-17.006099700927734:2.2611000537872314] [-2.8311998844146729:14.901900291442871] [0.56400001049041748:25.882200241088867] [-19.875600814819336:-0.01119999960064888] [0.027499999850988388:19.024099349975586] [-8:9] [0:2]
tree_sizes=1724 1692 1588 1505 1698 1718 1709 1701 1491 1714 1717 1698 1707 1681 1711 1698 1721 1691 1714 1713 1405 1083 1695 1674 1666 1714 1720 1713 1716 1389 1597 1714 1186 1710 1719 1269 1593 1721 1294 1403 1189 978 965 1293 1189 1719 1700 1579 1661 1409 1595 976 1078 1157 975 1280 1708 1503 1191 1715 1698 1672 1718 1715 1089 1692 1675 1440 1703 1588 1695 1688 1517 1169 872 1697 1605 1700 1711 1720 1601 1288 1711 1303 1515 1170 1721 1698 1706 1593 1578 1083 983 1051 1698 1190 1673 1079 1618 985

Tree=0
num_leaves=15
num_cat=0
split_feature=5 12 29 6 22 29 12 3 22 22 8 8 30 6
split_gain=21.5567 23.9998 8.97888 15.0184 11.5522 10.1619 11.6265 7.49334 5.07357 11.1297 3.31586 6.95541 3.25189 3.20586
threshold=0.53849998116493236 0.97920000553131115 -7.8097000122070304 0.9139000177383424 -0.15605000406503675 -0.98734998703002919 0.7353000044822694 24.452400207519535 0.86730000376701366 0.14039999991655353 -0.60975000262260426 -0.093899998813867555 2.9859499931335454 0.61969998478889476
decision_type=10 2 10 8 2 10 2 2 2 2 10 10 8 10
left_child=1 10 -2 5 -5 6 -4 -7 9 13 -1 -12 -13 -3
right_child=2 8 3 4 -6 7 -8 -9 -10 -11 11 12 -14 -15
leaf_value=-0.082574611480973628 -0.018028869429089475 -0.13210913070473079 -0.035067378750734214 -0.11788213688659513 -0.059023452022539329 -0.049120272722167138 -0.058124334769923243 -0.080247229735832371 -0.13761958688367762 -0.052900797147120482 -0.025660591238191914 -0.077270710366243403 -0.046198746811705382 -0.08893401531694739
leaf_weight=10.49041700363159 17.234256505966187 12.238819837570192 116.89321804046631 15.23608183860779 15.985397338867186 32.470338344573975 107.40188837051392 44.459386348724365 10.74018883705139 10.24064517021179 15.985397338867186 20.980834007263184 12.738363504409788 12.238819837570189
leaf_count=42 69 49 468 61 64 130 430 178 43 41 64 84 51 49
internal_value=-0.060439 -0.0786252 -0.0529219 -0.0548668 -0.0874111 -0.0513717 -0.0459671 -0.0667981 -0.105861 -0.0943708 -0.0582639 -0.0524657 -0.0647653 -0.112525
internal_weight=0 105.653 349.681 332.446 31.2215 301.225 224.295 76.9297 45.4585 34.7183 60.195 49.7046 33.7192 24.4776
internal_count=1823 423 1400 1331 125 1206 898 308 182 139 241 199 135 98
is_linear=0
shrinkage=1


Tree=1
num_leaves=15
num_cat=0
split_feature=12 11 14 7 7 9 9 31 28 30 11 11 9 11
split_gain=15.2522 17.4372 17.3649 13.249 18.5349 13.762 12.4534 10.1463 9.54588 9.18155 9.05389 10.8334 7.2098 6.35231
threshold=0.7353000044822694 -3.7888499498367305 16.500000000000004 0.64509999752044689 1.2375500202178957 0.032500000670552261 -0.20605000108480451 1.5000000000000002 5.3361501693725595 5.0171000957489023 3.9012999534606938 0.614850014448166 -2.0269500017166133 -5.2210998535156241
decision_type=2 2 2 10 10 8 10 2 10 10 2 2 10 2
left_child=1 13 8 5 9 12 -4 -7 10 -5 11 -2 -3 -1
right_child=2 3 6 4 -6 7 -8 -9 -10 -11 -12 -13 -14 -15
leaf_value=0.0033829888444099061 0.0043619902991245988 -0.001413134243423291 0.00091138525470724381 0.056135356796870255 -0.018882513092065383 0 -0.047690157767487196 -0.051137650694251482 0.023128117158924266 0.010231058711179674 0.02491033517864295 -0.029745526649849075 0.032770075245756689 -0.030376276200448811
leaf_weight=22.981594607234001 42.702282205224037 20.988777995109558 18.221373647451401 45.470131784677505 13.234338626265524 47.460536882281303 39.175689041614532 11.987726062536238 34.704585686326027 16.48412561416626 17.732391864061356 47.683273762464523 45.975970208644867 30.46713025867939
leaf_count=92 171 84 73 182 53 190 157 48 139 66 71 191 184 122
internal_value=0 0.00954925 -0.00885053 0.016336 0.0329637 0.00615827 -0.0319546 -0.0110277 0.000339108 0.0445016 -0.00681852 -0.0134212 0.0217544 -0.0155004
internal_weight=0 255.05 200.22 201.602 75.1886 126.413 57.3971 59.4483 142.823 61.9543 108.118 90.3856 66.9647 53.4487
internal_count=1823 1021 802 807 301 506 230 238 572 248 433 362 268 214
is_linear=0
shrinkage=0.05


Tree=2
num_leaves=14
num_cat=0
split_feature=5 23 29 25 29 28 6 10 30 5 14 3 11
split_gain=19.1264 8.31349 8.29844 7.57244 17.9697 7.91243 15.9982 11.2581 7.21796 6.13216 5.885 3.95834 1.3947
threshold=0.53849998116493236 1.8170000314712527 -0.39959999918937678 -0.9087499976158141 -7.8097000122070304 4.391550064086915 0.61969998478889476 -0.59764999151229847 4.0172998905181894 0.43449999392032629 4.5000000000000009 19.174200057983402 -0.91064998507499684
decision_type=10 2 10 2 10 10 8 10 8 8 2 2 2
left_child=1 8 3 4 -2 6 -5 -7 9 10 -1 -4 -11
right_child=2 -3 11 5 -6 7 -8 -9 -10 12 -12 -13 -14
leaf_value=-0.036773920022153177 0.026506121267261037 -0.047916225680506429 0 0.013356447237510137 -0.050663251627397127 0.045899345507450805 -0.020422273645516086 0.0084368300404267446 0.024237759212678161 -0.050014938599206082 0.0056751631615030666 -0.038841247278297776 -0.022161037801694587
leaf_weight=9.9801957756280881 13.247187703847887 18.168288677930832 11.736131787300112 166.6023685336113 15.702287688851355 35.725718095898628 43.446111649274826 50.19806045293808 11.988002359867094 10.733227387070658 34.43537113070488 12.974618718028067 20.195149153470993
leaf_count=40 53 73 47 667 63 143 174 201 48 43 138 52 81
internal_value=0 -0.0172115 0.00701323 0.00919854 -0.0146514 0.0116364 0.00621906 0.0244778 -0.0103027 -0.0162516 -0.00360975 -0.0203424 -0.0332647
internal_weight=0 105.5 349.632 324.922 28.9495 295.972 210.048 85.9238 87.3319 75.3439 44.4156 24.7108 30.9284
internal_count=1823 423 1400 1301 116 1185 841 344 350 302 178 99 124
is_linear=0
shrinkage=0.05


Tree=3
num_leaves=13
num_cat=0
split_feature=5 26 24 30 29 29 7 7 3 5 7 22
split_gain=17.3401 7.91456 7.59283 10.4828 5.89517 10.6344 11.0579 9.08182 5.63554 4.92375 5.93849 3.74964
threshold=0.53849998116493236 0.15630000084638598 0.71244999766349804 4.0172998905181894 -7.8097000122070304 -4.1821999549865714 0.59865000844001781 0.69045001268386852 19.174200057983402 0.43449999392032629 0.67904999852180492 0.089650001376867308
decision_type=10 8 2 10 10 10 10 10 2 8 10 2
left_child=2 4 3 9 -2 6 -6 -7 -3 10 -1 -11
right_child=1 8 -4 -5 5 7 -8 -9 -10 11 -12 -13
leaf_value=-0.02032252336716079 0.038703307267505843 0.0049353018945022227 -0.05035889129601312 0.031353834501580274 0.03316512292475484 0.0054739753103146809 -0.021019647478488779 0.026808769333598954 -0.042465370917091239 -0.043606550942119106 0.015787415292134548 -0.0040438973600131307
leaf_weight=28.921270504593849 15.49711352586746 9.9880840629339236 14.141287773847578 11.991011068224905 10.738536372780798 177.09124627709389 51.638920903205872 71.671491682529449 12.966679722070692 22.651364639401436 17.470039889216423 10.210230141878126
leaf_count=116 62 40 57 48 43 709 207 287 52 91 70 41
internal_value=0 0.00666333 -0.0164117 -0.0106322 0.00872076 0.00708748 -0.0111044 0.0117625 -0.021109 -0.0174549 -0.00616775 -0.0323085
internal_weight=0 349.592 105.385 91.2439 326.637 311.14 62.3775 248.763 22.9548 79.2529 46.3913 32.8616
internal_count=1823 1400 423 366 1308 1246 250 996 92 318 186 132
is_linear=0
shrinkage=0.05


Tree=4
num_leaves=15
num_cat=0
split_feature=5 12 31 25 26 12 8 24 27 7 22 22 7 7
split_gain=15.724 19.9155 7.67902 8.54881 13.4994 10.5766 7.13841 6.4188 6.27709 4.9726 3.87033 10.2759 3.81921 11.0994
threshold=0.53849998116493236 0.97920000553131115 2.5000000000000004 -0.9087499976158141 -5.7924499511718741 -5.1655499935150138 0.38605000078678137 -0.067800000309944139 4.6864001750946054 0.61340001225471508 0.86730000376701366 0.14039999991655353 0.62545001506805431 0.54025000333786022
decision_type=10 2 2 2 10 2 10 2 10 10 2 2 10 8
left_child=1 12 3 4 -2 9 -7 -4 -9 -5 11 -3 13 -1
right_child=2 10 7 5 -6 6 -8 8 -10 -11 -12 -13 -14 -15
leaf_value=0.012005552618878567 0.011370775077203632 -0.047929169077266187 0.012477130067599526 0.003636001309865525 -0.057749208100390359 0.013091676994541009 -0.0055505666953323818 -0.048149698642968211 0 0.046821643067664585 -0.068881194067795012 0.0094239351870907886 0.015387876557870626 -0.050723322634400263
leaf_weight=19.200810670852665 15.960742413997652 24.336278066039085 13.235146835446356 10.494864135980604 11.420459702610968 174.36824494600296 70.170307993888855 15.708072468638422 9.9887294918298704 28.219371005892754 10.57189656794071 10.219452351331709 30.685612678527832 10.214200153946875
leaf_count=77 64 98 53 42 46 698 281 63 40 113 43 41 123 41
internal_value=0 -0.0156445 0.00634085 0.00901701 -0.0170805 0.0116535 0.00763985 -0.0142216 -0.0289027 0.0359478 -0.0405896 -0.030362 0.00285376 -0.00942472
internal_weight=0 105.228 349.566 310.634 27.3812 283.253 244.539 38.9319 25.6968 38.7142 45.1276 34.5557 60.1006 29.415
internal_count=1823 423 1400 1244 110 1134 979 156 103 155 182 139 241 118
is_linear=0
shrinkage=0.05


Tree=5
num_leaves=15
num_cat=0
split_feature=1 27 27 7 7 10 10 14 6 10 23 7 24 14
split_gain=9.18723 7.43389 14.1907 13.7058 15.8342 11.783 9.29259 7.86589 7.41471 7.40891 6.31271 6.25603 7.37234 5.74635
threshold=2.5784499645233159 1.1134999990463259 2.3042500019073491 0.60010001063346874 0.67644998431205761 3.3989000320434575 -7.811650037765502 15.500000000000002 0.8553999960422517 4.6168000698089608 -0.33599999547004694 1.0653499960899355 0.18774999678134921 9.5000000000000018
decision_type=2 8 10 10 10 10 10 2 10 10 2 8 2 2
left_child=1 3 11 9 13 6 -4 -6 -7 10 -1 12 -3 -5
right_child=-2 2 5 4 7 8 -8 -9 -10 -11 -12 -13 -14 -15
leaf_value=0.022468856483347628 0.034167212904036133 -0.0070503538780773041 -0.0095955448922454487 -0.069430895083689603 -0.0046051933902227686 -0.0024603326913102681 0.02813441079257379 0.039270284855461149 -0.046736466773245527 0.058371025095624224 -0.0051676281619473198 -0.05510549745131782 -0.035294943197700698 -0.019698123842467285
leaf_weight=59.963381960988045 17.965955018997192 87.268954232335091 21.690645799040794 9.9455622285604495 33.429283142089844 43.038824141025543 54.596797227859497 13.721283644437788 12.182694807648657 10.237101152539251 29.18400527536869 10.96056219935417 32.877891346812248 19.415104553103447
leaf_count=240 72 350 87 40 134 173 219 55 49 41 117 44 132 78
internal_value=0 -0.00182118 -0.00718729 0.00604647 -0.00961304 0.00425971 0.0170885 0.00791644 -0.0130087 0.01834 0.0131643 -0.0188319 -0.0151009 -0.0382622
internal_weight=0 438.512 262.616 175.896 76.5112 131.509 76.2874 47.1506 55.2215 99.3845 89.1474 131.107 120.147 29.3607
internal_count=1831 1759 1054 705 307 528 306 189 222 398 357 526 482 118
is_linear=0
shrinkage=0.05


Tree=6
num_leaves=15
num_cat=0
split_feature=12 25 7 27 9 6 10 5 12 14 10 6 7 6
split_gain=22.4607 13.4933 12.9482 17.9684 12.8492 15.7174 10.9073 11.1649 9.28446 8.25054 8.20594 10.0027 9.89969 7.17307
threshold=0.7353000044822694 -0.87680000066757191 0.61489999294281017 1.0941500067710879 -2.5224999189376827 0.3567000031471253 7.3868000507354745 0.50049999356269848 5.672149896621705 7.5000000000000009 1.4176499843597414 0.61495000123977672 1.0653499960899355 0.53450000286102306
decision_type=2 2 10 8 10 10 10 10 2 2 10 10 10 10
left_child=1 -1 3 13 9 -6 8 -8 -7 -2 12 -12 -4 -3
right_child=4 2 10 -5 5 6 7 -9 -10 -11 11 -13 -14 -15
leaf_value=-0.019156234864785952 -0.025425940817829864 0.027252714268594925 0.050035302049772079 -0.018779450196953807 0.017499988492955053 -0.044780383538141906 -0.050416721982471435 0.0071670672345791851 -0.0043146218683852797 0.024725173391755031 0.036225712685461535 -0.015168036646945483 0.0039408785871470498 -0.014328298898412348
leaf_weight=34.520894810557365 10.221512526273726 56.7028738707304 46.665071859955788 52.888217106461525 23.430858016014099 69.624189496040344 10.311591699719427 35.897172719240189 19.677150294184685 30.936684519052505 16.485704898834229 20.214543759822845 17.207019880414009 11.486832126975058
leaf_count=139 41 227 187 212 94 280 42 144 79 124 66 81 69 46
internal_value=0 0.00942659 0.0140238 0.00275199 -0.0129014 -0.019397 -0.0260015 -0.00554979 -0.036216 0.0115145 0.0272658 0.00742254 0.038133 0.019831
internal_weight=0 256.171 221.65 121.078 200.099 158.941 135.51 46.2088 89.3013 41.1582 100.572 36.7002 63.8721 68.1897
internal_count=1831 1027 888 485 804 639 545 186 359 165 403 147 256 273
is_linear=0
shrinkage=0.05


Tree=7
num_leaves=15
num_cat=0
split_feature=3 3 31 28 25 3 23 28 3 28 28 2 21 9
split_gain=11.3097 10.7702 9.56363 8.27265 10.598 6.70079 7.56526 11.739 6.25602 5.91022 4.83528 4.50949 9.40922 7.98029
threshold=39.461601257324226 25.872250556945804 2.5000000000000004 7.3085501194000253 -0.9087499976158141 46.855199813842781 -0.31934998929500574 4.014050006866456 41.513648986816413 2.1454000473022465 3.8554999828338627 56.958950042724616 -0.34284999966621393 -0.70575001835823048
decision_type=2 2 2 10 2 2 2 10 2 10 10 2 2 10
left_child=1 3 5 4 -1 8 7 -7 -2 -6 -8 12 -3 -14
right_child=2 11 -4 -5 9 6 10 -9 -10 -11 -12 -13 13 -15
leaf_value=-0.05010779551961278 0.0025496312068780357 -0.038136785283240257 -0.02465255416947057 0.025275782456787039 0.016025891939425278 0.057621019624428615 -0.018916212421141502 -0.0019990932475741946 0.051524628458816647 -0.0046989853937140016 0.015944124190782945 -0.039968966726250749 0.027047841131438835 -0.013243817882200965
leaf_weight=10.631809771060942 10.695857673883436 24.914813190698624 13.919275552034376 29.854289993643761 44.162121266126633 15.466259911656381 24.625464171171188 15.433115392923353 22.669468179345131 149.18038207292557 15.425657868385313 20.163497507572174 16.702690333127975 41.99984185397625
leaf_count=43 43 100 56 120 177 62 99 62 91 599 62 81 67 169
internal_value=0 -0.00501571 0.0129166 0.000840027 -0.00266726 0.0182618 0.0089822 0.0274891 0.0368325 0 -0.00484223 -0.0183898 -0.0126823 -0.0012257
internal_weight=0 337.609 118.235 233.829 203.974 104.316 70.9505 30.8994 33.3653 193.343 40.0511 103.781 83.6173 58.7025
internal_count=1831 1356 475 939 819 419 285 124 134 776 161 417 336 236
is_linear=0
shrinkage=0.05


Tree=8
num_leaves=13
num_cat=0
split_feature=29 27 27 22 10 8 10 10 29 6 28 15
split_gain=10.8046 6.81153 12.609 9.78539 9.76293 9.32652 8.89701 6.54119 5.41403 6.79328 5.12684 4.28391
threshold=-8.421900272369383 1.1134999990463259 2.3042500019073491 0.081100001931190505 3.3989000320434575 0.92130002379417431 -12.073150157928465 -6.7997000217437735 -1.2573999762535093 0.36004999279975897 2.9785000085830693 2.5000000000000004
decision_type=10 8 10 2 10 10 10 10 10 10 10 2
left_child=-1 3 7 8 6 -6 -4 11 9 -2 -9 -3
right_child=1 2 4 -5 5 -7 -8 10 -10 -11 -12 -13
leaf_value=0.040052257946436798 0.025726772316642766 -0.059165605479927379 -0.01856787062203983 0.038489654895605629 0.0046492105701438783 -0.035730388519063343 0.023723777212957556 -0.021972174456581537 -0.030760052809600914 -0.001068122749524239 0 -0.012122735619050064
leaf_weight=15.46748113632202 28.697000995278358 14.392617970705034 14.430013999342917 19.723044037818909 33.232487857341766 23.368890345096588 62.494683966040611 58.726672127842903 11.478231355547903 116.71379722654819 46.995552822947502 9.9267819076776487
leaf_count=62 115 58 58 79 134 94 251 236 46 469 189 40
internal_value=0 -0.00180389 -0.00693311 0.00570753 0.00370255 -0.0117513 0.0153989 -0.0180176 0.00131836 0.00411858 -0.0121869 -0.0416018
internal_weight=0 440.18 263.568 176.612 133.526 56.6014 76.9247 130.042 156.889 145.411 105.722 24.3194
internal_count=1831 1769 1060 709 537 228 309 523 630 584 425 98
is_linear=0
shrinkage=0.05


Tree=9
num_leaves=15
num_cat=0
split_feature=12 29 25 28 10 6 10 32 12 28 8 32 28 28
split_gain=19.8211 12.0295 11.9041 12.1366 11.6572 10.5218 12.1257 9.83735 8.89342 7.73205 11.4128 9.18938 7.23359 14.1472
threshold=0.7353000044822694 -6.9203000068664542 -0.87680000066757191 6.6000001430511483 3.1769000291824345 0.3567000031471253 7.7690999507904062 1.5000000000000002 5.9546000957489023 2.9785000085830693 0.49325001239776617 1.5000000000000002 2.6838999986648564 4.5504000186920175
decision_type=2 10 2 10 8 10 10 2 2 10 10 2 10 10
left_child=2 -2 3 -1 9 -3 7 -7 -8 10 -4 -11 -6 -14
right_child=1 5 4 -5 12 6 8 -9 -10 11 -12 -13 13 -15
leaf_value=-0.052142538741321846 0.037660141802576562 0.013818718478797943 0.017253988772370287 0.0063686919915760731 -0.040468979435026919 -0.018343170924375918 0.028185568999170515 -0.050964730010407647 -0.016354118342627792 0.016886909075525824 -0.026280374560067533 0.05143797706211635 0.03509627810222616 -0.033495872866553679
leaf_weight=14.515882819890974 10.712814971804617 25.673223003745079 68.824003711342812 19.875059485435486 12.959697067737578 83.743867352604866 18.645087212324142 34.65171654522419 26.25243978202343 61.040585875511169 18.422260954976082 30.911048352718353 15.967042505741121 13.208832636475561
leaf_count=59 43 103 276 80 52 337 75 140 106 245 74 124 64 53
internal_value=0 -0.0121178 0.00887746 -0.0180048 0.0131983 -0.0151637 -0.0199013 -0.0282752 0.00169839 0.0188026 0.00767932 0.0289876 -0.00999066 0.00315888
internal_weight=0 199.679 255.724 34.3909 221.333 188.966 163.293 118.396 44.8975 179.198 87.2463 91.9516 42.1356 29.1759
internal_count=1831 804 1027 139 888 761 658 477 181 719 350 369 169 117
is_linear=0
shrinkage=0.05


Tree=10
num_leaves=15
num_cat=0
split_feature=27 28 27 28 10 10 15 30 28 26 3 10 29 32
split_gain=14.3228 14.2631 10.349 9.26831 7.10811 12.6941 11.1851 8.02092 7.94257 8.94714 6.96015 6.88952 6.36206 7.10481
threshold=1.1134999990463259 2.9936000108718877 0.68320000171661388 2.5017000436782841 3.3989000320434575 -7.811650037765502 3.5000000000000004 1.0755500197410586 3.6668000221252446 -1.269800007343292 33.258600234985359 1.4176499843597414 -7.5302999019622794 1.5000000000000002
decision_type=8 10 10 8 10 10 2 10 10 8 2 10 10 2
left_child=2 3 12 10 5 6 -3 -7 -6 -10 -2 -5 -1 -14
right_child=1 4 -4 11 8 7 -8 -9 9 -11 -12 -13 13 -15
leaf_value=0.038427688005129072 0.0086826078528629506 -0.035937625007878872 0.027293491698779693 -0.067390119014589703 0.025911832009153032 -0.018887814151553287 0.016658764112059962 0.024515388888300446 -0.0045328106736191968 -0.046203596655822091 -0.032115470486192614 -0.019790648673353839 -0.010945143615190741 0.015027008349979177
leaf_weight=10.445631504058836 22.887659400701523 25.462333098053932 61.224264368414879 17.361909404397011 9.9475363194942457 11.446303606033323 15.419446483254431 71.605722159147263 35.719555899500847 21.255450487136841 17.623306199908257 17.650266617536545 72.224148795008659 40.513176769018173
leaf_count=42 92 103 246 70 40 46 62 288 144 86 71 71 290 163
internal_value=0 -0.0075551 0.0105492 -0.0258723 -0.000127551 0.00682479 -0.015534 0.0181571 -0.0133285 -0.0207804 -0.00863117 -0.0447149 0.00194808 -0.0013659
internal_weight=0 266.379 184.407 75.5231 190.856 123.934 40.8818 83.052 66.9225 56.975 40.511 35.0122 123.183 112.737
internal_count=1814 1073 741 304 769 499 165 334 270 230 163 141 495 453
is_linear=0
shrinkage=0.05


Tree=11
num_leaves=15
num_cat=0
split_feature=12 8 12 7 12 25 28 8 7 12 7 31 28 8
split_gain=13.9844 13.0541 11.6589 11.3224 11.6397 9.90554 8.47405 8.23197 9.07924 7.41655 8.14913 6.61028 5.32055 5.209
threshold=0.7353000044822694 1.2170000076293948 1.4834500551223757 0.61614999175071727 -5.7729501724243155 -0.69449999928474415 7.1285500526428232 0.40770000219345098 0.60295000672340404 2.1158999204635625 0.64430001378059398 1.5000000000000002 5.5836000442504892 -0.11915000155568121
decision_type=2 10 2 10 2 2 10 10 10 2 10 2 10 10
left_child=3 2 13 4 -1 6 -5 8 -6 -4 -11 -7 -3 -2
right_child=1 12 9 5 7 11 -8 -9 -10 10 -12 -13 -14 -15
leaf_value=-0.048994994097838578 -0.011786934617648568 -0.063131957320338994 0.028217521551758551 -0.026250204449280647 0.015684255227306845 0.034877618052580189 0.023761731080376981 -0.019660581449298886 -0.032811982504516383 -0.018697898319752795 0.0070781070347836067 0 -0.015544397941904407 -0.060008636121805105
leaf_weight=11.624939158558844 13.928193643689157 14.326774552464487 20.637586161494255 18.692099899053574 81.98586231470108 67.911016061902046 14.414291709661482 30.819966986775398 10.184747725725172 52.731119304895401 70.279352068901062 17.915888622403145 13.307142436504362 11.677231103181837
leaf_count=47 56 58 83 76 329 273 58 124 41 213 283 72 54 47
internal_value=0 -0.010129 -0.00470494 0.00761018 -0.00215881 0.0188394 -0.00370189 0.0022461 0.00990758 0.000708466 -0.00379989 0.027795 -0.0417882 -0.035464
internal_weight=0 196.887 169.253 253.549 134.616 118.933 33.1064 122.991 92.1706 143.648 123.01 85.8269 27.6339 25.6054
internal_count=1814 794 682 1020 541 479 134 494 370 579 496 345 112 103
is_linear=0
shrinkage=0.05


Tree=12
num_leaves=15
num_cat=0
split_feature=27 28 12 11 11 22 31 25 25 28 9 10 14 27
split_gain=12.9319 12.6867 18.4155 21.5199 14.2966 11.4133 9.92007 9.7264 9.68729 8.47022 7.96483 7.19149 9.01456 12.0536
threshold=1.1134999990463259 2.9936000108718877 0.91824999451637279 -3.7888499498367305 2.1840500831604008 0.14039999991655353 1.5000000000000002 0.83199998736381542 0.24724999815225604 2.5017000436782841 -4.9302000999450675 -4.983600139617919 12.500000000000002 0.55860000848770153
decision_type=8 10 2 2 2 2 2 2 2 8 10 10 2 10
left_child=5 9 3 10 8 11 -5 -6 -4 -2 -3 -1 13 -13
right_child=1 2 4 6 7 -7 -8 -9 -10 -11 -12 12 -14 -15
leaf_value=0.022593874907052166 -0.0080067190800849411 0.0041497132615246997 -0.015188162423908781 0.039593549085485957 -0.056889042261607417 0.049625179903304895 0 -0.007498719237567196 0.031963088199058375 -0.042585920479623701 -0.047690082093603141 -0.037649822613264293 0.012347074342593965 0.0071885484159561258
leaf_weight=46.174103796482086 40.443919837474823 12.830212950706484 27.522032111883163 53.377895668148994 25.529184475541115 16.214505195617676 20.902265787124634 18.520509168505669 17.158744722604752 34.849325984716415 14.593583911657332 28.632407024502754 64.162681311368942 29.061979621648788
leaf_count=186 163 52 111 215 104 65 84 75 69 141 59 115 258 117
internal_value=0 -0.00721211 -0.000193012 0.0141651 -0.0169178 0.0100034 0.0282458 -0.0370015 0.00251932 -0.0245168 -0.0229015 0.00589577 -0.000293627 -0.0147664
internal_weight=0 265.728 190.434 101.704 88.7305 184.246 74.2802 44.0497 44.6808 75.2932 27.4238 168.031 121.857 57.6944
internal_count=1814 1073 769 410 359 741 299 179 180 304 111 676 490 232
is_linear=0
shrinkage=0.05


Tree=13
num_leaves=15
num_cat=0
split_feature=21 4 2 4 31 5 8 3 7 5 7 21 4 3
split_gain=10.6243 8.51262 8.06135 7.72126 7.56843 7.4528 6.54545 6.35749 4.74012 4.64076 2.81465 1.89081 1.88422 1.69193
threshold=-0.92850002646446217 10.275249958038332 41.206798553466804 39.764249801635749 2.5000000000000004 2.1124999523162846 -0.6790499985218047 32.290649414062507 1.100149989128113 0.72949999570846569 0.68239998817443859 -1.4609000086784361 10.676300048828127 43.498399734497077
decision_type=2 2 2 2 2 10 10 2 10 10 10 2 2 2
left_child=1 -1 4 11 5 6 -2 8 9 -4 -6 -3 13 -9
right_child=2 3 7 -5 10 -7 -8 12 -10 -11 -12 -13 -14 -15
leaf_value=-0.019720167326068613 -0.014027579735988014 0.023753257908766492 -0.013910434457647747 0 -0.039083921750230184 0.047836054058238181 0.010043189356271437 -0.055685713965394859 -0.037968405791420912 0.0038022858756649978 -0.0015303443976122405 0.054949682770371822 -0.0115177962241255 -0.020895380139631908
leaf_weight=9.9175358563661558 34.917746379971504 13.374390676617621 61.29563319683075 14.639379277825354 11.863774135708811 10.438758119940756 129.74611167609692 10.142377182841303 10.344814673066137 88.419195577502251 10.903866767883299 18.142772883176807 13.61667540669441 11.635103836655615
leaf_count=40 141 54 248 59 48 42 524 41 42 356 44 73 55 47
internal_value=0 0.0201011 -0.00306788 0.0293128 0.00395146 0.00759971 0.00476049 -0.0102935 -0.0058126 -0.00330532 -0.0225926 0.0430699 -0.0294975 -0.0391066
internal_weight=0 56.0741 393.324 46.1565 197.87 175.103 164.664 195.454 160.06 149.715 22.7676 31.5172 35.3942 21.7775
internal_count=1814 226 1588 186 799 707 665 789 646 604 92 127 143 88
is_linear=0
shrinkage=0.05


Tree=14
num_leaves=15
num_cat=0
split_feature=12 11 7 5 27 31 9 12 11 21 25 25 28 28
split_gain=11.6859 15.6184 17.4808 14.7576 14.2767 9.86441 8.68948 8.6792 10.22 8.56412 8.02362 6.34533 5.50964 5.41319
threshold=0.7353000044822694 -3.7888499498367305 0.61614999175071727 0.69949999451637279 1.0325000286102297 1.5000000000000002 -4.1074500083923331 1.253049969673157 1.9160000085830691 0.05034999921917916 0.028599999845027927 0.24194999784231189 4.5273001194000253 3.029749989509583
decision_type=2 2 10 10 8 2 10 2 2 2 2 2 8 10
left_child=1 6 4 -2 9 13 -1 -5 11 -3 -10 -9 -6 -4
right_child=3 2 5 7 12 -7 -8 8 10 -11 -12 -13 -14 -15
leaf_value=0.0001291647508902608 -0.027457608488329868 0.0077852136484760403 0.012137513875308632 -0.036214281561588978 -0.025846956567418828 -5.6690895998176506e-05 -0.040989410505649221 0.0082599413467191289 0.02553220827151317 0.057208727328754122 -0.022926352458886294 0.044295347936161626 0.013388744128455124 0.048121385465935446
leaf_weight=27.109742417931557 70.92844158411026 55.052029103040695 16.350247576832771 13.395215973258017 44.148180156946182 18.880192831158638 22.037481144070625 47.526268690824509 10.203863829374312 10.453875407576559 36.827599287033081 17.419752806425095 9.9416871517896634 48.925154328346252
leaf_count=110 289 221 66 54 178 76 89 191 41 42 149 70 40 198
internal_value=0 0.00693184 0.0131052 -0.00930633 0.000582229 0.030498 -0.0180319 0.000832255 0.00562747 0.0164249 -0.0117289 0.0185719 -0.0181209 0.039649
internal_weight=0 252.899 203.751 196.301 119.596 84.1556 49.1472 125.373 111.977 65.5059 47.0315 64.946 54.0899 65.2754
internal_count=1814 1020 821 794 481 340 199 505 451 263 190 261 218 264
is_linear=0
shrinkage=0.05


Tree=15
num_leaves=15
num_cat=0
split_feature=12 25 14 24 6 6 14 28 15 15 6 14 26 30
split_gain=10.7641 14.3321 12.1459 15.9137 11.279 17.0091 11.1291 10.069 9.70413 9.3679 8.24222 7.80945 5.22299 2.94085
threshold=0.7353000044822694 -0.87680000066757191 18.500000000000004 0.12690000236034396 0.34510000050067907 0.61245000362396251 19.500000000000004 7.4071500301361093 1.0000000180025095e-35 5.5000000000000009 0.79029998183250438 9.5000000000000018 -1.6247000098228452 1.3051000237464907
decision_type=2 2 2 2 10 10 2 10 2 2 10 2 8 10
left_child=1 7 4 -4 -2 11 9 -1 -7 10 -3 -6 -8 -11
right_child=2 6 3 -5 5 8 12 -9 -10 13 -12 -13 -14 -15
leaf_value=-0.050232757645728598 0.035585120617370757 0.0054855423054514744 0.0027371114236060183 -0.059853172312457709 -0.044178965803530063 0.042445310205826398 0.062490393279893065 0.0041236664304615629 -0.00064340029967441259 0 0.036377211206066941 -0.0080807342380866173 0.01918259737584041 -0.032054270114203906
leaf_weight=17.044940754771236 16.443084105849266 133.26674699783325 16.328641712665558 23.366844102740288 31.502050206065178 15.89631901681423 13.086149916052817 14.915471240878103 59.058945462107658 9.9333356171846408 26.137128978967667 32.505865812301636 20.816523924469948 17.904532358050346
leaf_count=70 66 537 66 96 128 64 53 60 239 40 106 131 84 72
internal_value=0 0.0063903 -0.00921477 -0.0337711 -0.0026938 -0.00751383 0.0110013 -0.0244224 0.00838413 0.00602138 0.010805 -0.0264391 0.037291 -0.0201957
internal_weight=0 253.105 195.102 39.6955 155.406 138.963 221.144 31.9604 74.9553 187.242 159.404 64.0079 33.9027 27.8379
internal_count=1812 1022 790 162 628 562 892 130 303 755 643 259 137 112
is_linear=0
shrinkage=0.05


Tree=16
num_leaves=15
num_cat=0
split_feature=27 30 23 2 7 10 7 23 22 7 24 6 14 27
split_gain=6.86086 8.46891 11.0084 9.20566 8.12584 12.7521 12.4876 10.4493 15.6558 7.91698 8.1603 7.76603 7.34554 8.64855
threshold=1.1817000508308413 0.90290001034736644 -0.40244999527931208 46.073150634765632 0.61489999294281017 -10.847650051116942 1.3698500394821169 1.6813499927520754 0.31180000305175787 0.36755000054836279 0.14289999753236773 0.54030001163482677 14.500000000000002 0.6662999987602235
decision_type=8 10 2 2 10 10 10 2 2 8 2 10 2 10
left_child=1 2 12 11 9 6 -6 8 -7 -2 -11 -3 13 -1
right_child=4 3 -4 -5 5 7 -8 -9 -10 10 -12 -13 -14 -15
leaf_value=-0.019417065701682282 0.015836241205792547 0.043157477969052456 -0.041488317649957751 -0.0013701850329871424 -0.047867090673991947 0.001786831861295199 0.017177804526885724 -0.0078310689773160667 0.049748847302795461 -0.0083067039388188858 -0.042085428062946253 0.005640750774783175 0.02393713568411257 0.030560111012349234
leaf_weight=37.75946319103241 13.560461789369581 37.003388732671738 15.82756847143173 40.44322007894516 22.245203390717506 46.157670944929123 9.9164787679910642 57.572719171643257 27.599974557757378 41.518037870526314 34.793355792760849 24.744077816605568 27.974496841430664 10.440369889140127
leaf_count=152 55 149 64 163 91 187 40 234 112 168 142 100 113 42
internal_value=0 0.00667973 -0.00410103 0.0166018 -0.00579042 0.000711771 -0.0270903 0.00778682 0.0202849 -0.0178341 -0.0242069 0.0286911 0.00356117 -0.00787575
internal_weight=0 194.193 92.0019 102.191 253.364 163.492 32.1617 131.33 73.7576 89.8719 76.3114 61.7475 76.1743 48.1998
internal_count=1812 783 371 412 1029 664 131 533 299 365 310 249 307 194
is_linear=0
shrinkage=0.05


Tree=17
num_leaves=15
num_cat=0
split_feature=12 11 5 26 14 9 28 0 12 27 10 21 21 12
split_gain=9.46299 11.1924 11.1557 9.96527 9.07252 8.44374 8.24951 7.84095 7.06962 6.5042 5.81395 5.5901 4.66858 4.42068
threshold=0.7353000044822694 -3.7888499498367305 0.72949999570846569 0.22775000333786014 19.500000000000004 -2.2465000152587886 7.3085501194000253 -0.45484998822212214 8.2604002952575701 1.2464500069618227 -5.6967501640319815 1.0079999566078188 0.30224999785423284 4.7441000938415536
decision_type=2 2 10 8 2 10 8 2 2 10 8 2 2 2
left_child=1 9 8 4 6 10 -3 13 -2 -1 -4 -9 -11 -7
right_child=2 3 5 -5 -6 7 -8 11 -10 12 -12 -13 -14 -15
leaf_value=0.0068414755896155262 -0.029709881038717575 0.005243392703527883 0.053744839653053204 -0.03579123592225697 0.038509553789866473 -0.052122293411729616 0.046244029276275633 0.0096843740583524504 0.013674372284954679 -0.04186234221889943 0.0058535139873056837 -0.024595855597861163 0 -0.0053772164224733347
leaf_weight=20.001363411545753 65.327891871333122 145.92660263180733 10.197480604052542 9.8410182893276197 31.790431618690491 12.113294258713724 13.232366755604742 52.045363336801529 9.8034870028495771 21.080958127975467 19.419941276311878 14.746275350451468 10.641866296529768 10.870592117309569
leaf_count=81 268 589 41 40 129 49 54 210 40 86 78 60 43 44
internal_value=0 0.0060215 -0.00862975 0.0114322 0.0140836 0.000682558 0.00894289 -0.00675379 -0.0236654 -0.014412 0.0237914 0.00161794 -0.0284865 -0.0316632
internal_weight=0 252.515 194.524 200.79 190.949 119.393 159.159 89.7755 75.1314 51.7242 29.6174 66.7916 31.7228 22.9839
internal_count=1812 1022 790 812 772 482 643 363 308 210 119 270 129 93
is_linear=0
shrinkage=0.05


Tree=18
num_leaves=15
num_cat=0
split_feature=31 26 3 1 25 26 15 25 4 10 4 3 5 4
split_gain=8.20703 9.85176 7.20424 7.8032 7.38225 6.05585 8.81409 5.51335 5.01894 4.7627 4.71134 4.56399 4.61953 3.77293
threshold=1.5000000000000002 -0.43529999256134028 37.185750961303718 0.53249999880790722 -0.87680000066757191 -1.0468999743461607 3.5000000000000004 0.16894999891519549 9.1305999755859393 3.7562999725341801 12.922200202941896 16.956749916076664 0.53349998593330394 42.137001037597663
decision_type=2 8 2 2 2 8 2 2 2 10 2 2 10 2
left_child=1 2 3 13 -5 11 10 -8 -4 -10 -7 -2 -13 -1
right_child=5 -3 8 4 -6 6 7 -9 9 -11 -12 12 -14 -15
leaf_value=-0.010523151307321656 0.029900944237388934 0.027808378512608697 -0.009818225309300127 -0.027835027311991129 0.0035584636578917875 -0.012448867097347294 0.017668394116483382 -0.026727116642794941 0.025676390988107884 -0.0020791004283824683 -0.056155141678643085 -0.035170391365966856 0.0032602211682836372 -0.045409194637570961
leaf_weight=22.178527697920799 10.088198781013487 36.446677207946777 18.962492421269417 20.76775087416172 155.73073576390743 11.816139310598375 15.124182656407358 12.02490298449993 54.173200100660324 19.213415145874023 19.654975369572639 10.195126727223395 25.53196670114994 14.500397324562071
leaf_count=90 41 148 77 85 631 48 61 49 220 78 80 42 103 59
internal_value=0 0.0034114 0.000378675 -0.00459034 -6.24131e-05 -0.012565 -0.0231533 -0.00121886 0.0120813 0.0181064 -0.0409785 0.000546587 -0.00735035 -0.0254124
internal_weight=0 341.973 305.527 213.177 176.498 104.435 58.6202 27.1491 92.3491 73.3866 31.4711 45.8153 35.7271 36.6789
internal_count=1812 1388 1240 865 716 424 238 110 375 298 128 186 145 149
is_linear=0
shrinkage=0.05


Tree=19
num_leaves=15
num_cat=0
split_feature=27 28 28 10 10 10 11 26 1 25 11 27 5 27
split_gain=5.99714 8.34065 13.6608 9.87343 14.607 9.0987 7.9796 5.25814 5.60122 5.48478 7.15034 4.67666 5.46815 4.00295
threshold=1.4534000158309939 2.9936000108718877 3.4476500749588017 4.0745000839233407 -8.1514501571655256 2.0971000194549565 0.15754999965429309 -0.44955000281333918 0.70949998497962963 -0.9087499976158141 -1.4387499690055845 0.55860000848770153 0.72949999570846569 1.9411000013351443
decision_type=8 10 10 10 10 10 2 8 2 2 2 10 10 8
left_child=7 5 -3 4 -4 -2 -5 8 11 -10 -11 -1 -13 -7
right_child=1 2 3 6 -6 13 -8 -9 9 10 -12 12 -14 -15
leaf_value=-0.019787823081263263 -0.040574473819599721 0.04538702202439427 -0.023861998871314502 0.012509495912047197 0.017066808789570634 0.023388457329976166 -0.032835679892233745 0.030262426936295585 -0.020126364295484263 0.033898464021774107 0.004999768857334796 -0.0064839232128881099 0.028390474701894586 -0.01990837015520389
leaf_weight=37.36404649913311 31.12048751115799 14.098470017313955 31.219219580292702 11.394048810005186 68.044919490814209 10.398090854287146 41.619917169213295 19.040471762418747 12.253955692052839 31.46843233704567 73.76770693063736 39.64511626958847 14.883556202054022 9.7851166427135485
leaf_count=151 127 57 128 46 277 42 171 77 50 127 298 161 60 40
internal_value=0 -0.00626346 -0.000651424 -0.00521206 0.00388876 -0.0237986 -0.0225969 0.00531556 0.00286118 0.010156 0.0139971 -0.00619961 0.00275218 0.00121498
internal_weight=0 217.68 166.377 152.278 99.2641 51.3037 53.014 228.423 209.383 117.49 105.236 91.8927 54.5287 20.1832
internal_count=1812 888 679 622 405 209 217 924 847 475 425 372 221 82
is_linear=0
shrinkage=0.05


Tree=20
num_leaves=12
num_cat=0
split_feature=29 5 28 3 22 5 22 10 24 28 0
split_gain=7.70378 6.33499 11.357 5.67779 6.41888 5.48927 5.03411 3.96546 4.86045 3.41386 0.826354
threshold=-8.421900272369383 0.72949999570846569 1.4759999513626101 12.539299964904787 -0.18604999780654904 0.77949997782707225 1.3593499660491946 -11.146450042724608 -0.16775000095367429 3.1509499549865727 0.028150000609457496
decision_type=10 10 8 2 2 10 2 10 2 10 2
left_child=-1 2 -2 4 -4 9 -5 10 -9 -3 -7
right_child=1 5 3 6 -6 7 -8 8 -10 -11 -12
leaf_value=0.037098276366520397 0.031612254836195584 0.0071489333269989259 -0.051508105831937059 -0.0028388342025259792 -0.0076868941515783606 -0.0045266187840112245 -0.038479646136692004 0.014406722467473371 -0.00099309569895556123 0.049092121261494807 -0.028940756149408504
leaf_weight=13.813540875911711 16.094521149992943 12.125576689839365 16.793828934431076 115.0247897207737 19.657254904508591 9.8315958976745623 10.641686007380484 78.351532340049744 138.6148289591074 10.376294508576391 10.00112836062908
leaf_count=56 65 49 69 470 80 40 44 317 562 42 41
internal_value=0 -0.000128884 -0.0074299 -0.0115449 -0.0289767 0.00479736 -0.00619565 0.00241113 0.00447351 0.0282238 -0.0184765
internal_weight=0 437.513 178.212 162.118 36.4511 259.301 125.666 236.799 216.966 22.5019 19.8327
internal_count=1835 1779 728 663 149 1051 514 960 879 91 81
is_linear=0
shrinkage=0.05


Tree=21
num_leaves=9
num_cat=0
split_feature=29 25 12 10 27 12 29 15
split_gain=7.00201 10.4298 10.0851 10.2489 11.2436 8.53141 8.44508 6.07454
threshold=-8.421900272369383 -1.066799998283386 0.7353000044822694 2.9053999185562138 1.2671000361442568 8.3924503326416033 -0.39959999918937678 2.5000000000000004
decision_type=10 2 2 10 10 2 8 2
left_child=-1 -2 6 5 -5 -4 7 -3
right_child=1 2 3 4 -6 -7 -8 -9
leaf_value=0.03540535417782345 -0.041423738684395722 0.0016316930211177872 -0.025345024305991493 0.027391151415340445 -0.007964564243208164 0.020842159480004993 -0.026719253954093709 0.018621385484867307
leaf_weight=13.775211244821547 14.311215087771414 101.89650815725327 78.74564565718174 32.954213008284569 66.796184822916985 10.459611237049101 15.250764608383177 116.83479486405849
leaf_count=56 59 414 321 133 274 42 62 474
internal_value=0 -0.000130359 0.00125513 -0.00725603 0.00354477 -0.0195647 0.00823589 0.0108425
internal_weight=0 437.249 422.938 188.956 99.7504 89.2053 233.982 218.731
internal_count=1835 1779 1720 770 407 363 950 888
is_linear=0
shrinkage=0.05


Tree=22
num_leaves=15
num_cat=0
split_feature=5 28 3 22 28 6 6 22 30 4 22 12 28 30
split_gain=6.75854 9.79039 6.11833 6.95856 5.50962 7.50223 8.88838 4.9095 8.17072 4.85267 4.40996 4.17559 9.54797 9.87093
threshold=0.72949999570846569 1.4759999513626101 12.539299964904787 -0.18604999780654904 3.64740002155304 0.82279998064041149 0.78595000505447399 1.3593499660491946 4.9025499820709237 22.271800041198734 -1.8882499933242796 0.70655000209808361 2.4841001033782963 1.8181499838829043
decision_type=10 8 2 2 8 10 10 2 10 2 2 2 10 10
left_child=1 -1 3 -3 11 6 9 8 -4 -6 -7 -2 13 -13
right_child=4 2 7 -5 5 10 -8 -9 -10 -11 -12 12 -14 -15
leaf_value=0.02981112770282961 0.0068853026186313547 -0.050919934130236155 -0.0060043622880684416 -0.0060897164842178024 0 0.017769208804053596 0.065422044775653096 -0.036691996553538678 0.038634276019212155 0.026833985349527259 -0.014752920814376701 -0.009827017094361153 -0.028285284883508191 0.04838325630340054
leaf_weight=16.060499578714371 81.869211092591286 17.408993229269981 106.56315650045872 19.873737037181854 28.872078791260719 15.689843147993086 10.535057619214056 10.585170194506643 10.787162452936171 39.716755241155624 27.822140246629715 20.348679512739185 34.008667290210724 10.38675247132778
leaf_count=65 332 72 436 81 117 64 43 44 44 161 114 82 138 42
internal_value=0 -0.00649592 -0.0102554 -0.0280815 0.00596074 0.0137653 0.0229222 -0.00477681 -0.00154242 0.0156062 -0.0023892 -0.000422085 -0.0100274 0.00950383
internal_weight=0 181.279 165.218 37.2827 269.249 122.636 79.1239 127.935 117.35 68.5888 43.512 146.613 64.7441 30.7354
internal_count=1835 742 677 153 1093 499 321 524 480 278 178 594 262 124
is_linear=0
shrinkage=0.05


Tree=23
num_leaves=15
num_cat=0
split_feature=27 27 12 6 12 9 10 27 2 24 10 6 12 24
split_gain=5.9258 6.76358 7.95325 12.4446 7.99939 5.94934 8.6561 5.89094 6.86529 5.39597 5.12192 5.84935 7.73332 5.94923
threshold=0.97145000100135814 2.6916500329971318 -9.2734999656677228 0.81909999251365673 2.9822000265121464 3.0732499361038212 -12.073150157928465 0.81584998965263378 40.838249206542976 0.23115000128746035 -7.2616500854492179 0.3538499921560288 0.7353000044822694 -0.16775000095367429
decision_type=8 10 2 10 2 10 10 10 2 2 10 10 2 2
left_child=7 5 -3 4 -4 6 -2 10 -9 -8 -1 13 -13 -12
right_child=1 2 3 -5 -6 -7 9 8 -10 -11 11 12 -14 -15
leaf_value=0.026350700222277819 -0.047279222918608477 0.041195623988169026 0.026646058434364451 -0.024000352596616741 -0.0096497721705049201 0.021958093867012474 -0.0030791389676857002 0.050328700170721496 0 -0.027190930696149074 0.041846033451693215 0.0075950621635100385 -0.022393900330062343 0
leaf_weight=21.316639289259911 15.823512881994246 13.580111369490622 41.75721050798893 32.562469378113747 22.105902373790741 12.729523688554762 115.22149726748466 15.779340147972109 10.127549454569815 29.721944183111191 13.821310758590696 41.433940544724464 42.039299145340919 22.083629727363586
leaf_count=87 66 56 170 134 91 52 468 64 41 122 56 168 171 89
internal_value=0 -0.00348581 0.00605737 0.00066376 0.0137167 -0.00968039 -0.0124009 0.00836349 0.0301924 -0.00827184 0.00407428 0 -0.00725386 0.0167426
internal_weight=0 283.502 110.006 96.4256 63.8631 173.496 160.767 166.602 25.9069 144.943 140.695 119.378 83.4732 35.9049
internal_count=1835 1159 451 395 261 708 656 676 105 590 571 484 339 145
is_linear=0
shrinkage=0.05


Tree=24
num_leaves=15
num_cat=0
split_feature=11 11 11 11 26 11 27 7 7 31 7 7 28 11
split_gain=6.2716 8.45005 18.4082 10.4684 10.8822 8.28586 7.19163 5.84265 11.1223 5.33367 4.54809 4.34874 3.85795 3.85224
threshold=3.8591500520706181 1.9160000085830691 1.1176499724388125 0.5990000069141389 -2.6747499704360957 7.3472499847412118 5.915299892425538 0.70829999446868908 0.95745000243186962 1.5000000000000002 0.63295000791549694 0.6366499960422517 4.1480998992919931 2.6638499498367314
decision_type=2 2 2 2 10 2 10 10 10 2 8 10 10 2
left_child=1 2 3 6 -5 12 -1 10 -9 11 13 -4 -2 -3
right_child=5 7 9 4 -6 -7 -8 8 -10 -11 -12 -13 -14 -15
leaf_value=-0.001164624737188896 0.051328089690038638 -0.038213673900497971 0.053934557352328938 0.010003809251150561 -0.048650869965755239 -0.017001296573080429 0.036262940636825246 0.039780305631676068 -0.031084426945148909 0 -0.058347588556873692 0.012899351994843756 0.014258234990247101 0
leaf_weight=253.27395591139793 14.06752574443817 12.059449777007105 22.628633424639702 10.898695409297941 22.381857201457024 11.115550354123114 12.99165230989456 10.03804847598076 11.075037047266958 10.817277595400808 10.563359409570692 12.03020855784416 19.678127333521843 15.843666210770605
leaf_count=1033 57 50 92 44 91 46 53 41 46 44 44 49 80 65
internal_value=0 -0.0011061 0.00183899 -0.00260125 -0.0288388 0.0184728 0.000632374 -0.0184504 0.00159179 0.0313404 -0.0299719 0.0407882 0.0309653 -0.0175114
internal_weight=0 404.602 345.022 299.546 33.2806 44.8612 266.266 59.5796 21.1131 45.4761 38.4665 34.6588 33.7457 27.9031
internal_count=1835 1652 1406 1221 135 183 1086 246 87 185 159 141 137 115
is_linear=0
shrinkage=0.05


Tree=25
num_leaves=15
num_cat=0
split_feature=11 26 6 1 25 6 8 31 6 6 8 1 11 3
split_gain=8.24538 11.7791 10.8531 10.0093 9.11192 6.90945 9.00342 6.31883 5.80533 6.4475 6.51009 5.50311 5.13122 4.7749
threshold=-2.6623500585556026 -1.0600500106811521 0.33230000734329229 0.88409999012947094 0.41490000486373907 0.32389999926090246 0.38605000078678137 -2.4999999999999996 0.39649999141693121 0.54030001163482677 1.348100006580353 0.67010000348091137 3.8591500520706181 6.99650001525879
decision_type=2 8 10 2 2 10 8 2 10 10 10 2 2 2
left_child=7 2 -2 12 5 6 -3 -1 -9 -10 -11 -7 -4 -5
right_child=1 4 3 13 -6 11 -8 8 9 10 -12 -13 -14 -15
leaf_value=0.014045540168361993 0.052652464643330545 -0.0003733444981964631 -0.0079317635328783748 0.04052867218640871 -0.032519744094542072 0.024556667531645961 -0.059072245836910398 -0.053574458863116362 0.021634685304456905 -0.026203165775633266 0.013402040585564188 -0.0031690596559948779 0.026971901290027814 0.012555062469265608
leaf_weight=17.257879808545113 14.106875807046888 20.277940958738327 88.019696235656738 20.151912122964859 29.264287337660789 28.005828529596329 9.8062730282545107 10.138482242822645 10.608661666512488 54.159432306885719 11.569996744394301 44.486707672476768 11.262311816215513 84.803617238998413
leaf_count=70 57 82 361 82 121 114 40 41 43 222 47 182 46 346
internal_value=0 0.00353637 0.0107026 0.00756149 -0.00813849 -0.000816182 -0.0209772 -0.0124785 -0.0181095 -0.0127561 -0.0188057 0.00729448 -0.00360652 0.0183299
internal_weight=0 350.185 218.344 204.238 131.841 102.577 30.0842 103.734 86.4766 76.3381 65.7294 72.4925 99.282 104.956
internal_count=1854 1431 892 835 539 418 122 423 353 312 269 296 407 428
is_linear=0
shrinkage=0.05


Tree=26
num_leaves=15
num_cat=0
split_feature=12 11 26 22 12 24 11 10 7 7 26 7 12 5
split_gain=7.82757 14.1991 14.2633 9.59849 14.1528 7.78598 13.9188 7.3888 6.67309 11.0404 6.48331 6.28334 5.98695 4.793
threshold=2.1158999204635625 -2.6623500585556026 -0.97505000233650196 -1.4120500087738035 3.8761999607086186 0.14289999753236773 0.099249999970197691 3.3989000320434575 0.70829999446868908 0.59865000844001781 -0.69335001707077015 0.95269998908042919 0.30030000954866415 1.9315000176429751
decision_type=2 2 8 2 2 2 2 10 10 10 10 10 2 10
left_child=1 -1 7 -2 -5 6 -4 13 9 -6 -7 -10 -9 -3
right_child=3 2 5 4 8 10 -8 12 11 -11 -12 -13 -14 -15
leaf_value=-0.012987660826305897 0.020456190514036049 0.022799035125252737 -0.016978096881784584 -0.045021327415868007 0.0089282229478914073 -0.054458138466281364 0.036440551625900146 -0.026951783233634966 0.027005159019018149 -0.037076609712830715 -0.0078102743735479711 -0.011089648299830661 0.022344993351085595 0.060643587744343266
leaf_weight=84.212381094694138 21.233848437666893 100.88834428787231 23.267129942774773 29.822723269462585 21.429806083440781 9.8260242044925672 23.894568860530853 12.655599504709246 22.707200676202774 29.670587331056595 34.312224060297012 18.771534115076065 10.826104044914244 10.02890534698963
leaf_count=344 86 412 95 123 88 40 97 51 92 123 140 78 44 41
internal_value=0 0.00434768 0.0109407 -0.00975058 -0.0152561 -0.00407188 0.0096604 0.0213017 -0.00520879 -0.0173997 -0.0192487 0.00924277 -0.00318931 0.026702
internal_weight=0 309.911 225.699 143.636 122.402 91.2999 47.1617 134.399 92.5791 51.1004 44.1382 41.4787 23.4817 110.917
internal_count=1854 1264 920 590 504 372 192 548 381 211 180 170 95 453
is_linear=0
shrinkage=0.05


Tree=27
num_leaves=15
num_cat=0
split_feature=12 11 23 27 11 5 26 23 8 27 12 27 2 27
split_gain=7.15301 11.9656 12.2511 13.2409 11.0642 7.53644 13.4396 13.2411 9.11894 6.4276 5.53169 4.56284 2.31624 1.72844
threshold=0.7353000044822694 3.5311000347137456 1.6381500363349917 3.8663499355316167 -3.9781998395919795 0.5704999864101411 -1.1833000183105467 1.8170000314712527 1.0952500104904177 1.351949989795685 5.5082499980926523 2.4491000175476079 31.909099578857425 0.81584998965263378
decision_type=2 2 2 10 2 10 10 2 10 10 2 10 2 8
left_child=1 2 3 4 -1 9 7 10 11 13 -7 -8 -11 -2
right_child=5 -3 -4 -5 -6 6 8 -9 -10 12 -12 -13 -14 -15
leaf_value=-0.019620271384910726 -0.016688539659932122 0.048101831853292504 -0.035615677884035225 0.051023870787450853 0.008550405354459327 -0.0063082902606115118 -0.018784533960635882 0.05798065913965024 -0.051083399182222836 -0.019085033122945273 0.021092466437022533 0.018068616297186049 -0.05474741435745395 0.010468495626863389
leaf_weight=43.474953517317772 11.413007318973539 14.974625334143637 18.694941893219948 14.725728958845137 163.98704868555069 57.111815437674522 24.823044031858444 11.850907504558561 17.31237381696701 11.504452064633371 26.261694103479385 11.565769076347349 14.933759465813635 10.218965217471125
leaf_count=179 48 61 76 61 668 232 101 48 72 49 106 47 64 42
internal_value=0 0.00538788 0.00253483 0.00592986 0.00249387 -0.00727154 -0.00150867 0.00958117 -0.0215417 -0.0244113 0.00209885 -0.00630733 -0.0407994 -0.00278327
internal_weight=0 255.857 240.883 222.188 207.462 196.996 148.926 95.2244 53.7012 48.0702 83.3735 36.3888 26.4382 21.632
internal_count=1854 1045 984 908 847 809 606 386 220 203 338 148 113 90
is_linear=0
shrinkage=0.05


Tree=28
num_leaves=15
num_cat=0
split_feature=12 11 29 7 0 10 10 12 9 12 28 12 14 2
split_gain=6.72574 12.0948 9.25896 10.8069 12.3729 7.33307 7.07058 13.3541 14.9954 6.98909 6.65359 6.44044 5.84447 5.17114
threshold=2.1158999204635625 -2.6623500585556026 -1.3820999860763548 0.65219998359680187 0.41544999182224279 3.3989000320434575 2.9053999185562138 5.5082499980926523 -3.8536000251770015 -0.11374999955296515 2.4841001033782963 0.30030000954866415 17.500000000000004 24.165699958801273
decision_type=2 2 10 10 2 10 10 2 10 2 10 2 2 2
left_child=1 -1 5 9 -5 12 7 8 -2 -4 -8 -7 -3 -12
right_child=6 2 3 4 -6 11 10 -9 -10 -11 13 -13 -14 -15
leaf_value=-0.011976466470565298 0.014331628049061719 0.016794068702605466 9.4402043843956252e-05 0.057748060725453965 -0.012193096072930544 -0.03207725443634353 0.029033331037752144 0.015807481479142713 -0.051211406698504006 -0.031578267345070146 -0.028353064956090492 0.019017087255344633 0.044732118090795157 0.002105745267550595
leaf_weight=84.034753173589706 10.578263118863104 79.528939574956894 44.49579706788063 13.602457568049433 10.315642952919005 11.663911163806917 16.017168521881104 16.291626498103142 35.288907095789909 26.575587332248688 18.713567778468132 11.562199413776396 27.317178264260292 46.064370512962341
leaf_count=344 43 325 181 56 42 47 65 66 147 109 78 47 113 191
internal_value=0 0.0040274 0.0101271 -0.00150005 0.0269273 0.018783 -0.00906744 -0.0216825 -0.0355646 -0.0115375 0.000403931 -0.00572352 0.0243449 -0.00646024
internal_weight=0 309.096 225.062 94.9895 23.9181 130.072 142.954 62.1588 45.8672 71.0714 80.7951 23.2261 106.846 64.7779
internal_count=1854 1264 920 388 98 532 590 256 190 290 334 94 438 269
is_linear=0
shrinkage=0.05


Tree=29
num_leaves=12
num_cat=0
split_feature=22 7 7 7 9 27 12 9 6 15 3
split_gain=6.91383 6.23152 8.52628 8.2288 11.156 12.354 9.64751 9.41161 7.83509 6.53431 2.82979
threshold=3.1468000411987309 1.1061999797821047 1.4338499903678896 0.70829999446868908 -3.6218500137329097 1.2464500069618227 2.1158999204635625 3.1707000732421879 0.63820001482963573 1.0000000180025095e-35 31.364199638366703
decision_type=2 8 10 10 10 10 2 10 10 2 2
left_child=1 3 10 6 5 -5 7 -1 -8 -6 -3
right_child=-2 2 -4 4 9 -7 8 -9 -10 -11 -12
leaf_value=0.0063565742599299624 -0.039299978216755939 -0.056956742409466792 0.012283552259118549 0.019574030609887997 0.051560232850607214 -0.054408282790167788 -0.026513139073969755 -0.040079447610638141 0.0069771956326208934 0.014810025355162779 -0.014621129710366297
leaf_weight=197.99737498164177 10.474869906902311 11.059354692697527 11.692640975117682 10.030291423201563 14.937780320644377 11.0296164304018 57.35356305539608 10.952350988984106 23.264616847038269 82.733267545700073 9.6935305893421155
leaf_count=807 44 46 48 41 62 46 238 45 96 341 40
internal_value=0 0.000871424 -0.0199619 0.00261049 0.0136917 -0.0183761 -0.0018627 0.00371335 -0.0165569 0.0209192 -0.0391676
internal_weight=0 440.744 32.4455 408.299 118.731 21.0599 289.568 208.95 80.6182 97.671 20.7529
internal_count=1854 1810 134 1676 490 87 1186 852 334 403 86
is_linear=0
shrinkage=0.05


Tree=30
num_leaves=14
num_cat=0
split_feature=5 7 1 14 7 7 10 10 7 4 2 12 21
split_gain=6.26188 5.24389 9.93853 7.06322 6.11901 5.88262 9.58945 8.67283 5.85746 5.08779 5.65053 5.00478 4.26775
threshold=2.1670000553131108 0.4184000045061112 0.50104999542236339 7.5000000000000009 0.35060000419616705 1.0712000131607058 -2.8911000490188594 -17.702700614929196 0.62545001506805431 42.137001037597663 60.885950088500984 0.11380000133067371 0.090050000697374358
decision_type=10 10 2 2 10 10 10 10 10 2 2 2 2
left_child=1 3 8 -1 -5 6 -4 -7 12 10 -2 -6 -3
right_child=9 2 5 4 11 7 -8 -9 -10 -11 -12 -13 -14
leaf_value=0.039789616922932723 -0.017726879562775726 -0.049026569441042736 0.014899088558088969 -0.024368175422443142 0.039514326950538671 0.018775567301873568 -0.0052255799006178071 -0.033837982788929626 0.0006649297628190515 0.048158148273124271 0.027799991331354346 -0.0050800621398252189 -0.0070536298273946758
leaf_weight=15.705395534634588 11.904979363083841 22.937139764428139 88.707331746816635 14.724529460072516 11.32342265546322 9.7776663750410062 173.79316507279873 27.909034669399261 13.049425676465033 10.508917570114134 13.936616420745848 11.44104817509651 10.443670839071272
leaf_count=64 49 94 366 60 46 40 714 116 54 43 57 47 43
internal_value=0 -0.0022155 -0.004515 0.0122051 0 -0.00108089 0.00149553 -0.0194658 -0.0259369 0.0193106 0.00593875 0.0163998 -0.0369305
internal_weight=0 399.812 346.617 53.1944 37.489 300.187 262.5 37.6867 46.4302 36.3505 25.8416 22.7645 33.3808
internal_count=1793 1644 1427 217 153 1236 1080 156 191 149 106 93 137
is_linear=0
shrinkage=0.05


Tree=31
num_leaves=15
num_cat=0
split_feature=31 5 23 25 10 8 14 7 30 7 30 7 30 14
split_gain=6.26876 6.48204 6.85216 5.6079 7.33472 7.23404 6.51749 5.43426 5.10892 4.45999 6.76444 4.40388 4.13231 3.68553
threshold=1.5000000000000002 0.57850000262260448 -2.8970999717712398 -0.30770000815391535 0.78944998979568493 0.72574999928474437 9.5000000000000018 1.1061999797821047 2.681650042533875 0.44089999794960028 1.337400019168854 0.92235001921653759 0.90290001034736644 12.500000000000002
decision_type=2 10 2 2 10 10 2 10 8 10 8 10 8 2
left_child=1 2 -1 8 -5 6 -6 11 -2 -4 -11 12 -3 -13
right_child=3 7 9 4 5 -7 -8 -9 -10 10 -12 13 -14 -15
leaf_value=0.027226860954673172 -0.0084273105941968084 -0.0032242898968621106 0.015449520400685214 -0.035732780500408359 -0.016954472283143805 -0.035270599451357569 0.030107118805344085 -0.019038494714428689 0.033950196316074953 -0.046728980710716538 -0.0090166648787553035 0.045805293440245406 0.01171300122683773 0.00727958658859183
leaf_weight=10.851944655179976 17.605857416987423 67.744071513414383 9.998920798301695 33.395017609000206 11.772816106677057 12.195893824100493 16.63677966594696 17.233082786202431 10.703992828726767 16.161087334156036 52.104345723986626 14.221819266676905 131.00188559293747 14.265569120645521
leaf_count=45 72 276 41 138 48 51 68 71 44 67 218 58 537 59
internal_value=0 0.00294198 -0.00844255 -0.0111691 -0.0184709 -0.00340421 0.00978429 0.00720285 0.00703905 -0.0138472 -0.018583 0.00934017 0.00650072 0.0278336
internal_weight=0 333.583 89.1163 102.31 74.0005 40.6055 28.4096 244.466 28.3099 78.2644 68.2654 227.233 198.746 28.4874
internal_count=1793 1372 371 421 305 167 116 1001 116 326 285 930 813 117
is_linear=0
shrinkage=0.05


Tree=32
num_leaves=10
num_cat=0
split_feature=5 9 6 24 7 1 5 4 9
split_gain=5.74195 5.042 9.19454 6.57864 4.83596 8.37561 8.07476 4.54937 3.11122
threshold=2.1670000553131108 -5.4034500122070304 1.0568000078201296 -1.0375500321388242 0.37714999914169317 0.41960000991821295 1.1589999794960024 42.137001037597663 -0.46484999358654017
decision_type=10 10 10 2 10 2 10 2 8
left_child=1 2 -1 -3 6 -6 -5 8 -2
right_child=7 3 -4 4 5 -7 -8 -9 -10
leaf_value=0.04957477744335434 0.024273253321691227 -0.042490610183858843 -0.0098125686798076709 0.029381288491554781 -0.029337974160697135 -0.0017292669425559553 -0.020967628562951073 0.045921252958517289 -0.0091928880950047902
leaf_weight=12.239610224962236 12.189668506383894 10.142144799232481 11.928743392229078 26.499296143651009 30.114590376615524 298.05799560248852 10.301655784249304 10.459661945700644 13.621806234121324
leaf_count=50 50 42 49 108 124 1229 42 43 56
internal_value=0 -0.00210177 0.0196448 -0.00359372 -0.00238777 -0.00437961 0.0145248 0.018533 0.00582253
internal_weight=0 399.284 24.1684 375.116 364.974 328.173 36.801 36.2711 25.8115
internal_count=1793 1644 99 1545 1503 1353 150 149 106
is_linear=0
shrinkage=0.05


Tree=33
num_leaves=15
num_cat=0
split_feature=31 25 10 3 3 3 1 3 3 7 9 1 29 11
split_gain=5.63096 5.08565 6.5457 5.27393 4.31088 7.59256 6.41252 5.64403 8.83215 5.54191 4.20003 3.96427 3.72119 3.57593
threshold=1.5000000000000002 -0.30770000815391535 0.48974999785423284 28.174399375915531 71.654048919677749 41.704898834228523 0.5238499939441682 28.43805027008057 30.578350067138675 0.44789999723434454 -2.1332999467849727 1.2318000197410586 -0.97200000286102284 0.69999998807907116
decision_type=2 2 10 2 2 2 2 2 2 10 10 2 10 2
left_child=4 10 12 -4 5 7 -7 9 -9 -1 -2 -8 -3 -5
right_child=1 2 3 13 -6 6 11 8 -10 -11 -12 -13 -14 -15
leaf_value=0.022990290913248234 -0.0075590790128948759 -0.016140286444202252 0.014777033588926415 2.1338143774210658e-05 -0.027154147265695091 -0.0072150083633086342 0.037075775781218318 -0.051684606427264683 -0.0033957262883158377 0.00046143982265693369 0.030572999050530337 0.0011091870640553547 -0.053416703101872298 -0.03768111922193905
leaf_weight=32.999945193529129 17.260769575834278 17.890922918915749 19.082125127315521 9.7233372181653994 10.900974422693251 15.169410139322279 35.20102758705616 11.355032816529272 54.776096314191818 161.1658128798008 11.03914053738117 11.655155435204504 14.663469925522802 12.440334379673002
leaf_count=134 71 74 78 40 45 62 145 47 226 665 45 48 61 52
internal_value=0 -0.0105878 -0.0175617 -0.0035458 0.00279823 0.00392915 0.0195771 7.41854e-05 -0.012388 0.00446803 0.00671985 0.0287634 -0.0342411 -0.0204022
internal_weight=0 102.1 73.8002 41.2458 333.223 322.322 62.0256 260.297 66.1311 194.166 28.2999 46.8562 32.5544 22.1637
internal_count=1793 421 305 170 1372 1327 255 1072 273 799 116 193 135 92
is_linear=0
shrinkage=0.05


Tree=34
num_leaves=15
num_cat=0
split_feature=11 11 11 26 11 11 9 27 12 11 30 29 1 1
split_gain=4.7901 15.8548 10.6227 10.0847 9.51911 7.39905 7.38094 7.42504 7.35109 8.65408 6.53252 6.17254 6.03696 6.09385
threshold=0.5990000069141389 1.1176499724388125 1.8026000261306765 -2.6966999769210811 2.6638499498367314 -3.4924000501632686 -4.8633999824523917 0.8916500210762025 -5.8969500064849845 -1.0414999723434446 2.0194499492645268 -4.0763998031616202 1.3266499638557436 0.73639997839927684
decision_type=2 2 2 10 2 2 10 10 2 2 10 10 2 2
left_child=5 3 -3 -2 -4 6 10 -8 9 -7 -1 -9 13 -10
right_child=1 2 4 -5 -6 8 7 11 12 -11 -12 -13 -14 -15
leaf_value=0.031861332455872908 0.0010095476391339898 0.021627993326288043 -0.03314238289809928 -0.056651307193549529 0.00089206575766467085 0.050567631457882657 0.0062069822481055741 -0.063340817080994413 0.009579789775567402 -0.0038961575773050839 -0.014438216548635084 -0.016040180591785958 0.027700752936461678 -0.012405538380275458
leaf_weight=16.179094299674038 10.109188109636305 41.440947458148003 27.442565947771072 22.179459244012833 72.554475739598274 20.176117256283764 15.935080483555792 11.619249850511546 75.688373789191246 9.9141694009304029 12.768268853425978 22.06292882561684 23.775414615869522 53.137569695711136
leaf_count=66 41 170 116 91 302 85 65 49 309 41 53 90 97 218
internal_value=0 -0.00676088 0.000325387 -0.0380958 -0.0083178 0.00393184 -0.0086979 -0.0205028 0.00950851 0.0320352 0.0106919 -0.0337766 0.00481324 0.000305164
internal_weight=0 173.727 141.438 32.2886 99.997 261.256 78.5646 49.6173 182.692 30.0903 28.9474 33.6822 152.601 128.826
internal_count=1793 720 588 132 418 1073 323 204 750 126 119 139 624 527
is_linear=0
shrinkage=0.05


Tree=35
num_leaves=11
num_cat=0
split_feature=22 11 11 21 11 29 6 23 7 28
split_gain=7.58028 7.08482 8.85003 8.31226 9.47314 7.51471 6.39469 6.10728 6.67893 7.00494
threshold=3.1468000411987309 3.5311000347137456 2.0775001049041752 1.4096499681472781 1.1176499724388125 -2.0195500850677486 0.60864999890327465 2.6338499784469609 0.6716500222682954 4.2100999355316171
decision_type=2 2 2 2 2 10 10 2 10 10
left_child=1 2 3 4 -1 6 -4 8 -3 -10
right_child=-2 7 5 -5 -6 -7 -8 -9 9 -11
leaf_value=-0.0032225960492934767 -0.041827446150798468 0 -0.030698784317181666 0.045850326009464919 0.021260881828527752 -0.04652588446300876 0.016849660502378572 -0.0067516425114022231 0.077253380968234267 0.018768668934004716
leaf_weight=282.54581199586391 10.015213578939436 11.776807025074957 12.308395251631739 9.7858198136091215 45.400019213557243 18.036774829030037 14.831216484308241 14.90447762608528 9.7858798801898974 14.1430177539587
leaf_count=1163 42 49 51 40 186 78 61 62 40 58
internal_value=0 0.00113134 -0.00113971 0.00158276 0.000117927 -0.0218344 -0.00397532 0.0186459 0.0298849 0.0448014
internal_weight=0 433.518 382.908 337.732 327.946 45.1764 27.1396 50.6102 35.7057 23.9289
internal_count=1830 1788 1579 1389 1349 190 112 209 147 98
is_linear=0
shrinkage=0.05


Tree=36
num_leaves=14
num_cat=0
split_feature=22 30 14 12 27 27 30 24 12 2 27 9 25
split_gain=6.91294 5.34643 8.4186 9.44811 8.11604 7.88315 5.48327 5.06739 5.71156 4.34049 4.72429 3.99922 3.05503
threshold=3.1468000411987309 3.1964999437332158 18.500000000000004 0.97920000553131115 1.2064500451087954 0.81584998965263378 0.92339998483657848 0.39519999921321874 1.4834500551223757 38.507848739624031 2.5156999826431279 1.0000000180025095e-35 0.36519999802112585
decision_type=2 8 2 2 8 10 10 2 2 2 10 10 2
left_child=1 4 9 -4 5 6 -1 8 -6 12 -11 -7 -3
right_child=-2 2 3 -5 7 11 -8 -9 -10 10 -12 -13 -14
leaf_value=-0.010371341726216274 -0.040050359013459623 0.044698232346633913 0.016545224092182256 -0.046939123197180882 -0.023886290683003499 0.030332242517525421 0.010045093051928838 0.017901638689684612 0 0.033786993761204837 -0.0019989639821858976 0.00023885034784159933 0.015889392625639945
leaf_weight=81.867512315511703 9.9602105319499952 17.499684989452362 9.9874187707901019 11.898988291621206 72.748372495174408 34.669336289167404 53.534047156572342 11.477881014347075 40.469599723815918 11.115001752972601 39.646029680967331 18.582953855395317 29.668145388364792
leaf_count=335 42 73 42 52 300 142 220 48 168 46 164 76 122
internal_value=0 0.00107928 0.0100786 -0.0171301 -0.00229272 0.00414921 -0.00210803 -0.0122161 -0.0155545 0.0164697 0.00560241 0.0203958 0.0274589
internal_weight=0 433.165 119.815 21.8864 313.35 188.654 135.402 124.696 113.218 97.9289 50.761 53.2523 47.1678
internal_count=1830 1788 499 94 1289 773 555 516 468 405 210 218 195
is_linear=0
shrinkage=0.05


Tree=37
num_leaves=15
num_cat=0
split_feature=22 7 7 24 22 7 21 7 8 6 14 1 7 8
split_gain=6.31012 4.90292 11.0701 11.4328 9.40849 8.44544 7.69615 7.20621 9.08157 6.75977 8.77125 4.3989 4.35134 3.62641
threshold=3.1468000411987309 0.64945000410079967 0.59865000844001781 -0.39949999749660486 0.24055000394582751 0.98984998464584362 -0.012649999931454657 0.61614999175071727 -0.011299999896436928 1.0568000078201296 14.500000000000002 1.2721999883651736 0.54929998517036449 1.6391999721527102
decision_type=2 10 8 2 2 10 2 10 10 10 2 2 10 10
left_child=1 2 3 12 9 13 -5 -4 -9 10 -3 -7 -1 -6
right_child=-2 4 7 6 5 11 -8 8 -10 -11 -12 -13 -14 -15
leaf_value=0.013925489080086343 -0.038367992534180689 -0.0083080391066660975 -0.041896798420938741 0.0086747691360976702 0.03363329636574159 -0.032692059961858519 -0.014263960390482165 0.019808252733419289 -0.033203534407120795 -0.025984381423034022 0.024065373980191956 0.012006961918862344 0.054863183739042913 0.0013573717184379749
leaf_weight=22.366778865456581 9.9005516916513425 54.278660401701927 26.396920800209045 66.044935032725334 53.489775016903877 9.4341202974319476 79.001871690154076 15.884235531091692 15.071344792842863 23.828154057264328 32.896830663084984 10.925338447093962 10.798476025462149 12.382968857884405
leaf_count=91 42 224 110 270 222 40 325 66 63 100 136 45 44 52
internal_value=0 0.00103712 -0.00376094 0.0022749 0.00688904 0.0192634 -0.00365346 -0.0228059 -0.00532435 -0.00254295 0.00369093 -0.00779422 0.0286141 0.0279986
internal_weight=0 432.8 235.565 178.212 197.236 86.2322 145.047 57.3525 30.9556 111.004 87.1755 20.3595 33.1653 65.8727
internal_count=1830 1788 969 730 819 359 595 239 129 460 360 85 135 274
is_linear=0
shrinkage=0.05


Tree=38
num_leaves=11
num_cat=0
split_feature=22 30 14 12 29 22 12 28 14 26
split_gain=5.76006 4.73136 7.41325 8.69796 6.30684 12.0876 6.17239 7.5267 5.85355 2.25931
threshold=3.1468000411987309 3.1964999437332158 18.500000000000004 0.97920000553131115 -4.4614500999450675 0.63280001282691967 -7.1939499378204337 6.3087999820709237 10.500000000000002 -3.3285499811172481
decision_type=2 8 2 2 8 2 2 10 2 10
left_child=1 6 4 -4 -3 -6 9 8 -8 -1
right_child=-2 2 3 -5 5 -7 7 -9 -10 -11
leaf_value=-0.039211073180963077 -0.03677178294593355 -0.018102996740482862 0.016035963975131094 -0.045110348367206399 0.053757068658473683 0.0092147330907526408 -0.011173957304117434 0.030074948344280535 0.0037130347110099168 -0.0047166348884926596
leaf_weight=14.025251448154451 9.8371364027261716 11.19712373614311 9.9490093886852282 11.713295310735701 20.257227942347527 66.280313044786453 110.28655305504799 18.746122792363167 159.84390887618065 9.9924957752227765
leaf_count=59 42 47 42 52 84 274 455 77 656 42
internal_value=0 0.000989613 0.0094754 -0.016171 0.0154676 0.0201776 -0.00217865 -4.74661e-05 -0.00228194 -0.0262683
internal_weight=0 432.291 119.397 21.6623 97.7347 86.5375 312.894 288.877 270.13 24.0177
internal_count=1830 1788 499 94 405 358 1289 1188 1111 101
is_linear=0
shrinkage=0.05


Tree=39
num_leaves=12
num_cat=0
split_feature=22 10 12 23 30 12 26 12 7 7 29
split_gain=5.25779 5.23539 12.0091 6.23552 6.2194 11.8263 9.02487 5.47493 4.36703 9.75344 9.06621
threshold=3.1468000411987309 -4.0058499574661246 -5.1655499935150138 1.2136500477790835 2.9859499931335454 -3.1532499790191646 -3.5282999277114864 -8.5650501251220685 0.6716500222682954 0.608249992132187 -1.4504000544548032
decision_type=2 10 2 2 8 2 8 2 10 10 10
left_child=1 3 7 4 5 -1 -6 -3 9 -4 -10
right_child=-2 2 8 -5 6 -7 -8 -9 10 -11 -12
leaf_value=-0.029806318530270555 -0.035254335359342581 0.0023406776585973847 0.0033002463579293942 -0.043802558621501536 -0.0192642053881131 0.004679035542181912 0.036998481483629046 0.052119593736853348 -0.00013814510548551439 -0.024811218103159508 0.031201869646367841
leaf_weight=42.15197291970253 9.7707562148570997 9.535977244377138 120.77736411988735 10.248135998845099 10.298093944787977 56.989752411842346 18.693214863538746 17.83843894302845 72.556558459997177 40.476907357573509 32.305868521332741
leaf_count=175 42 41 496 44 44 235 78 75 298 169 133
internal_value=0 0.000937523 0.00476665 -0.00699155 -0.00369422 -0.00980816 0.0161778 0.0360288 0.00139552 -0.00365642 0.00938202
internal_weight=0 431.872 293.491 138.381 128.133 99.1417 28.9913 27.3744 266.117 161.254 104.862
internal_count=1830 1788 1212 576 532 410 122 116 1096 665 431
is_linear=0
shrinkage=0.05


Tree=40
num_leaves=10
num_cat=0
split_feature=26 27 11 11 7 23 14 7 12
split_gain=6.23095 6.7457 7.95861 7.6189 7.96918 7.72336 6.39254 5.03527 4.29825
threshold=0.22775000333786014 6.1631999015808114 -1.5582500100135801 3.0593000650405888 1.0712000131607058 1.4656000137329104 15.500000000000002 0.74789997935295116 -5.6325500011444083
decision_type=10 10 2 2 8 2 2 10 2
left_child=1 3 -3 4 5 -1 7 -5 -6
right_child=-2 2 -4 6 8 -7 -8 -9 -10
leaf_value=0.0025420551822429339 -0.031868321332299387 0.056818099858142651 -0.0014283444488238303 0.040185306868077808 -0.0071697814003074904 -0.022592189613169979 -0.0091677565531070784 0.0037594727086419813 -0.047035818930108067
leaf_weight=288.2738753259182 13.664117306470869 11.301540151238443 10.013899490237234 26.700925663113594 16.470283553004268 33.674376204609871 15.753995731472967 17.234500288963318 13.921889796853064
leaf_count=1190 58 47 43 110 68 141 67 71 59
internal_value=0 0.00179384 0.0289026 0.000297491 -0.0024459 -4.03006e-05 0.0167926 0.0266623 -0.0267064
internal_weight=0 433.345 21.3154 412.03 352.34 321.948 59.6894 43.9354 30.3922
internal_count=1854 1796 90 1706 1458 1331 248 181 127
is_linear=0
shrinkage=0.05


Tree=41
num_leaves=8
num_cat=0
split_feature=30 11 26 31 27 27 21
split_gain=6.81424 8.83185 5.19675 6.62446 4.97383 4.42297 2.03351
threshold=7.7050499916076669 -7.5048999786376944 -6.6254501342773429 -3.4999999999999996 5.1060500144958505 8.2272000312805194 -0.81960001587867726
decision_type=8 2 8 2 8 8 2
left_child=1 -1 -3 6 -5 -2 -4
right_child=5 2 3 4 -6 -7 -8
leaf_value=-0.049380503797467543 0.051193209584723377 0.027078290447469313 -0.0438524798277381 0.0020237610754419311 -0.024220867921047554 0.0020940657896910196 -0.0078014747091729609
leaf_weight=8.615423306822775 10.196160405874251 16.954619884490967 10.474636241793634 362.28512616455555 18.44343575835228 10.084833964705469 9.602710232138632
leaf_count=36 43 70 43 1500 79 43 40
internal_value=0 -0.000672795 0.000329757 -0.000771773 0.000656729 0.0286192 -0.0284333
internal_weight=0 426.376 417.761 400.806 380.729 20.281 20.0773
internal_count=1854 1768 1732 1662 1579 86 83
is_linear=0
shrinkage=0.05


Tree=42
num_leaves=8
num_cat=0
split_feature=26 27 7 5 29 29 29
split_gain=5.66664 5.97764 6.13732 4.37514 3.43274 4.23881 2.05619
threshold=0.22775000333786014 6.1631999015808114 1.1061999797821047 0.67300000786781322 -7.8097000122070304 -2.9927500486373897 -5.7423999309539786
decision_type=10 10 8 10 10 10 10
left_child=1 2 4 -3 -1 -6 -4
right_child=-2 3 6 -5 5 -7 -8
leaf_value=0.028548024328981222 -0.030508780545799492 0 -0.0020312424307744248 0.046684328618177826 -0.0060731818745137327 0.0050510069221117414 -0.032581326808899878
leaf_weight=11.357391506433485 13.600515738129614 9.2710945904254931 10.741610676050188 11.914102435111998 131.09074997901917 241.14442855119705 17.361605390906334
leaf_count=47 58 40 45 50 543 998 73
internal_value=0 0.00166433 0.000254949 0.0272628 0.00197837 0.00106342 -0.0220181
internal_weight=0 432.881 411.696 21.1852 383.593 372.235 28.1032
internal_count=1854 1796 1706 90 1588 1541 118
is_linear=0
shrinkage=0.05


Tree=43
num_leaves=11
num_cat=0
split_feature=30 6 23 7 30 21 22 27 27 5
split_gain=6.00009 8.29525 8.57111 7.02138 6.49873 5.97647 5.35371 7.95913 4.04579 2.39974
threshold=7.7050499916076669 0.96875000000000011 -3.3496500253677364 1.0195500254631045 0.86300000548362743 0.45289999246597296 0.18945000320672992 1.5019499659538271 8.2272000312805194 1.2965000271797182
decision_type=8 8 2 10 10 2 2 8 8 10
left_child=1 2 9 4 -4 -5 7 -3 -2 -1
right_child=8 6 3 5 -6 -7 -8 -9 -10 -11
leaf_value=0.050910830057789763 0.048592485532638618 -0.0031604141004482368 -0.010820215749261515 -0.0056869811570663805 0.0056216497532490216 -0.05487858085184541 0.0071365700018079393 -0.057404014670598441 0.0014701522931262951 0.011594914222843478
leaf_weight=9.8648659139871615 10.108551666140555 13.626469761133196 76.971296548843384 19.45434391498566 261.02774442732334 9.7180373519659025 9.7873400598764402 15.480807915329931 10.060578316450121 10.126525253057478
leaf_count=41 43 57 316 82 1080 41 42 67 43 42
internal_value=0 -0.000656334 0.0015055 -0.000182963 0.0017931 -0.0235651 -0.0225562 -0.0333367 0.0269011 0.0329845
internal_weight=0 426.057 387.163 367.171 337.999 29.1724 38.8946 29.1073 20.1691 19.9914
internal_count=1854 1768 1602 1519 1396 123 166 124 86 83
is_linear=0
shrinkage=0.05


Tree=44
num_leaves=10
num_cat=0
split_feature=26 27 11 11 29 7 11 12 12
split_gain=5.21902 5.12019 6.93991 6.78222 6.50086 6.10397 6.65679 5.24486 4.06414
threshold=0.22775000333786014 6.1631999015808114 -1.5582500100135801 3.0593000650405888 -4.2942500114440909 1.0712000131607058 2.0775001049041752 1.1617499589920046 -5.6325500011444083
decision_type=10 10 2 2 10 8 2 2 2
left_child=1 3 -3 5 -5 6 -1 -6 -7
right_child=-2 2 -4 4 7 8 -8 -9 -10
leaf_value=0.0016278992410397417 -0.02937879431681303 0.051810347400132198 -0.0027378196727599383 -0.010922451516565125 0.054215289587560646 -0.0048053210917649433 -0.026980768492368863 0.013773292771676604 -0.04359036761452955
leaf_weight=300.37251898646355 13.542052507400511 11.085756510496141 10.010314673185347 15.260613486170767 11.849245443940161 16.35814988613129 21.288544178009033 32.443843260407448 13.674215555191038
leaf_count=1240 58 47 43 63 50 68 91 135 59
internal_value=0 0.00156097 0.0253049 0.000252993 0.0158378 -0.0023338 -0.000226848 0.0256348 -0.0237082
internal_weight=0 432.343 21.0961 411.247 59.5537 351.693 321.661 44.2931 30.0324
internal_count=1854 1796 90 1706 248 1458 1331 185 127
is_linear=0
shrinkage=0.05


Tree=45
num_leaves=15
num_cat=0
split_feature=12 14 24 9 5 14 9 9 6 12 12 13 23 2
split_gain=7.54176 7.87183 10.2215 6.79647 7.63561 7.02135 12.9621 8.89603 6.45008 5.79034 11.4808 8.91205 4.75735 5.22423
threshold=-0.24684999883174893 15.500000000000002 -1.0103499889373777 -2.5224999189376827 2.2110000848770146 16.500000000000004 0.10370000079274179 -0.7962999939918517 0.54030001163482677 -1.4865499734878538 -5.8969500064849845 1.0000000180025095e-35 -1.7193500399589536 56.958950042724616
decision_type=2 2 2 10 10 2 10 10 10 2 2 2 2 2
left_child=1 9 -3 8 5 6 -5 -7 -2 10 -1 -12 -4 -14
right_child=3 2 12 4 -6 7 -8 -9 -10 -11 11 -13 13 -15
leaf_value=0.010245626692300103 -0.021381415372958252 -0.025648276025795211 0.047256546865448903 -0.029767877215765993 0.017524689697689329 0.004202230698078166 0.0030272946200712507 -0.043336366565311465 0.020094229938084983 0.019175054361027389 -0.03567410762471887 0.0050480540305263182 0.028003444449336046 -0.0097683830014554333
leaf_weight=46.796088382601738 12.059149369597433 10.259579867124556 19.305997982621193 47.574189379811287 17.640543594956398 11.776387035846708 77.438518241047859 38.900789096951485 33.146989569067955 23.697585210204124 40.360319092869759 18.365653783082962 25.907486960291862 12.472676292061804
leaf_count=198 50 43 82 197 73 48 321 168 136 97 166 75 108 51
internal_value=0 0.00447182 0.0182302 -0.00868293 -0.0128108 -0.0160396 -0.00932275 -0.0318677 0.00837038 -0.00261219 -0.00780821 -0.0225817 0.026617 0.0151177
internal_weight=0 197.165 67.9457 238.537 193.33 175.69 125.013 50.6772 45.2061 129.22 105.522 58.726 57.6862 38.3802
internal_count=1813 820 284 993 807 734 518 216 186 536 439 241 241 159
is_linear=0
shrinkage=0.05


Tree=46
num_leaves=15
num_cat=0
split_feature=1 11 11 11 29 11 11 24 29 26 11 4 11 29
split_gain=7.52585 8.29119 14.5851 14.6941 10.2064 9.21093 8.16044 4.82162 7.29609 6.19333 4.8586 4.5899 4.03985 3.022
threshold=1.5399500131607058 3.8591500520706181 2.0775001049041752 1.1176499724388125 -0.67989999055862416 0.5990000069141389 4.9061999320983896 0.36590000987052923 -4.6067500114440909 -5.2574501037597647 1.3664000034332278 31.296649932861332 3.0593000650405888 -3.0823500156402583
decision_type=2 2 2 2 10 2 2 2 8 8 2 2 2 10
left_child=1 2 3 5 -5 -1 -3 8 9 -2 -9 12 -4 -10
right_child=7 6 11 4 -6 -7 -8 10 13 -11 -12 -13 -14 -15
leaf_value=-0.0050272808206427606 0.019317636719006409 0.04471617824243683 -0.036379511213161991 0.034567597061796684 -0.021297921115360482 -0.03544155428639454 -0.0032028101386290019 0.015020405178231389 0.059526659168854024 -0.027718147979516397 -0.030818118747859044 -0.051281982792240367 0.0030678261876027815 0.021405999535533529
leaf_weight=203.74768011271954 17.248819306492805 14.852515339851378 12.059931293129923 35.518627047538757 9.6184377223253232 28.528115689754486 18.882149741053581 10.216203719377519 10.147104009985926 11.032005652785303 11.214911356568335 21.953251346945763 11.117795303463934 18.817533880472183
leaf_count=843 72 62 52 147 40 118 79 43 42 47 47 95 48 78
internal_value=0 -0.00567393 -0.0081994 -0.00378189 0.0220123 -0.00893827 0.0175094 0.0113095 0.0189715 0 -0.00798271 -0.0344663 -0.0167365 0.0363927
internal_weight=0 356.279 322.544 277.413 45.1371 232.276 33.7347 78.6766 57.2455 28.2808 21.4311 45.131 23.1777 28.9646
internal_count=1813 1484 1343 1148 187 961 141 329 239 119 90 195 100 120
is_linear=0
shrinkage=0.05


Tree=47
num_leaves=14
num_cat=0
split_feature=1 6 1 11 11 11 3 11 15 23 9 1 21
split_gain=6.84651 8.37205 7.76625 8.53352 13.0547 13.7326 6.84795 6.45658 6.00274 5.4076 2.86962 2.39983 1.0688
threshold=1.5399500131607058 0.88530001044273388 1.3361499905586245 3.8591500520706181 2.0775001049041752 1.1176499724388125 20.622799873352054 4.9061999320983896 3.5000000000000004 0.93529999256134044 -1.2274500131607053 1.7933999896049502 -0.099649999290704713
decision_type=2 8 2 2 2 2 2 2 2 2 8 2 2
left_child=2 6 3 4 5 -1 10 -5 -3 -6 -2 -8 -4
right_child=1 8 12 7 9 -7 11 -9 -10 -11 -12 -13 -14
leaf_value=-0.006874765715846747 0.025528997821082727 -0.030907923265869761 -0.017539268724498569 0.0457328404859626 -0.047664127007811995 0.023898509324897579 0.063405010276906912 0 0.01210296033270997 -0.0090920114634168974 -0.0073552530239197229 0.023814563268356868 -0.045576762715732119
leaf_weight=217.41651596128941 10.159686043858526 15.446005091071131 11.897879466414453 14.062380701303484 23.543894529342651 42.859359726309776 10.184854269027712 16.295042857527733 15.092677518725393 18.046426311135292 15.511710435152056 12.125204339623449 11.531228765845297
leaf_count=899 42 66 50 59 101 178 42 68 65 80 64 50 49
internal_value=0 0.0107992 -0.0054126 -0.00334187 -0.00595819 -0.00167539 0.0238751 0.021539 -0.00899331 -0.0318281 0.00494284 0.0439778 -0.0330474
internal_weight=0 78.5201 355.653 332.224 301.866 260.276 47.9815 30.3574 30.5387 41.5903 25.6714 22.3101 23.4291
internal_count=1813 329 1484 1385 1258 1077 198 127 131 181 106 92 99
is_linear=0
shrinkage=0.05


Tree=48
num_leaves=15
num_cat=0
split_feature=1 6 28 1 11 11 11 4 2 3 11 9 1 3
split_gain=6.23524 7.60506 7.43602 7.08037 7.74889 11.9295 12.5374 7.11452 6.62341 6.41811 4.61245 2.6507 1.20265 0.81746
threshold=1.5399500131607058 0.88530001044273388 7.3085501194000253 1.3361499905586245 3.8591500520706181 2.0775001049041752 1.3664000034332278 34.809350967407234 30.032699584960941 7.9296500682830819 2.5600498914718632 -0.7962999939918517 0.83485001325607311 19.371299743652347
decision_type=2 8 10 2 2 2 2 2 2 2 2 10 2 2
left_child=3 9 -3 4 5 6 -1 -5 -6 -2 -7 -11 -10 -4
right_child=1 2 13 7 8 10 -8 -9 12 11 -12 -13 -14 -15
leaf_value=-0.0052904381672302112 -0.0045372572007856367 -0.039381762040947538 0.019801037357492408 -0.055645009992652573 -0.010174065200287285 -0.059978580153157206 0.031459594027770904 0 0.051611013543496669 0.050151575213584688 -0.01907788543936198 0.018337015670127799 0.019426294938142467 0
leaf_weight=235.01385374367237 13.638123109936712 11.713685840368273 9.5718423873186129 12.935572043061258 10.155502364039423 10.329736337065695 25.171395435929298 10.444946229457853 9.7771959155797976 15.874187827110289 31.00554683804512 18.39837621152401 10.339503034949301 9.1868464797735196
leaf_count=972 56 51 40 55 43 46 105 44 41 66 135 76 43 40
internal_value=0 0.0103209 -0.00853791 -0.00516071 -0.0031791 -0.00567502 -0.00158567 -0.0315795 0.0205568 0.0227963 -0.0304913 0.0343009 0.0371538 0.00994653
internal_weight=0 78.3831 30.4724 355.173 331.793 301.521 260.185 23.3805 30.2722 47.9107 41.3353 34.2726 20.1167 18.7587
internal_count=1813 329 131 1484 1385 1258 1077 99 127 198 181 142 84 80
is_linear=0
shrinkage=0.05


Tree=49
num_leaves=12
num_cat=0
split_feature=12 28 28 21 7 11 7 11 25 27 7
split_gain=6.37209 4.91988 8.88627 4.90544 5.38416 11.3634 6.43575 9.26838 6.72912 3.60451 0.390542
threshold=4.7896001338958749 4.4194500446319589 7.1661000251770028 -2.0873500108718868 0.36755000054836279 0.099249999970197691 0.64665001630783092 -3.4924000501632686 0.12014999985694887 1.2342499494552615 0.7162500023841859
decision_type=2 10 10 2 8 2 10 2 2 10 10
left_child=3 9 -3 -1 5 -5 8 -8 -6 -2 -11
right_child=1 2 -4 4 6 -7 7 -9 -10 10 -12
leaf_value=0.031631147723856383 -0.0079528368288180763 0.019431044154801277 -0.036922135681584381 -0.0075917767032320296 -0.0024126661462448616 0.047676007813505089 -0.016724408922195736 0.012782675892294225 -0.023507542616952763 -0.053233303165566043 -0.026275823243619541
leaf_weight=11.621043026447294 15.266311585903166 18.593874692916874 10.510670885443686 19.057219922542572 126.67480310797691 16.383066624403 34.698936477303505 103.94174636900425 55.541269212961197 10.856657966971399 9.7434851229190809
leaf_count=49 64 77 45 78 521 67 147 444 235 46 40
internal_value=0 -0.0165664 -0.000355471 0.000303966 -0.000690634 0.0175692 -0.00280952 0.00518442 -0.00902615 -0.0288479 -0.0425925
internal_weight=0 64.971 29.1045 367.918 356.297 35.4403 320.857 138.641 182.216 35.8665 20.6001
internal_count=1813 272 122 1541 1492 145 1347 591 756 150 86
is_linear=0
shrinkage=0.05


Tree=50
num_leaves=14
num_cat=0
split_feature=7 7 26 7 29 7 29 12 2 4 7 31 25
split_gain=4.07272 5.99418 7.9784 5.45842 9.94096 15.1311 10.2866 6.76567 6.0173 5.37731 5.72586 4.74368 4.45539
threshold=0.37430000305175787 0.35300000011920935 -1.0696499943733213 0.64214998483657848 -1.1734499931335447 0.60010001063346874 -2.9042999744415279 -3.536499977111816 5.4299499988555917 3.0848499536514287 0.9596499800682069 2.5000000000000004 0.41490000486373907
decision_type=10 10 10 10 10 10 10 2 2 2 10 2 2
left_child=1 2 -1 4 5 7 -7 -2 -5 -10 -11 12 -6
right_child=3 -3 -4 8 11 6 -8 -9 9 10 -12 -13 -14
leaf_value=0.034328879573353045 -0.014274916718647699 0.040195436878243257 -0.022820895296969724 -0.028461281167129066 -0.0077388331064712204 -0.047087885432296223 0.0018049476295327633 0.017635114857768055 -0.023476264419562701 0.014992243670150668 -0.0035115675807388352 -0.056713566355423975 -0.044767281332089515
leaf_weight=9.7316025495529157 19.827082350850105 14.752335399389265 14.646805167198183 12.344172120094298 37.827208191156387 22.927364245057106 18.080937758088112 77.671392217278481 12.933934673666952 125.22317196428776 59.501055464148521 9.684566453099249 10.972880557179449
leaf_count=40 81 61 60 53 156 97 77 320 55 526 254 42 48
internal_value=0 0.0156104 0 -0.00116762 -0.00718529 0 -0.0251662 0.0108511 0.00436211 0.00660481 0.00890367 -0.0243762 -0.0169415
internal_weight=0 39.1307 24.3784 406.994 196.991 138.507 41.0083 97.4985 210.002 197.658 184.724 58.4847 48.8001
internal_count=1870 161 100 1709 821 575 174 401 888 835 780 246 204
is_linear=0
shrinkage=0.05


Tree=51
num_leaves=8
num_cat=0
split_feature=30 11 10 31 14 24 11
split_gain=3.39542 8.22141 6.47021 4.5491 4.7379 7.26536 6.00273
threshold=7.7050499916076669 -7.5048999786376944 1.1905000209808352 3.5000000000000004 15.500000000000002 0.021000000648200515 3.3555500507354741
decision_type=8 2 8 2 2 2 2
left_child=1 -1 -2 4 6 -6 -3
right_child=2 3 -4 -5 5 -7 -8
leaf_value=-0.051295313114946298 0.045371524659795964 -0.0056848965339097767 -0.0073896768513365243 -0.02633151385459891 0.018808756575709389 -0.0043678886541295902 0.015351908076489265
leaf_weight=7.3843341618776313 11.111880019307135 228.2740463912487 10.036629527807237 14.976573035120962 78.372447192668915 56.387682184576988 38.924982517957687
leaf_count=32 48 948 44 64 329 243 162
internal_value=0 -0.000699697 0.019585 0.000196878 0.0012789 0.00894583 -0.00250396
internal_weight=0 424.32 21.1485 416.936 401.959 134.76 267.199
internal_count=1870 1778 92 1746 1682 572 1110
is_linear=0
shrinkage=0.05


Tree=52
num_leaves=9
num_cat=0
split_feature=7 11 7 7 30 7 14 7
split_gain=3.75567 6.75029 3.71579 5.4838 8.76651 5.16802 8.31713 5.93574
threshold=1.4338499903678896 -7.5048999786376944 0.37430000305175787 0.35300000011920935 0.93655002117156994 0.64214998483657848 15.500000000000002 0.60010001063346874
decision_type=10 2 10 10 10 10 2 10
left_child=1 -1 3 4 -3 7 -7 -4
right_child=-2 2 5 -5 -6 6 -8 -9
leaf_value=-0.045959668703367262 0.027387489132315541 0.03532936732108425 -0.0016668556616427996 0.038515715773161555 -0.024436569080558686 -0.0020536797309049048 0.020542143325995615 -0.021933477438328196
leaf_weight=7.5264901816844931 11.891937419772146 9.9409877210855502 147.61254385113716 14.68522587418556 14.377784013748167 133.00159420073032 57.195774585008621 48.844303548336029
leaf_count=33 51 41 612 61 59 557 247 209
internal_value=0 -0.000511576 0.000286354 0.0149398 0 -0.00114463 0.00464624 -0.00687549
internal_weight=0 433.185 425.658 39.004 24.3188 386.654 190.197 196.457
internal_count=1870 1819 1786 161 100 1625 804 821
is_linear=0
shrinkage=0.05


Tree=53
num_leaves=10
num_cat=0
split_feature=7 10 27 4 10 4 29 29 25
split_gain=3.40686 5.42386 6.69766 5.42456 5.08356 4.87907 7.48104 7.46127 0.626437
threshold=1.4338499903678896 -10.538450241088865 0.51135000586509716 72.335597991943374 -18.189599990844723 10.275249958038332 -2.9927500486373897 -0.39959999918937678 -0.48079998791217798
decision_type=10 10 10 2 8 2 10 8 2
left_child=1 2 -1 5 -4 6 -3 -7 -6
right_child=-2 3 4 -5 8 7 -8 -9 -10
leaf_value=0.016156427403280823 0.02609023978838388 -0.036538681134060391 0 -0.033175324869356225 -0.026765544889884241 0.0073831996757215473 0 -0.025186883299816876 -0.053631955340514285
leaf_weight=10.387560650706289 11.884112969040869 17.887888863682747 10.820135891437529 10.458621278405188 12.863666191697119 283.83811987936497 58.150369137525558 17.971583992242813 10.469970151782038
leaf_count=43 51 74 47 44 56 1189 242 77 47
internal_value=0 -0.000489586 -0.0169565 0.00135435 -0.0278367 0.00241877 -0.00874004 0.00532263 -0.0407419
internal_weight=0 432.848 44.5413 388.307 34.1538 377.848 76.0383 301.81 23.3336
internal_count=1870 1819 193 1626 150 1582 316 1266 103
is_linear=0
shrinkage=0.05


Tree=54
num_leaves=8
num_cat=0
split_feature=4 30 10 9 25 25 10
split_gain=3.16995 3.81602 7.72795 4.51075 4.43374 4.38916 3.32099
threshold=2.8778500556945805 7.7050499916076669 1.1905000209808352 5.3966500759124765 0.83199998736381542 0.71930000185966503 -2.8345499038696285
decision_type=2 8 8 10 2 2 10
left_child=6 3 -3 4 5 -2 -1
right_child=1 2 -4 -5 -6 -7 -8
leaf_value=0.0023511743741837622 0.0012790120453605 0.054456110297657248 -0.0067272457316590872 -0.027318427359378353 0.032533099391150913 -0.032347088594938359 -0.030103631182927533
leaf_weight=12.112821713089945 363.28955624997616 9.3267450183629972 9.3576408773660678 13.753207847476004 10.560464292764662 9.4540781378746015 16.519232481718063
leaf_count=51 1525 41 41 60 43 40 69
internal_value=0 0.00133954 0.023134 0.000223268 0.00131092 0.000316967 -0.0157107
internal_weight=0 415.742 18.6844 397.057 383.304 372.744 28.6321
internal_count=1870 1750 82 1668 1608 1565 120
is_linear=0
shrinkage=0.05


Tree=55
num_leaves=11
num_cat=0
split_feature=11 12 8 27 2 10 10 6 22 28
split_gain=3.32351 8.03733 5.35408 4.99008 6.98145 5.97159 4.97621 5.44779 4.47827 6.94301
threshold=-4.3506000041961661 -10.593600273132322 0.49325001239776617 0.46004998683929449 62.568700790405281 -5.2536499500274649 -6.079699993133544 0.42955000698566442 -2.4240499734878536 4.1089498996734628
decision_type=2 2 8 10 2 10 10 10 2 10
left_child=8 -2 3 5 -5 -3 -4 -8 -1 -10
right_child=1 2 6 4 -6 -7 7 -9 9 -11
leaf_value=0.011798592933215894 0.046065284174855017 0.014600065509919652 -0.037764866991347776 0.0022329364011977517 0.024547284045978002 -0.016380474775031292 -0.0261257710431641 0.0011335629897948503 0 -0.045401017961755732
leaf_weight=11.132217809557913 9.0648632198572141 20.557224974036217 13.536603078246115 154.29821820557117 46.169954061508179 53.994212195277214 23.258783996105194 73.530415683984756 15.627700120210646 16.565000057220459
leaf_count=47 39 86 58 649 191 225 97 314 64 72
internal_value=0 0.000771796 -0.000287208 0.00337933 0.00754485 -0.00746427 -0.00962672 -0.00526059 -0.0137132 -0.0233454
internal_weight=0 394.41 385.345 275.02 200.468 74.5514 110.326 96.7892 43.3249 32.1927
internal_count=1842 1659 1620 1151 840 311 469 411 183 136
is_linear=0
shrinkage=0.05


Tree=56
num_leaves=15
num_cat=0
split_feature=31 15 5 11 5 5 7 2 22 9 8 9 3 9
split_gain=4.59178 4.5478 8.14314 7.76531 7.09882 6.8973 7.41771 6.2336 5.58891 6.93152 4.73444 4.68533 3.62613 2.78041
threshold=3.5000000000000004 2.5000000000000004 0.7084999978542329 -3.4924000501632686 1.0065000057220461 2.0199999809265141 0.64509999752044689 37.561899185180671 -2.7122499942779537 -2.5631000995635982 0.3245499879121781 -2.633100032806396 25.872250556945804 0.7503499984741212
decision_type=2 2 10 2 10 10 10 2 2 10 10 10 2 8
left_child=1 2 7 8 12 6 -5 13 -3 -10 -9 -6 -4 -1
right_child=-2 3 4 5 11 -7 -8 10 9 -11 -12 -13 -14 -15
leaf_value=0.007095956664696367 -0.024339925673737082 0.018496107304505446 0.031190841360069162 -0.0020672012049188803 0.014094557782977541 0.044643821614665076 0.018771978840313369 -0.019914487252268943 -0.038048703152828336 0.0090192978574639131 -0.063868194962496544 -0.014006799287553624 0.0026427940183100934 -0.022445629864837866
leaf_weight=21.389854952692986 18.972797274589539 9.4585325419902784 23.692891120910645 94.711518734693527 18.535247594118118 13.042900666594504 74.482728242874146 24.19835938513279 23.561777919530865 10.224336355924608 9.8284513950347883 58.936703771352768 24.69080662727356 11.603756695985792
leaf_count=90 82 40 99 395 77 55 314 103 102 42 43 245 104 51
internal_value=0 0.000465181 -0.00509844 0.00533565 0.00223137 0.00993427 0.00698758 -0.0191477 -0.0133639 -0.023152 -0.0340754 -0.00691562 0.0173099 -0.0027273
internal_weight=0 418.358 192.876 225.482 125.856 182.237 169.194 67.0204 43.2446 33.7861 34.0268 77.472 48.3837 32.9936
internal_count=1842 1760 812 948 525 764 709 287 184 144 146 322 203 141
is_linear=0
shrinkage=0.05


Tree=57
num_leaves=13
num_cat=0
split_feature=31 6 12 11 32 12 28 28 9 28 4 6
split_gain=4.17304 3.62148 7.04374 7.49816 6.95466 6.17819 4.62724 13.1885 7.36115 4.55932 3.13154 2.22224
threshold=3.5000000000000004 0.84224998950958263 -5.2163000106811515 -4.3506000041961661 1.0000000180025095e-35 -7.1939499378204337 7.3085501194000253 9.5957498550415057 -0.40054999291896815 4.391550064086915 29.666299819946293 0.62924998998641979
decision_type=2 8 2 2 2 2 10 10 10 10 2 10
left_child=1 2 4 -4 -1 -6 8 -8 10 -5 -3 -2
right_child=11 6 3 9 5 -7 7 -9 -10 -11 -12 -13
leaf_value=0.056807961780194982 -0.039947125643158422 -0.018267260989935429 -0.033050246512228952 -0.0014969948538766039 -0.018702110753846386 0.027399428910035353 0.040208350483491473 -0.024407467408604295 0.0014765382328865888 0.013088883308987165 -0.060588428591513532 -0.0026469185649736059
leaf_weight=10.465504661202429 9.5067636668682116 12.327949121594431 15.691118896007536 221.83664953708649 11.284582063555716 17.243506148457531 13.936362370848657 16.671544060111046 18.631802320480347 69.308867260813713 10.294950902462004 9.3909114748239499
leaf_count=44 41 54 65 925 49 72 60 73 78 294 46 41
internal_value=0 0.000443989 0.00262598 0 0.0225022 0.00829422 -0.00965669 0.00438308 -0.0205996 0.00190602 -0.0395011 -0.0232462
internal_weight=0 417.693 345.83 306.837 38.9936 28.5281 71.8626 30.6079 41.2547 291.146 22.6229 18.8977
internal_count=1842 1760 1449 1284 165 121 311 133 178 1219 100 82
is_linear=0
shrinkage=0.05


Tree=58
num_leaves=10
num_cat=0
split_feature=31 25 28 28 28 14 10 23 28
split_gain=3.82083 3.26813 6.93899 6.80115 4.83742 5.42068 4.97077 4.03699 1.7583
threshold=3.5000000000000004 -0.9087499976158141 7.4071500301361093 10.341450214385988 4.391550064086915 3.5000000000000004 -1.967150032520294 -3.6990499496459956 4.0787498950958261
decision_type=2 2 10 8 10 2 10 2 10
left_child=1 2 7 4 6 -6 -3 -1 -2
right_child=8 3 -4 -5 5 -7 -8 -9 -10
leaf_value=-0.056842175250737127 -0.037760149600709669 -0.0093330969172834306 0.0072270663613418183 -0.036565801049849328 -0.012435283921683193 0.017218181282434138 0.0047769263927605349 -0.0068871152255473023 -0.0038578058632927066
leaf_weight=9.6916257590055483 9.2131204605102557 99.566648080945015 18.253743082284927 10.583132714033125 17.261443793773651 88.363974198698997 164.5150815397501 9.1086485683917982 9.6077899485826475
leaf_count=45 40 415 77 47 73 376 687 40 42
internal_value=0 0.000414799 -0.0135793 0.00186002 0.00307541 0.0121008 -0.000456066 -0.0347399 -0.0222952
internal_weight=0 417.344 37.054 380.29 369.707 105.625 264.082 18.8003 18.8209
internal_count=1842 1760 162 1598 1551 449 1102 85 82
is_linear=0
shrinkage=0.05


Tree=59
num_leaves=15
num_cat=0
split_feature=15 5 6 25 11 5 25 24 12 31 9 10 4 21
split_gain=3.85573 6.7968 12.6386 7.00285 6.35872 6.02733 4.99874 5.00309 5.52895 5.40903 4.70839 6.54765 3.96086 3.47611
threshold=2.5000000000000004 0.7084999978542329 0.53450000286102306 0.080099999904632582 -3.4924000501632686 1.0065000057220461 -0.57225000858306874 -0.30740000307559961 -0.073100002482533441 2.5000000000000004 -2.633100032806396 -2.1057000160217281 37.947000503540046 -0.28735001385211939
decision_type=2 10 8 2 2 10 2 2 2 2 10 10 2 2
left_child=1 2 3 -1 12 -3 -6 8 -8 -9 -7 -12 13 -2
right_child=4 5 -4 -5 6 10 7 9 -10 -11 11 -13 -14 -15
leaf_value=0.037549224577967333 0.012555333033252259 0.014701540333030986 -0.033652035050106242 -0.016628662727395261 0.034176075715216241 0.013945732019597019 0.011913639661355627 0.012323081660379031 -0.035189933318711134 -0.014225168709775719 -0.036174535119103554 -0.0017075362834138037 -0.033749910940296252 -0.021630053241636141
leaf_weight=11.86819848418236 16.603069946169853 49.139025881886482 45.465903267264366 10.376929253339766 16.140961557626724 18.462745487689972 9.3474424183368701 132.41043305397034 14.378872707486151 21.170299276709557 21.469410821795464 41.620357379317284 14.898977458477018 12.427090570330622
leaf_count=49 71 207 199 44 68 77 40 555 60 90 90 174 66 52
internal_value=0 -0.00571 -0.0185204 0.0113672 0.00370975 0.00078179 0.00769308 0.0050523 -0.0157377 0.00846701 -0.00733927 -0.014022 -0.0131579 -0.00135045
internal_weight=0 198.403 67.711 22.2451 237.377 130.692 193.448 177.307 23.7263 153.581 81.5525 63.0898 43.9291 29.0302
internal_count=1842 840 292 93 1002 548 813 745 100 645 341 264 189 123
is_linear=0
shrinkage=0.05


Tree=60
num_leaves=15
num_cat=0
split_feature=12 6 7 10 14 11 7 23 12 14 10 10 11 8
split_gain=6.00048 9.22095 12.3761 12.2354 8.2849 10.1068 7.51762 7.3573 8.65926 6.6878 8.01713 9.24724 7.5833 5.14915
threshold=0.7353000044822694 0.9139000177383424 0.61489999294281017 -14.947999954223631 15.500000000000002 -2.8361500501632686 0.36204999685287481 -0.19934999942779538 1.3510000109672549 10.500000000000002 -3.2516000270843501 3.0110499858856206 -0.11304999887943266 0.40770000219345098
decision_type=2 8 10 8 2 2 10 2 2 2 10 10 2 10
left_child=1 2 6 -3 5 -4 -1 9 -9 12 -11 -12 -2 -8
right_child=7 3 4 -5 -6 -7 13 8 -10 10 11 -13 -14 -15
leaf_value=0.02454626905435504 -0.042105852984342225 0.013784314783145816 -0.02489246815167424 -0.040183647532686745 0.047088656961004199 0.024104748304475353 -0.00087088208484196637 -0.056202817115898945 -0.010663446328914868 0.048261992471323824 -0.035183458893429539 0.029108592375607097 0.0098062618098262201 -0.027688460861805115
leaf_weight=21.925973430275917 11.925055518746378 16.991733193397522 13.178976804018019 24.273878037929535 25.527708873152733 41.31434428691864 79.579828828573227 11.601889848709105 106.14243456721306 14.1202255487442 9.6311698108911532 11.983007356524466 14.625129863619803 23.447132647037506
leaf_count=91 50 75 55 109 111 177 327 51 454 58 40 49 61 97
internal_value=0 0.00377447 0.00820398 -0.017464 0.0235098 0.0116818 -0.00145334 -0.0081963 -0.0155808 0.0053782 0.019664 0 -0.0129332 -0.00731983
internal_weight=0 246.24 204.974 41.2656 80.021 54.4933 124.953 180.029 117.744 62.2846 35.7344 21.6142 26.5502 103.027
internal_count=1805 1042 858 184 343 232 515 763 505 258 147 89 111 424
is_linear=0
shrinkage=0.05


Tree=61
num_leaves=15
num_cat=0
split_feature=3 22 5 1 10 7 7 1 0 0 22 11 22 7
split_gain=6.06607 7.37167 4.83781 3.68657 4.08273 3.75089 3.42334 4.13858 3.55008 4.96786 4.6104 3.5257 4.1138 3.48238
threshold=37.185750961303718 0.37454999983310705 1.2965000271797182 0.39465001225471502 4.1232500076293954 0.4650499969720841 0.36204999685287481 0.52004998922348034 -0.42220000922679896 -0.29354999959468836 -1.3454499840736387 1.4958999752998354 -0.44649998843669886 0.34649999439716345
decision_type=2 2 10 2 10 10 8 2 2 2 2 2 2 10
left_child=6 3 -3 -2 5 -5 13 11 10 -10 -9 12 -8 -1
right_child=1 2 -4 4 -6 -7 7 8 9 -11 -12 -13 -14 -15
leaf_value=-0.0028087905990885082 -0.004845499743040587 0.0017172963493374189 -0.033487035341096726 0 -0.0015150471996868854 0.034284613135618001 -0.0022938895124080846 0.0008771529737632627 0.024153799106751701 -0.0030718773955811258 -0.023468518168959986 0 -0.045570932369649188 0.034743428977706867
leaf_weight=12.389733254909517 13.674779310822485 34.189124912023544 12.531669214367865 9.5867088288068754 12.703400373458861 43.900180786848068 9.7567099183797854 31.266228169202805 18.443246260285378 144.47526709735394 43.694402277469635 11.054883226752279 17.717434361577034 9.9061467349529249
leaf_count=51 57 148 54 40 53 185 41 133 78 617 185 48 74 41
internal_value=0 0.00790638 -0.00745054 0.0171917 0.0221216 0.0281605 -0.00510713 -0.00669324 -0.00407799 0 -0.0130441 -0.0219402 -0.0314116 0.0131752
internal_weight=0 126.586 46.7208 79.8651 66.1903 53.4869 298.704 276.408 237.879 162.919 74.9606 38.529 27.4741 22.2959
internal_count=1805 537 202 335 278 225 1268 1176 1013 695 318 163 115 92
is_linear=0
shrinkage=0.05


Tree=62
num_leaves=15
num_cat=0
split_feature=12 6 10 28 8 28 26 10 10 15 6 12 10 27
split_gain=5.3663 8.47894 11.1276 8.06608 8.46764 7.88323 6.64271 6.51223 10.9834 8.6176 6.41424 5.58853 4.96361 4.86222
threshold=0.7353000044822694 0.9139000177383424 -16.104499816894528 3.029749989509583 0.54660001397132885 7.1285500526428232 -1.8643999695777891 9.0198001861572283 -3.2516000270843501 1.5000000000000002 0.53125000000000011 -0.13994999602437017 2.7120000123977666 1.8471000194549563
decision_type=2 8 8 10 10 10 10 10 10 2 10 2 10 10
left_child=1 3 -3 4 11 -4 7 8 9 -2 -5 -1 -10 -12
right_child=6 2 5 10 -6 -7 -8 -9 12 -11 13 -13 -14 -15
leaf_value=-0.0011115859175753399 -0.0039579601217976622 0.016753324308870599 -0.063646326186466595 0.03915325434977928 -0.029634819867374748 -0.007042618134044879 -0.017105681936632647 0.03317139247062325 -0.037194653015134665 0.049604346639246427 -0.0063135341353174768 0.02918571045136752 -0.0030377951226813358 0.01998840004772327
leaf_weight=66.810751765966415 15.153321743011476 14.647361084818838 12.898141652345659 26.838625907897949 21.045807123184204 13.710301980376242 91.875803053379059 13.631835162639616 20.424689471721649 12.919506832957266 26.753283679485321 18.699041023850441 25.452668339014053 44.176691144704819
leaf_count=277 65 65 59 112 88 60 394 57 86 54 114 77 107 190
internal_value=0 0.00361389 -0.0167414 0.00787679 -0.00142907 -0.0360707 -0.00772288 0.00187732 -0.00373961 0.0202539 0.0182291 0.00535423 -0.0190206 0.00974312
internal_weight=0 245.58 41.2558 204.324 106.556 26.6084 179.458 87.582 73.9502 28.0728 97.7686 85.5098 45.8774 70.93
internal_count=1805 1042 184 858 442 119 763 369 312 119 416 354 193 304
is_linear=0
shrinkage=0.05


Tree=63
num_leaves=15
num_cat=0
split_feature=2 25 11 30 25 11 25 11 11 25 31 9 2 4
split_gain=4.63806 5.4807 6.27684 8.9723 8.40864 3.96371 4.31411 5.72517 3.88136 3.86644 3.35192 4.0636 3.31564 3.68321
threshold=40.838249206542976 0.41490000486373907 -3.4924000501632686 3.4810500144958501 -0.045800000429153435 3.8591500520706181 -0.57225000858306874 -3.7888499498367305 -4.2464001178741446 0.70344999432563793 -1.4999999999999998 4.1036999225616464 86.402149200439467 19.572800636291507
decision_type=2 2 2 8 2 2 2 2 2 2 2 10 2 2
left_child=1 2 8 4 -4 6 7 -2 -1 -7 -3 -12 13 -8
right_child=5 10 3 -5 -6 9 12 -9 -10 -11 11 -13 -14 -15
leaf_value=0.00039269049099956702 -0.0090920666900417592 0.01020263221001305 0.020487689452103778 0.046044733952661232 -0.0058432646366003644 0.034642564832443386 -0.021924209091008159 0.031481428385803527 -0.033501936133400072 -0.0062215325065685372 -0.038374597976628178 -0.00070212180884343342 0.014042549400422783 -0.0053876136987174522
leaf_weight=24.168779090046883 20.351472049951553 10.901327461004255 61.905187219381332 17.697748079895973 56.536341443657875 10.534284159541132 76.690147683024406 13.83068512380123 11.429985865950583 10.172084033489226 15.310375824570658 15.682660326361654 9.828275188803671 69.225334733724594
leaf_count=104 90 47 260 78 237 45 323 59 49 44 66 69 41 293
internal_value=0 0.00404621 0.00808869 0.0130502 0.00773708 -0.0063729 -0.00872457 0.00682101 -0.0101109 0.0137157 -0.0118354 -0.0204197 -0.0123074 -0.0142948
internal_weight=0 213.632 171.738 136.139 118.442 210.632 189.926 34.1822 35.5988 20.7064 41.8944 30.993 155.744 145.915
internal_count=1805 910 728 575 497 895 806 149 153 89 182 135 657 616
is_linear=0
shrinkage=0.05


Tree=64
num_leaves=9
num_cat=0
split_feature=29 25 25 27 15 29 7 25
split_gain=4.54455 6.85898 5.24438 8.02523 6.6834 6.50943 5.09817 0.446317
threshold=-8.6421499252319318 -1.1067500114440916 -0.32569999992847437 2.008700013160706 3.5000000000000004 -4.4614500999450675 0.36755000054836279 -0.61079999804496754
decision_type=10 2 2 10 2 10 8 2
left_child=-1 -2 3 4 -3 -4 -7 -5
right_child=1 2 5 7 -6 6 -8 -9
leaf_value=0.030093061771282972 -0.037698514431447318 0.013750821701968015 -0.032309154032354515 0.047615380533722565 -0.015435027613978206 0.016118972079489962 -0.0045775418941832301 0.021510657828272873
leaf_weight=10.833326309919356 12.506818473339079 47.651743948459625 18.715971603989601 10.365498915314676 32.307907745242119 32.983288630843163 248.670285359025 9.6122932285070402
leaf_count=46 58 202 79 45 137 137 1059 42
internal_value=0 -0.00192696 -0.000701338 0.00911634 0.00162485 -0.00406064 -0.00204099 0.0371079
internal_weight=0 412.814 400.307 99.9374 79.9597 300.37 281.654 19.9778
internal_count=1805 1759 1701 426 339 1275 1196 87
is_linear=0
shrinkage=0.05


Tree=65
num_leaves=15
num_cat=0
split_feature=28 28 28 6 28 3 1 14 7 28 28 10 9 6
split_gain=6.14842 4.96848 11.4008 7.00846 6.39406 8.75056 7.44864 6.18388 6.41739 4.55228 3.69817 7.63105 5.0181 3.42545
threshold=1.4759999513626101 4.5273001194000253 4.1280999183654794 0.81909999251365673 3.0749499797821049 37.912849426269538 1.5226500034332278 2.5000000000000004 0.64039999246597301 1.2166500091552737 7.3085501194000253 1.5525500178337099 0.8575500249862672 0.61245000362396251
decision_type=8 10 8 10 10 2 2 2 10 10 10 10 10 8
left_child=9 2 4 7 6 -6 -2 -3 -9 -1 12 -12 -5 -4
right_child=1 3 13 10 5 -7 -8 8 -10 -11 11 -13 -14 -15
leaf_value=0.0035337039773614648 -0.011210355469000467 -0.016545848793048604 -0.010183371513107574 -0.033406611712502476 0 0.038664180938291513 0.027041571852885023 0.0023676980109010727 0.034677447571476054 0.04317084115998323 0.021208459569472274 -0.027628203478726538 0.0071020774139407966 -0.047608480517420594
leaf_weight=18.248001128435138 131.05656033754349 11.029732808470724 12.510778516530992 19.509843707084659 56.541872635483742 19.670420035719872 13.299349591135977 27.439935773611069 40.677621409296989 13.630430817604063 24.158281669020653 11.111986637115477 10.706795901060103 18.221255794167519
leaf_count=75 551 47 54 87 240 83 56 115 176 57 106 50 45 80
internal_value=0 -0.000976214 -0.0052764 0.0063155 -0.00115266 0.0103872 -0.00743249 0.0163636 0.0221385 0.0216586 -0.00548175 0.00495232 -0.0183571 -0.0335804
internal_weight=0 395.934 251.3 144.634 220.568 76.2123 144.356 79.1473 68.1176 31.8784 65.4869 35.2703 30.2166 30.732
internal_count=1822 1690 1064 626 930 323 607 338 291 132 288 156 132 134
is_linear=0
shrinkage=0.05


Tree=66
num_leaves=15
num_cat=0
split_feature=6 1 0 5 6 5 6 15 3 6 9 25 14 6
split_gain=3.2619 6.5541 4.7016 5.79854 6.55757 6.48138 4.30608 6.20772 4.04353 4.38116 4.00766 3.65858 9.02556 4.49086
threshold=0.87845000624656688 1.5399500131607058 -0.056850001215934746 1.0575000047683718 0.33775000274181372 0.9584999978542329 1.5405499935150149 4.5000000000000009 23.845049858093265 1.0363500118255617 -1.0478000044822691 0.24724999815225604 9.5000000000000018 0.59935000538826
decision_type=8 2 2 10 10 10 10 2 2 8 10 2 2 10
left_child=1 2 11 5 -5 -4 7 8 9 -2 -3 13 -13 -1
right_child=6 10 3 4 -6 -7 -8 -9 -10 -11 -12 12 -14 -15
leaf_value=0.008448964120637564 0.010166996940784347 0.037204491062342089 -0.0033818949784723811 0.013917878285114758 -0.03049433812948606 0.038001021685543424 0.019655108623764683 0.017018215380024574 -0.040545103946738423 -0.03184813494469349 0.0066676481567678678 0.050779492797708464 0 -0.014295428200627744
leaf_weight=75.930547252297401 12.630412101745607 19.284058466553688 119.84672439098358 9.5335232913494092 36.49635137617588 9.7674639225006086 9.4029030650854093 10.53794291615486 20.076211988925934 10.492198318243025 29.761883959174156 14.104578554630278 19.818098500370979 29.453770250082016
leaf_count=316 55 82 510 40 154 41 43 45 92 47 125 61 86 125
internal_value=0 0.0025264 -5.37857e-05 -0.00556567 -0.0207079 0 -0.00971658 -0.0154508 -0.0240475 -0.0081102 0.0194331 0.00671206 0.0209407 0.00181856
internal_weight=0 363.997 314.951 175.644 46.0299 129.614 63.1397 53.7368 43.1988 23.1226 49.0459 139.307 33.9227 105.384
internal_count=1822 1540 1333 745 194 551 282 239 194 102 207 588 147 441
is_linear=0
shrinkage=0.05


Tree=67
num_leaves=13
num_cat=0
split_feature=28 27 28 28 28 3 1 14 0 28 4 12
split_gain=5.47279 4.87045 4.592 10.3022 5.74065 7.95083 6.46107 4.13439 7.06955 4.11587 3.29175 1.69944
threshold=1.4759999513626101 0.55164998769760143 4.5273001194000253 4.1280999183654794 3.0749499797821049 37.912849426269538 1.5226500034332278 3.5000000000000004 -0.056850001215934746 4.9131999015808114 13.618200302124025 1.7748000025749209
decision_type=8 10 10 8 10 2 2 2 2 10 2 2
left_child=1 -1 3 4 6 -6 -2 8 -4 -9 -11 -5
right_child=2 -3 7 11 5 -7 -8 9 -10 10 -12 -13
leaf_value=0 -0.010635895159966179 0.038341059379606302 0.013031158218181006 -0.017379157631270955 0 0.036747490624859949 0.025008298470145848 0.032778692570942014 -0.038582215873052932 0.020152199732293565 0 -0.045735234756755477
leaf_weight=14.865838378667833 130.87397754192352 16.971985816955566 12.43983042240143 16.113970875740055 56.507532730698586 19.649116709828377 13.254781037569044 17.056903302669525 12.291484743356703 28.545900657773018 73.611436232924461 14.390896320343016
leaf_count=61 551 71 54 71 240 83 56 74 53 123 322 63
internal_value=0 0.0204383 -0.000930353 -0.00506738 -0.00114866 0.00977984 -0.0071099 0.00609692 -0.0118861 0.0100704 0.00589421 -0.0320845
internal_weight=0 31.8378 394.736 250.79 220.285 76.1566 144.129 143.946 24.7313 119.214 102.157 30.5049
internal_count=1822 132 1690 1064 930 323 607 626 107 519 445 134
is_linear=0
shrinkage=0.05


Tree=68
num_leaves=15
num_cat=0
split_feature=31 11 7 13 15 24 25 25 14 25 12 24 27 3
split_gain=5.57878 6.33659 12.5947 6.75071 8.03366 6.04975 5.38426 4.95425 16.9129 6.06533 6.36368 5.71666 3.59846 2.28968
threshold=2.5000000000000004 -2.6623500585556026 0.5331999957561494 1.0000000180025095e-35 3.5000000000000004 -0.096599999815225587 -0.42790000140666956 0.58269998431205761 9.5000000000000018 0.24724999815225604 4.7896001338958749 0.8517499864101411 1.6937499642372134 25.872250556945804
decision_type=2 2 10 2 2 2 2 2 2 2 2 2 10 2
left_child=1 2 -1 6 -5 -2 -4 9 -9 10 -3 -10 -11 -7
right_child=5 7 3 4 -6 13 -8 8 11 12 -12 -13 -14 -15
leaf_value=-0.057811206494129956 0.0076010363814203721 0.0083004448692402845 0 0.045814538218044237 -0.011099813461221117 -0.0094982448359539288 -0.032298261385438898 0.026172691780739291 -0.055588572099479198 0.040608078207500252 -0.01926769526372589 -0.0056569421962914118 0.012182812952132582 -0.041949392310081074
leaf_weight=10.945639699697493 15.644090130925177 168.34668330848217 39.328334778547287 13.322076812386515 9.9282050579786283 11.918825417757036 18.948918238282204 18.940527305006981 14.463241055607797 20.975627943873405 22.998958870768547 11.475886255502699 32.16588120162487 16.707764863967896
leaf_count=45 66 712 173 55 42 52 81 81 63 90 96 52 139 75
internal_value=0 0.00261642 -0.00863361 -0.00141425 0.0207366 -0.0160172 -0.0107781 0.00630654 -0.00861005 0.00915876 0.00481497 -0.0349683 0.0241426 -0.0296915
internal_weight=0 381.84 92.4732 81.5275 23.2503 44.2707 58.2773 289.367 44.8797 244.487 191.346 25.9391 53.1415 28.6266
internal_count=1822 1629 396 351 97 193 254 1233 196 1037 808 115 229 127
is_linear=0
shrinkage=0.05


Tree=69
num_leaves=14
num_cat=0
split_feature=31 24 7 7 7 15 14 22 7 8 8 4 8
split_gain=5.06119 5.54685 3.64867 5.44258 7.44294 5.75055 5.89339 5.08025 4.46814 3.73713 2.86041 0.858559 0.649795
threshold=2.5000000000000004 -0.096599999815225587 1.1061999797821047 0.76104998588562023 0.7337000072002412 3.5000000000000004 6.5000000000000009 -0.35369999706745142 1.4338499903678896 -1.933850049972534 0.41324999928474432 17.445650100708011 -0.6608000099658965
decision_type=2 2 8 10 10 2 2 2 10 10 10 2 10
left_child=2 -2 3 4 9 6 -5 -7 12 -1 -3 -12 -4
right_child=1 10 8 5 -6 7 -8 -9 -10 -11 11 -13 -14
leaf_value=-0.022209154481596952 0.0072299205004732678 -0.050258112153994533 -0.013744149434448903 0 -0.038907340992294523 -0.01383711661052031 0.046752264067155935 0.021238963747106755 0.010713410615234557 0.0038788978261679076 -4.1456650850530836e-05 -0.024531351494543573 -0.040536378734622944
leaf_weight=13.80251371860504 15.650255799293516 10.157303988933565 8.9966585785150546 10.541242152452471 10.826373144984244 20.380592852830887 21.323297828435898 19.456588819622993 9.6395485401153547 257.40708278119564 9.0832882374525088 9.2123814523220044 9.1684783697128314
leaf_count=59 66 45 40 45 47 88 93 85 42 1088 40 42 42
internal_value=0 -0.0153017 0.00247649 0.00390964 0.000679805 0.0161751 0.0319159 0.00272528 -0.0146202 0.00242078 -0.0284693 -0.0140274 -0.02933
internal_weight=0 44.1032 381.542 353.738 282.036 71.7017 31.8645 39.8372 27.8047 271.21 28.453 18.2957 18.1651
internal_count=1822 193 1629 1505 1194 311 138 173 124 1147 127 82 82
is_linear=0
shrinkage=0.05


Tree=70
num_leaves=15
num_cat=0
split_feature=29 4 3 29 24 21 5 8 4 21 30 30 23 8
split_gain=4.19503 9.09798 4.21254 7.53645 9.15658 8.69986 7.23203 6.94511 5.90159 6.91194 4.85896 3.68739 2.03285 3.1163
threshold=-0.41695000231266016 15.224599838256838 37.912849426269538 -1.9469500184059141 -0.18489999324083325 -0.89849999547004689 1.5020000338554385 1.4446499943733218 10.88225030899048 0.27459999918937689 0.88850000500679027 1.5026499629020693 1.4656000137329104 -0.21365000307559964
decision_type=10 2 2 8 2 2 10 10 2 2 10 10 2 10
left_child=2 -2 3 5 -5 10 -6 -7 9 11 -1 -4 13 -10
right_child=1 -3 8 4 6 7 -8 -9 12 -11 -12 -13 -14 -15
leaf_value=0.023377463363074578 0.013856923177528031 -0.047007612105672586 -0.0099318980597425631 0.044424109610300681 -0.004226329035958108 -0.01917880687969245 0.032029824677942582 0.021709027569804099 0.008241420702919347 -0.036889864359610433 -0.010976817480650844 0.029473497245744669 0 0.031556244422818826
leaf_weight=26.469440281391144 9.7022007703781146 13.575210079550741 11.21103595197201 14.174280703067778 80.259606570005417 118.36187596619129 15.980333641171454 10.406958386301993 33.349505126476288 12.71418523788452 15.124208480119703 10.530530408024786 16.333511605858803 31.789359226822853
leaf_count=111 41 60 47 60 345 507 67 45 142 56 65 44 72 136
internal_value=0 -0.0208295 0.000770148 -0.00247244 0.00755933 -0.00912357 0.00166989 -0.0156097 0.00881527 -0.00797219 0.0103097 0.0082636 0.0162252 0.0201542
internal_weight=0 23.2774 396.705 280.777 110.414 170.362 96.2399 128.769 115.928 34.4558 41.5936 21.7416 81.4724 65.1389
internal_count=1798 101 1697 1200 472 728 412 552 497 147 176 91 350 278
is_linear=0
shrinkage=0.05


Tree=71
num_leaves=15
num_cat=0
split_feature=7 1 11 3 11 11 11 11 1 0 27 3 30 9
split_gain=3.9748 8.1347 4.82885 4.16815 3.72823 5.18771 6.29225 5.67381 5.16734 3.7068 3.6629 3.90872 3.62933 4.50943
threshold=0.37430000305175787 0.60164999961853038 0.039749998599290855 37.912849426269538 3.3921500444412236 2.0775001049041752 1.270349979400635 2.6638499498367314 0.85615000128746044 -0.3863499909639358 1.4221499562263491 49.719100952148445 0.66304999589920055 0.15730000287294391
decision_type=8 2 2 2 2 2 2 2 2 2 10 2 10 10
left_child=1 2 -1 4 5 6 -2 -7 -6 -10 12 -12 -5 -14
right_child=3 -3 -4 10 8 7 -8 -9 9 -11 11 -13 13 -15
leaf_value=0.0032772373113399756 -0.0080574621593123268 -0.016902315164120701 0.051241542052702795 -0.0043959668527433389 0.033392576314192741 -0.051830166112726686 0.018280586281502621 -0.0050289203378509513 -0.027314019707303558 0.01079924108109645 0.011458289928441449 -0.014299024652696925 0.036671067183308585 0
leaf_weight=10.303913176059725 182.84700173139572 11.735095918178557 13.739052921533583 13.875521302223204 13.465844914317129 12.873120978474619 24.949725270271301 15.388870522379873 10.046829074621201 14.762163147330284 26.422345101833344 31.217119544744492 24.213315606117249 13.554324522614477
leaf_count=43 780 49 58 59 59 59 106 67 43 64 114 138 101 58
internal_value=0 0.0153877 0.03219 -0.00190967 -0.00524685 -0.00765184 -0.0047388 -0.0277462 0.0088485 -0.00388228 0.00622574 -0.00206469 0.0158893 0.0239553
internal_weight=0 35.7781 24.043 383.616 274.334 236.059 207.797 28.262 38.2748 24.809 109.283 57.6395 51.6432 37.7676
internal_count=1798 150 101 1648 1178 1012 886 126 166 107 470 252 218 159
is_linear=0
shrinkage=0.05


Tree=72
num_leaves=13
num_cat=0
split_feature=21 0 15 21 0 32 10 10 26 10 3 25
split_gain=3.68594 4.24714 6.38434 5.42602 4.03587 4.72068 4.40811 7.42103 3.64362 2.39943 2.09807 0.344603
threshold=-2.0873500108718868 -0.49094998836517328 2.5000000000000004 -0.85725000500679005 -0.32784999907016749 1.0000000180025095e-35 -17.702700614929196 -12.510550022125242 -2.0625499486923213 0.10164999961853029 11.787849903106691 -0.099799998104572282
decision_type=2 2 2 2 2 2 8 10 8 10 2 2
left_child=-1 2 8 -4 5 -3 -6 -8 11 -7 -5 -2
right_child=1 4 3 10 6 9 7 -9 -10 -11 -12 -13
leaf_value=0.030808360090044652 -0.026745202498644219 0.045710429688112279 0.031570169487466514 -0.027780239835909343 0.030256338236960778 -0.0099406856876947357 -0.03659429767111224 -9.896013140307954e-05 -0.0057237294874351221 0.018480196371921335 0.0012796245328379071 -0.053825915717270016
leaf_weight=8.7387323677539808 10.123537212610243 9.7872851043939573 10.555976703763006 9.8124454617500323 10.448334649205206 12.708478108048441 14.231894895434378 282.83971531689167 13.602718546986578 15.001202225685118 11.783789888024328 9.3054678887128848
leaf_count=38 43 41 45 42 46 55 65 1212 58 63 50 40
internal_value=0 -0.00109532 -0.0127788 0.00239725 0.00105498 0.0164592 -0.000765815 -0.00198992 -0.0281118 0.00461416 -0.0111224 -0.0419949
internal_weight=0 410.201 65.1839 32.1522 345.017 37.497 307.52 297.072 33.0317 27.7097 21.5962 19.429
internal_count=1798 1760 278 137 1482 159 1323 1277 141 118 92 83
is_linear=0
shrinkage=0.05


Tree=73
num_leaves=10
num_cat=0
split_feature=29 29 4 6 15 9 2 12 4
split_gain=4.73872 3.62326 8.32179 4.06985 4.76693 6.18095 4.50929 6.74193 6.28601
threshold=-9.7906498908996564 -0.41695000231266016 15.224599838256838 0.87845000624656688 4.5000000000000009 0.2050999999046326 41.446001052856452 -0.24684999883174893 71.341999053955092
decision_type=10 10 2 8 2 10 2 2 2
left_child=-1 3 -3 6 5 -5 8 -8 -2
right_child=1 2 -4 4 -6 -7 7 -9 -10
leaf_value=0.039977357016826781 0.010701742822404006 0.012911669231044649 -0.045335973863891169 -0.03763301594278684 0.012540799176456877 0 0.0085393711307836621 -0.011899998405472617 -0.025864796002170093
leaf_weight=6.6403616666793814 157.29533305764198 9.7113305330276507 13.433307647705076 23.44697317481041 12.803841724991797 17.880546927452087 65.859977096319199 99.692584499716759 11.878822118043898
leaf_count=29 670 41 60 110 56 80 276 424 52
internal_value=0 -0.00107605 -0.0200821 1.53118e-05 -0.0125739 -0.0210094 0.00214151 -0.00361704 0.00791817
internal_weight=0 412.003 23.1446 388.858 54.1314 41.3275 334.727 165.553 169.174
internal_count=1798 1769 101 1668 246 190 1422 700 722
is_linear=0
shrinkage=0.05


Tree=74
num_leaves=7
num_cat=0
split_feature=29 25 10 10 29 29
split_gain=4.34443 4.4143 3.68348 4.1237 5.62556 3.83278
threshold=-9.7906498908996564 -1.066799998283386 -18.189599990844723 -12.510550022125242 -3.1482499837875362 -0.41695000231266016
decision_type=10 2 8 10 10 8
left_child=-1 -2 -3 4 -4 -5
right_child=1 2 3 5 -6 -7
leaf_value=0.038446438237060301 -0.027454800885697989 0.030539599859611619 3.2757512233501063e-05 0.0017607352978310153 -0.050202599982443821 -0.019330980162135674
leaf_weight=6.580975115299224 14.713193155825136 9.1282627135515195 10.760738372802736 345.19694477319717 9.2401455938816053 22.417525961995125
leaf_count=29 70 40 48 1471 42 98
internal_value=0 -0.00102336 0 -0.000767682 -0.0226142 0.000382116
internal_weight=0 411.457 396.744 387.615 20.0009 367.614
internal_count=1798 1769 1699 1659 90 1569
is_linear=0
shrinkage=0.05


Tree=75
num_leaves=15
num_cat=0
split_feature=29 31 14 11 29 0 0 2 2 6 9 14 28 1
split_gain=5.66062 3.87079 7.50295 4.27197 5.70345 4.25217 5.59493 4.44516 4.97836 3.33316 3.11001 3.10233 2.87583 1.49297
threshold=-7.5302999019622794 1.5000000000000002 10.500000000000002 -1.6538500189781187 -0.98734998703002919 -0.54175001382827748 -0.65959998965263356 64.83984756469728 41.446001052856452 0.84224998950958263 0.37549999356269842 14.500000000000002 4.1089498996734628 2.1924500465393071
decision_type=10 2 2 2 10 2 2 2 2 8 10 2 10 2
left_child=13 5 10 -4 -5 6 9 8 -7 -2 -3 -9 -12 -1
right_child=1 2 3 4 -6 7 -8 11 -10 -11 12 -13 -14 -15
leaf_value=0.040605434326124012 0.0060503563374187906 -0.039913477768454247 0.021684741226423832 0.011571486820423143 -0.026178466191034179 0.0074181106099762487 -0.037461411920472407 0.03352963771404157 -0.0086303861051486887 -0.026942666193235723 0.0073116883642832036 0 -0.02917437928389088 0.0079913713490676868
leaf_weight=9.9614291638135928 34.303719744086266 20.280981302261353 18.414828181266785 18.593988656997681 19.479978993535042 151.30332084000111 13.631200447678564 20.670328915119175 69.454176977276802 9.247043162584303 9.8797977119684237 10.564489439129828 9.3843430429697019 9.2174560278654081
leaf_count=43 145 88 79 80 88 653 59 87 297 41 43 46 41 41
internal_value=0 -0.000626899 -0.00941486 0.00189623 -0.00718358 0.00203283 -0.0100796 0.00489491 0.00224789 -0.000613756 -0.0260186 0.0224852 -0.00948565 0.0268027
internal_weight=0 405.208 96.0339 56.4888 38.074 309.174 57.182 251.992 220.757 43.5508 39.5451 31.2348 19.2641 19.1789
internal_count=1831 1747 419 247 168 1328 245 1083 950 186 172 133 84 84
is_linear=0
shrinkage=0.05


Tree=76
num_leaves=14
num_cat=0
split_feature=29 3 26 5 30 3 6 30 11 5 11 1 11
split_gain=5.17526 4.91347 7.42677 10.6284 5.49175 4.48903 4.77349 5.68545 4.38561 4.4697 3.45282 1.34438 1.24213
threshold=-7.5302999019622794 26.106550216674808 -1.0468999743461607 1.5174999833106997 0.62160000205039989 24.012999534606937 0.29369999468326574 1.8014000058174136 -0.17384999990463254 1.0799999833106997 1.456649959087372 2.1924500465393071 0.21169999986886981
decision_type=10 2 8 10 10 2 8 8 2 10 2 2 2
left_child=11 5 3 4 -3 6 -2 -8 9 -4 -10 -1 -7
right_child=1 2 8 -5 -6 12 7 -9 10 -11 -12 -13 -14
leaf_value=0.038856110350926024 0.028094838529293009 -0.029039844361536057 0.01227591073103994 0.043556366998594026 0.001100151193884232 0.040892599289978876 -0.0098696593534620264 0.0082968510546097638 -0.039345227266388873 -0.026436691636239198 -0.0098573702985792228 0.0076193781622489387 0.01117169981500965
leaf_weight=9.9131470769643801 15.639647692441939 17.382052451372147 18.14049315452576 12.850190341472624 89.295905627310276 9.4627880752086657 81.720792725682259 89.752097502350807 27.679689332842827 11.689977183938025 20.166198670864105 9.208735913038252 11.070501431822775
leaf_count=43 65 74 78 55 387 40 346 394 119 50 92 41 47
internal_value=0 -0.000598192 -0.00629678 0.00134121 -0.00369015 0.00469586 0.00208279 -0.000219122 -0.0183033 -0.00225627 -0.0276642 0.0256647 0.0267037
internal_weight=0 404.85 197.205 119.528 106.678 207.646 187.113 171.473 77.6764 29.8305 47.8459 19.1219 20.5333
internal_count=1831 1747 855 516 461 892 805 740 339 128 211 84 87
is_linear=0
shrinkage=0.05


Tree=77
num_leaves=15
num_cat=0
split_feature=22 21 26 5 24 25 7 6 22 9 21 7 26 27
split_gain=4.9327 8.24225 5.11898 7.28881 8.40355 6.59031 4.29348 4.07395 4.57065 7.54757 3.68667 3.67442 1.60541 1.37161
threshold=-1.4620500206947324 -0.60374999046325672 -1.0468999743461607 1.4799999594688418 -0.317450001835823 0.41490000486373907 0.5774500072002412 1.0568000078201296 -1.9636499881744383 -5.155900001525878 -0.92850002646446217 0.70464998483657848 -2.5321999788284297 -0.21249999850988385
decision_type=2 2 8 10 2 2 10 8 2 10 2 10 10 10
left_child=7 10 3 4 -3 6 -4 8 9 -1 -2 -7 -12 -11
right_child=1 2 5 -5 -6 11 -8 -9 -10 13 12 -13 -14 -15
leaf_value=0.044491587648862907 0 -0.013318070267454527 -0.0087457173872133778 0.034109253745220759 0.010607254861884616 -0.047337878659523713 0.010849686915396759 -0.0073898176272992541 0.042315161088239406 0.0029772819574187767 -0.049690146450523678 -0.0089481457569479048 -0.016141511126792584 -0.020819471574901584
leaf_weight=9.3726284056901914 11.669233053922651 53.909525193274021 68.37898625433445 20.547095149755478 110.17069575190544 12.849496588110926 46.287054419517517 15.309490993618963 16.38678048551083 10.214048624038698 12.436271935701368 16.02046962082386 9.7663046568632144 10.270357936620711
leaf_count=40 49 233 289 88 476 59 200 72 70 44 53 73 41 44
internal_value=0 -0.00162664 0.000738286 0.00630476 0.00257797 -0.00624521 -0.000605832 0.0136117 0.021104 0.00813368 -0.0249437 -0.0274009 -0.0367147 -0.00797423
internal_weight=0 362.035 328.163 184.627 164.08 143.536 114.666 61.5533 46.2438 29.857 33.8718 28.87 22.2026 20.4844
internal_count=1831 1561 1418 797 709 621 489 270 198 128 143 132 94 88
is_linear=0
shrinkage=0.05


Tree=78
num_leaves=15
num_cat=0
split_feature=3 0 2 31 9 28 11 9 11 11 5 10 10 28
split_gain=4.51044 8.53215 8.05883 4.70341 10.7735 6.5439 4.81701 4.44752 7.9848 4.14862 3.99736 3.9937 4.0879 6.49463
threshold=26.106550216674808 0.013449999969452621 49.673648834228523 -2.4999999999999996 -2.5224999189376827 2.4685500860214238 1.0000000180025095e-35 2.1567000150680546 2.1840500831604008 0.21169999986886981 1.1474999785423281 -0.59764999151229847 -1.967150032520294 2.9936000108718877
decision_type=2 2 2 2 10 8 2 10 2 2 10 10 8 10
left_child=3 2 10 4 -1 6 -5 8 -7 -9 -2 12 13 -3
right_child=1 11 -4 5 -6 7 -8 9 -10 -11 -12 -13 -14 -15
leaf_value=0.025069186440649045 0.0047985880122010686 -0.035934992710740805 -0.032671168598183663 0.0032861255234446019 -0.033569756802050703 0.0037457983507275501 0.037028389163387083 0.046724291384142282 -0.033219777431269658 0.0067676052270870084 0.031025287240301791 -0.024673348945984414 0.024280840617289044 0.0022518261524633759
leaf_weight=11.568154677748678 66.954657033085823 16.373733311891556 11.253172338008879 19.19969767332077 20.620197370648384 84.132551923394203 29.461640506982803 9.0059048235416395 17.027215749025345 27.993092253804207 19.478159427642822 51.438937127590179 9.1442423015832883 29.431099966168404
leaf_count=51 289 72 48 79 87 365 124 39 75 123 84 226 39 130
internal_value=0 -0.00477465 0.00569863 0.00553263 -0.0116696 0.00865321 0.0243925 0.00286136 -0.00236312 0.0176534 0.011141 -0.0146068 -0.00459498 -0.0110994
internal_weight=0 204.074 97.686 219.008 32.1884 186.82 48.6613 138.159 101.16 36.999 86.4328 106.388 54.9491 45.8048
internal_count=1831 888 421 943 138 805 203 602 440 162 373 467 241 202
is_linear=0
shrinkage=0.05


Tree=79
num_leaves=15
num_cat=0
split_feature=8 7 26 12 7 6 25 30 5 0 0 26 21 14
split_gain=4.42162 7.53783 7.51376 6.92426 8.96877 4.9266 5.07057 4.15082 6.09256 5.26711 7.4817 4.67568 5.13687 4.32141
threshold=0.27314999699592596 0.65219998359680187 -1.9140999913215635 1.6557000279426577 0.7238999903202058 0.3538499921560288 0.37385000288486486 0.64659997820854198 0.88549998402595531 -0.42220000922679896 -0.059650000184774392 -3.2103999853134151 -1.3556500077247617 14.500000000000002
decision_type=10 10 8 2 10 8 2 10 10 2 2 10 2 2
left_child=7 2 -2 4 -3 -4 -7 8 -1 13 -11 12 -10 -9
right_child=1 3 5 -5 -6 6 -8 9 11 10 -12 -13 -14 -15
leaf_value=-0.026752545589778048 0.016091743027577415 0.046820729836981476 -0.0012279798565381374 -0.013688532442688764 0.00090705801577893998 -0.023023181662413503 -0.066170211014257421 0.0013027012749778121 -0.00060985074613383007 0.027773746034585746 0.004551035232533601 -0.015232177346994348 0.046231266850872456 -0.038769573288885049
leaf_weight=23.360272854566574 12.087034672498701 15.309934034943579 17.030432835221291 32.783051125705242 36.168462619185448 32.033717095851898 10.180415123701094 17.4818748831749 11.079951003193854 48.418924540281296 132.98495554924011 14.30967043340206 9.8757835477590579 9.4009647965431196
leaf_count=101 52 68 72 146 161 139 47 74 49 208 572 60 41 41
internal_value=0 -0.00612992 -0.0180942 0.00375049 0.015362 -0.0255635 -0.0346666 0.00444797 -0.00704065 0.00781048 0.0109462 0.00550924 0.0208627 -0.0122497
internal_weight=0 155.593 71.3316 84.2614 51.4784 59.2446 42.2141 266.912 58.6257 208.287 181.404 35.2654 20.9557 26.8828
internal_count=1831 685 310 375 229 258 186 1146 251 895 780 150 90 115
is_linear=0
shrinkage=0.05


Tree=80
num_leaves=14
num_cat=0
split_feature=8 3 8 12 9 15 15 8 10 15 3 26 3
split_gain=5.65638 7.9305 5.59444 4.72885 4.75262 4.80266 4.52827 4.386 2.98632 2.88607 2.71448 8.54762 7.95597
threshold=0.20365000516176227 4.1728999614715585 0.055099999532103545 -10.593600273132322 -3.3683499097824092 5.5000000000000009 4.5000000000000009 0.67939999699592601 -0.99705001711845387 2.5000000000000004 37.185750961303718 -1.140499949455261 28.033049583435062
decision_type=8 2 10 2 10 2 2 10 10 2 2 10 2
left_child=1 8 10 -2 -5 6 -6 -7 -1 -4 12 -12 -3
right_child=3 2 9 4 5 7 -8 -9 -10 -11 11 -13 -14
leaf_value=0.010114956529575628 0.024555732751846734 0.0014421443255334379 0.0032393366580956706 -0.03737169200184124 -0.0068061893880989755 -0.0022058602021441821 0.01976357952742144 -0.052271232461936268 0.047311379235691398 0.041017722081234553 0.018848057687227301 -0.022346371137419978 -0.026228057051492032
leaf_weight=12.899842083454134 10.03813900053501 102.68562908470631 11.228755801916124 13.85549411177635 105.259920142591 9.597641736268999 18.14136329293251 9.8229090720415098 13.25584729015827 12.105969756841658 44.962173342704773 16.530215635895729 33.630556389689445
leaf_count=55 46 440 48 61 462 40 78 42 56 52 194 70 146
internal_value=0 0.00462612 0.00139865 -0.00727196 -0.00954181 -0.00654658 -0.00263437 -0.0294603 0.030438 0.0243368 -0.00123575 0.00728009 -0.00527255
internal_weight=0 247.299 221.143 166.715 156.677 142.822 123.401 19.4206 26.1557 23.3347 197.809 61.4924 136.316
internal_count=1790 1061 950 729 683 622 540 82 111 100 850 264 586
is_linear=0
shrinkage=0.05


Tree=81
num_leaves=11
num_cat=0
split_feature=7 29 7 29 11 11 7 22 6 9
split_gain=1.98187 7.84916 5.41552 3.9515 4.31097 6.28944 6.94193 4.47891 2.9994 5.36834
threshold=1.0712000131607058 -2.4678000211715694 1.3698500394821169 -7.8097000122070304 -3.4924000501632686 -1.4387499690055845 0.55865001678466808 1.6739499568939211 0.93079999089241039 -3.8536000251770015
decision_type=8 10 10 10 2 2 10 2 10 10
left_child=3 2 -2 -1 8 6 -6 -7 9 -5
right_child=1 -3 -4 4 5 7 -8 -9 -10 -11
leaf_value=0.028453166980901914 -0.015527442917322894 -0.049953535016577504 0.031318445430755008 0.016473557798895616 -0.0030253316502406595 0.00070539088444884638 0.029830684742833555 -0.022092626896421712 -0.037116647599071205 -0.020399411258855478
leaf_weight=12.067038536071776 14.659698545932772 9.1748385131359083 9.7232450097799283 14.7424059510231 25.509354799985886 230.7834448069334 37.513092696666718 23.099893219769001 10.540102452039717 25.760900557041168
leaf_count=53 67 43 44 62 106 984 165 107 51 108
internal_value=0 -0.0117009 0.00240264 0.000880965 0 0.00211726 0.016219 -0.00130999 -0.0134718 -0.00633145
internal_weight=0 33.5578 24.3829 380.016 367.949 316.906 63.0224 253.883 51.0434 40.5033
internal_count=1790 154 111 1636 1583 1362 271 1091 221 170
is_linear=0
shrinkage=0.05


Tree=82
num_leaves=15
num_cat=0
split_feature=8 3 8 21 12 3 10 1 26 21 10 1 25 26
split_gain=5.06798 7.23928 5.12132 4.52869 6.91758 4.84798 4.77391 5.815 4.37025 4.3331 3.96027 3.80845 4.42802 3.43086
threshold=0.20365000516176227 4.1728999614715585 0.055099999532103545 0.52294999361038219 0.22955000400543216 25.872250556945804 3.7562999725341801 0.78714999556541454 -1.6930499672889707 -0.20544999837875363 5.8071498870849618 0.79275000095367443 -0.036599999293684952 -1.7980000376701353
decision_type=8 2 10 2 2 2 10 2 8 2 10 2 2 10
left_child=1 -1 -3 6 11 -6 7 13 -8 -9 -10 -5 -13 -2
right_child=3 2 -4 4 5 -7 8 9 10 -11 -12 12 -14 -15
leaf_value=0.02908544143155601 -0.060970768159482873 -0.0012198620189768981 0.023266724639071378 0.042059025550807268 0.0062910371645822933 -0.030559102828549567 0.025927206961126128 -0.026409386828098041 0.0097206666056973631 0.010181669612103497 -0.032700662506543229 0.029996509075928397 -0.01368550244181576 -0.02296555019568745
leaf_weight=26.084261938929558 9.9401794523000699 197.42342737317085 23.295870006084442 11.544646784663199 15.516484931111334 17.650789812207222 11.73087754845619 13.086705014109613 9.3811048865318352 18.504759036004543 10.497535392642019 9.8858785182237625 11.942142143845558 26.435089275240898
leaf_count=111 43 850 100 50 69 84 49 58 40 82 45 45 52 112
internal_value=0 0.00438905 0.00129832 -0.00688989 0.00289287 -0.0127397 -0.0136586 -0.0211116 0.00166732 -0.00437239 -0.0117071 0.019126 0.00520705 -0.034715
internal_weight=0 246.804 220.719 166.116 66.5399 33.1673 99.5763 67.9667 31.6095 31.5915 19.8786 33.3727 21.828 36.3753
internal_count=1790 1061 950 729 300 153 429 295 134 140 85 147 97 155
is_linear=0
shrinkage=0.05


Tree=83
num_leaves=11
num_cat=0
split_feature=10 12 12 15 10 12 22 29 21 15
split_gain=2.84948 3.53087 7.26132 6.11353 10.0657 6.11091 6.11157 8.41839 3.52801 2.61626
threshold=-22.987450599670407 -3.536499977111816 -5.1655499935150138 5.5000000000000009 -3.3987499475479122 -2.87975001335144 -1.4275000095367429 -5.0413000583648673 -1.3097500205039976 2.5000000000000004
decision_type=10 2 2 2 10 2 2 10 2 2
left_child=-1 2 3 4 -2 -3 8 -8 -7 -4
right_child=1 5 9 -5 -6 6 7 -9 -10 -11
leaf_value=0.030726824079224748 -0.0095130858555896609 0.034556470498264477 -0.050658705428988184 -0.033932600868066792 0.031615541642801129 0.0010843142283927661 -0.042170641502455142 -5.7746516166432688e-05 0.036241853810494953 -0.014020356308298829
leaf_weight=6.8375573605298987 39.703376308083534 13.185066372156141 11.111083880066873 11.324634477496145 22.737570121884346 14.739684000611307 12.023698151111601 250.14497536420822 16.91665318608284 13.7616900652647
leaf_count=32 181 56 46 48 103 63 51 1081 72 57
internal_value=0 -0.000699619 -0.00894898 -0.000660204 0.00519869 0.00187974 0.000272251 -0.00216092 0.0209208 -0.0320484
internal_weight=0 405.648 98.6384 73.7656 62.4409 307.01 293.825 262.169 31.6563 24.8728
internal_count=1790 1758 435 332 284 1323 1267 1132 135 103
is_linear=0
shrinkage=0.05


Tree=84
num_leaves=13
num_cat=0
split_feature=8 3 8 12 9 6 25 10 6 9 3 15
split_gain=4.62766 6.75537 5.54035 3.91231 4.07923 4.37947 5.38024 5.11499 3.04877 7.3156 5.80618 2.55387
threshold=0.20365000516176227 2.2059999704360966 0.055099999532103545 -10.593600273132322 -3.3683499097824092 0.47984999418258673 0.44339999556541448 1.9620999693870547 0.36004999279975897 -0.86924999952316273 38.370000839233406 2.5000000000000004
decision_type=8 2 10 2 10 10 2 10 10 10 2 2
left_child=1 -1 8 -2 -5 7 -7 -6 9 -3 -10 -4
right_child=3 2 11 4 5 6 -8 -9 10 -11 -12 -13
leaf_value=0.038085299345949862 0.022557365405734983 0.044703186618838847 0.0045472688894240675 -0.034650324998106136 -0.031017315858645561 0.0089512081108646616 -0.016591958668331585 0.00033344435024115288 -0.0090003745847441457 -0.0033592127970427503 0.011016590158094782 0.039387948270967227
leaf_weight=13.464217916131018 9.8588274717330915 11.453736141324041 11.870830535888674 13.660066828131674 29.277624353766441 62.285222113132477 30.118386767804623 20.343549564480782 126.60591574013233 20.846211805939674 49.394651710987091 12.980377674102781
leaf_count=57 46 48 51 61 125 273 138 86 549 86 214 56
internal_value=0 0.00419795 0.00205669 -0.00659266 -0.00866498 -0.00587748 0.000311986 -0.0177903 -0.000510862 0.0133434 -0.00322567 0.0241495
internal_weight=0 246.616 233.152 165.544 155.685 142.025 92.4036 49.6212 208.301 32.2999 176.001 24.8512
internal_count=1790 1061 1004 729 683 622 411 211 897 134 763 107
is_linear=0
shrinkage=0.05


Tree=85
num_leaves=10
num_cat=0
split_feature=7 7 1 7 12 9 12 10 24
split_gain=4.37746 9.04564 4.07693 6.5119 6.88888 4.62403 4.27684 4.4256 2.11889
threshold=1.4704500436782839 1.1061999797821047 0.52650001645088207 0.51150000095367443 0.11380000133067371 -0.96455001831054676 -11.615799903869627 4.2634999752044687 -0.53450000286102284
decision_type=10 10 2 10 2 10 2 10 2
left_child=1 2 3 4 -1 -5 -4 -8 -3
right_child=-2 8 6 5 -6 -7 7 -9 -10
leaf_value=0.019900001673781975 0.033819707133013535 -0.014067808207874264 -0.03102369930934288 0 -0.018952651720368283 -0.036630428254334386 0.0096641572788674617 -0.0031874509594408472 -0.051808816304358143
leaf_weight=28.42394794523716 9.4144179224967939 11.56462022662163 7.525374323129653 13.946199476718901 17.953439250588417 23.409045025706291 208.71001082658768 94.609331421554089 8.4963462799787504
leaf_count=120 43 52 36 60 77 103 908 409 40
internal_value=0 0.000128544 0.00187097 -0.00778236 0.00428448 -0.0232827 0.00455991 0.00557464 -0.0321392
internal_weight=0 414.638 394.577 83.7326 46.3774 37.3552 310.845 303.319 20.061
internal_count=1848 1805 1713 360 197 163 1353 1317 92
is_linear=0
shrinkage=0.05


Tree=86
num_leaves=15
num_cat=0
split_feature=27 28 6 7 27 30 28 23 5 15 7 6 6 3
split_gain=4.21116 4.91906 9.00498 7.13847 6.49897 8.05447 7.61493 7.08043 5.32112 5.04383 6.50558 4.92889 3.96446 3.80992
threshold=-0.43660001456737513 2.9936000108718877 0.56670001149177562 0.66484999656677257 1.3189499974250796 1.1827999949455263 2.2157499790191655 -0.31934998929500574 0.93350002169609081 1.0000000180025095e-35 1.4094000458717348 0.8553999960422517 0.5241999924182893 37.547000885009773
decision_type=8 10 10 10 8 10 10 2 10 2 10 10 10 2
left_child=-1 4 3 13 5 7 -6 -2 -7 11 -11 -4 -8 -3
right_child=1 2 9 -5 6 8 12 -9 -10 10 -12 -13 -14 -15
leaf_value=-0.026863123284435794 0.0028700877780292429 0.0037258825659070129 0.032811447699309576 0.054377945553070677 0.0073038955223433399 0.0043774637492018705 -0.043020327447285268 -0.03168694660932652 0.040282922210612651 -0.0052513819849251738 0.037435474903724092 -0.0087673751553816615 -0.0069486488396242252 0.040040807375620963
leaf_weight=12.615744829177855 38.896639987826347 34.249270766973495 21.148146703839306 14.143197193741797 17.841851353645325 31.059342816472054 24.721066743135452 22.339051559567451 16.643510848283768 148.52947302162647 8.9144656956195814 9.1382764577865583 13.844017371535299 9.4575370997190458
leaf_count=55 163 147 96 61 77 131 108 94 71 662 40 42 60 41
internal_value=0 0.00185323 0.00638034 0.0235552 -0.00471891 0.00222145 -0.0184639 -0.00948605 0.0177114 0.00090649 -0.00256531 0.0195152 -0.030966 0.0125134
internal_weight=0 410.926 245.58 57.85 165.345 108.939 56.4069 61.2357 47.7029 187.73 157.444 30.2864 38.5651 43.7068
internal_count=1848 1793 1089 249 704 459 245 257 202 840 702 138 168 188
is_linear=0
shrinkage=0.05


Tree=87
num_leaves=15
num_cat=0
split_feature=11 22 11 11 11 11 5 23 8 4 8 1 8 11
split_gain=6.34902 8.8353 5.79852 5.74182 7.06837 8.533 7.75788 6.62277 6.80106 3.86417 5.77775 3.17337 1.67425 0.455106
threshold=3.8591500520706181 1.7729500532150271 2.0775001049041752 -2.6623500585556026 -1.4387499690055845 -1.1044500470161436 0.57850000262260448 0.30929999053478247 1.2641499638557436 25.728449821472172 -0.13265000283718106 1.2154499888420107 -0.21365000307559964 5.3855998516082773
decision_type=2 2 2 2 2 2 10 2 10 2 8 2 10 2
left_child=2 11 3 7 6 -6 -5 8 -1 12 -11 13 -4 -2
right_child=1 -3 9 4 5 -7 -8 -9 -10 10 -12 -13 -14 -15
leaf_value=-0.0083387967340121608 0.051944223938359152 -0.019763318199475202 0.01432088617688039 -0.010402953395150455 -0.03521408358913404 0.0041725802400560908 0.034176403334110796 -0.041216265950890438 0.036896423497052584 -0.052048055094596049 -0.0032395849680083182 0.0044869090803744092 -0.013921290160602423 0.025807118849405248
leaf_weight=78.122794061899185 12.621970593929293 10.001160264015196 9.1948966085910815 12.017649844288824 14.410333722829817 171.44084945321083 35.961951181292534 13.234427630901335 8.6889383643865568 13.718264043331144 12.741748169064524 9.6230916231870633 10.837919309735296 10.263798385858534
leaf_count=340 56 47 40 53 61 734 161 58 40 63 60 41 51 43
internal_value=0 0.0191183 -0.00111926 0.0011234 0.00547645 0.000898214 0.0225026 -0.00877868 -0.00333953 -0.0175969 -0.0299677 0.0319555 0 0.0420937
internal_weight=0 42.51 380.37 333.877 233.831 185.851 47.9796 100.046 86.8117 46.4928 26.46 32.5089 20.0328 22.8858
internal_count=1848 187 1661 1447 1009 795 214 438 380 214 123 140 91 99
is_linear=0
shrinkage=0.05


Tree=88
num_leaves=15
num_cat=0
split_feature=0 28 14 28 6 7 6 7 1 28 28 0 7 2
split_gain=3.6542 5.5431 8.73445 6.57988 6.07962 7.22529 4.92508 8.11724 4.41875 4.81019 4.08532 3.98443 3.85153 3.2211
threshold=-0.81060001254081715 2.9936000108718877 2.5000000000000004 2.2157499790191655 0.98374998569488536 0.86405000090599071 0.43725000321865087 0.59314998984336864 1.019149959087372 2.05774998664856 2.7536000013351445 -0.056850001215934746 0.64214998483657848 58.733800888061531
decision_type=2 10 2 8 10 10 10 10 2 10 8 2 10 2
left_child=13 3 11 8 12 -6 7 -5 9 -2 -8 -3 -4 -1
right_child=1 2 4 6 5 -7 10 -9 -10 -11 -12 -13 -14 -15
leaf_value=-0.038848092080436374 -0.0051359691412635172 0.0015109262402835024 0.0055184893447377103 -0.010484245039644905 -0.044619298786745525 0.0061192948328080889 0.0058028991252112479 -0.066539726245405259 0.033830790916204521 0.030532785541443109 -0.025424021522099605 -0.036035789838472575 0.021578200873751629 -0.0043753163155408952
leaf_weight=9.2514342069625837 61.883771076798439 10.86803148686886 69.570818483829498 20.348042458295826 9.2384995669126493 22.763712719082832 30.28333143889904 10.227712668478487 10.847870305180548 10.634246468544005 14.889614313840864 14.706497535109518 96.378720961511135 30.167154654860497
leaf_count=40 261 47 301 88 45 107 130 45 46 45 65 65 431 132
internal_value=0 0.00238195 0.00749548 -0.00464596 0.0111361 -0.00821998 -0.0153449 -0.0308084 0.00481085 0 -0.00410819 -0.0193983 0.0150325 -0.0134775
internal_weight=0 382.641 223.526 159.115 197.952 32.0022 75.7487 30.5758 83.3659 72.518 45.1729 25.5745 165.95 39.4186
internal_count=1848 1676 996 680 884 152 328 133 352 306 195 112 732 172
is_linear=0
shrinkage=0.05


Tree=89
num_leaves=14
num_cat=0
split_feature=11 21 11 11 11 11 6 0 11 24 1 12 22
split_gain=5.53341 9.03353 5.33452 5.11959 6.3606 7.83024 5.98558 5.36635 3.82217 3.73754 3.67239 2.66369 1.66616
threshold=3.8591500520706181 0.58975002169609081 2.0775001049041752 -2.6623500585556026 -1.4387499690055845 -1.1044500470161436 1.0022000074386599 -0.71869999170303334 5.3855998516082773 -0.017350000329315659 1.1258499622344973 4.5536499023437509 0.24055000394582751
decision_type=2 2 2 2 2 2 10 2 2 2 2 2 2
left_child=2 8 3 7 6 -6 -5 -1 -2 -9 11 12 -4
right_child=1 -3 10 4 5 -7 -8 9 -10 -11 -12 -13 -14
leaf_value=-0.035995696546403444 0.051393236955708035 -0.017042675277171876 -0.026080372855885992 0.031544257637261812 -0.033788679339343909 0.0039767900364318914 -0.0077028041224422254 0.0014641890089165813 0.012740329243636068 -0.025433631728692015 0.0025322307474651522 -0.047059684460032461 0
leaf_weight=14.548641875386236 14.455356091260912 11.988625556230543 11.576824620366102 35.962593853473663 14.380754828453062 171.23453187942505 11.744446173310278 70.211571663618088 15.815323159098623 14.978650495409964 14.309473574161528 10.835803352296351 9.525992810726164
leaf_count=65 65 55 52 159 61 734 55 307 67 66 64 54 44
internal_value=0 0.0178587 -0.00108613 0.00106185 0.00517923 0.000833629 0.0213842 -0.00829847 0.0325461 -0.00309421 -0.0169357 -0.0263333 -0.0136906
internal_weight=0 42.2593 379.309 333.061 233.322 185.615 47.707 99.7389 30.2707 85.1902 46.2481 31.9386 21.1028
internal_count=1848 187 1661 1447 1009 795 214 438 132 373 214 150 96
is_linear=0
shrinkage=0.05


Tree=90
num_leaves=14
num_cat=0
split_feature=31 24 11 29 10 29 6 7 7 11 12 2 7
split_gain=4.4486 5.18337 6.07448 5.17696 7.01378 6.48511 4.08361 8.69995 5.06615 5.11702 3.17747 1.72213 1.08979
threshold=1.5000000000000002 1.0764999985694887 3.8844000101089482 -1.9469500184059141 -5.9819998741149893 -1.7651000022888181 0.3567000031471253 0.63754999637603771 0.95745000243186962 -1.5582500100135801 0.11380000133067371 46.073150634765632 0.78655001521110546
decision_type=2 2 2 8 10 10 10 10 10 2 2 2 10
left_child=1 2 3 4 -1 -5 -2 10 9 -9 11 -8 -4
right_child=6 -3 12 5 -6 -7 7 8 -10 -11 -12 -13 -14
leaf_value=0.011128488367912429 0.013003277178385187 -0.027177723866893919 0.015627789787687914 0.045107713714492029 -0.010318665729893865 0.0059179828719635773 -0.031949116615699748 0.037449857409612333 -0.025501895805653103 -0.0031380157119059188 -0.051583387379221947 0 0.043791021603921232
leaf_weight=55.043961867690086 15.052846282720564 13.157266631722448 13.317004859447481 11.695087641477583 117.47722896933556 103.94738800823689 9.1540644466877001 11.267861962318419 12.959075294435022 19.865790843963627 14.686509042978285 9.5218581706285459 9.2103904783725721
leaf_count=247 64 60 57 51 503 451 40 50 60 87 68 40 40
internal_value=0 0.00274072 0.00412968 0.00205763 -0.00331894 0.0102737 -0.00966337 -0.0144443 0 0.011121 -0.0335054 -0.017011 0.0289289
internal_weight=0 323.848 310.691 288.164 172.521 115.642 92.508 77.4552 44.0927 31.1337 33.3624 18.6759 22.5274
internal_count=1818 1409 1349 1252 750 502 409 345 197 137 148 80 97
is_linear=0
shrinkage=0.05


Tree=91
num_leaves=9
num_cat=0
split_feature=11 11 5 11 11 3 26 24
split_gain=4.08494 5.77196 4.47821 3.10416 6.95673 4.09979 1.91589 0.598915
threshold=7.3472499847412118 3.8591500520706181 0.3184999972581864 1.9160000085830691 1.456649959087372 11.635849952697756 -1.9378499984741209 0.56599998474121105
decision_type=2 2 10 2 2 2 10 2
left_child=1 2 -1 4 -4 -5 -3 -8
right_child=-2 6 3 5 -6 -7 7 -9
leaf_value=-0.025907467702856908 -0.031424195581328182 0.0031059948211640733 0.00034998142540549617 -0.036864556976775473 0.033782857225241984 -0.002637523355262216 0.043111833156291766 0.016283619442517154
leaf_weight=16.578151315450668 9.6042273044586164 11.686198338866236 291.38381940126419 11.432314977049826 16.047261103987694 40.655174985527992 9.1571368277072924 9.2914552092552167
leaf_count=74 43 51 1263 52 70 184 41 40
internal_value=0 0.000759509 -0.000875502 0.000243711 0.00222832 -0.0109043 0.0216625 0.0317056
internal_weight=0 406.232 376.097 359.519 307.431 52.0875 30.1348 18.4486
internal_count=1818 1775 1643 1569 1333 236 132 81
is_linear=0
shrinkage=0.05


Tree=92
num_leaves=8
num_cat=0
split_feature=11 11 5 28 25 10 28
split_gain=3.72869 5.29355 4.06837 4.62919 4.52899 4.01621 2.53005
threshold=7.3472499847412118 3.8591500520706181 0.3184999972581864 7.3085501194000253 -1.0048500299453733 -10.538450241088865 4.1480998992919931
decision_type=2 2 10 10 2 10 10
left_child=1 2 -1 4 -4 -5 -3
right_child=-2 6 3 5 -6 -7 -8
leaf_value=-0.024736439030684579 -0.030108038345659172 0.037494063254998267 -0.03857356584041019 -0.0056581318526465335 -0.00073861621019621947 0.025908379523383575 0.0060350682139485761
leaf_weight=16.519991733133793 9.5462232083082181 12.92301018536091 7.6827845945954314 13.194980591535566 308.90682257711887 29.55175806581974 17.117066964507103
leaf_count=74 43 57 40 59 1336 134 75
internal_value=0 0.000727176 -0.000834533 0.000227693 -0.00179499 0.0156336 0.0207794
internal_weight=0 405.896 375.856 359.336 316.59 42.7467 30.0401
internal_count=1818 1775 1643 1569 1376 193 132
is_linear=0
shrinkage=0.05


Tree=93
num_leaves=9
num_cat=0
split_feature=2 11 11 11 25 11 25 14
split_gain=3.61939 4.1229 4.76186 3.23606 4.42135 4.1223 2.29856 1.3331
threshold=1.9419500231742861 7.3472499847412118 3.8591500520706181 2.0775001049041752 0.45340000092983251 1.3847500085830691 0.7414500117301942 11.500000000000002
decision_type=2 2 2 2 2 2 2 2
left_child=-1 2 3 5 -5 -2 7 -4
right_child=1 -3 6 4 -6 -7 -8 -9
leaf_value=0.031175211849873225 -0.0013481170532691463 -0.032831595016636128 0.011500128578179229 -0.0015006221983611232 -0.033447199741938723 0.01913813466945348 0 0.04322299902564089
leaf_weight=8.59253081679344 291.57042742520571 9.2584188207983953 9.845780044794088 32.5374486297369 17.255587346851826 26.26279129087925 10.136456713080404 9.5596846342086774
leaf_count=38 1264 42 43 145 85 114 44 43
internal_value=0 -0.000720944 5.06223e-06 -0.00149407 -0.0132911 0.000293544 0.0192072 0.0290768
internal_weight=0 406.427 397.168 367.626 49.793 317.833 29.5419 19.4055
internal_count=1818 1780 1738 1608 230 1378 130 86
is_linear=0
shrinkage=0.05


Tree=94
num_leaves=15
num_cat=0
split_feature=31 25 25 25 10 25 15 28 28 28 25 12 26 11
split_gain=4.19229 5.20234 8.51858 4.88672 5.11706 4.86862 4.35511 4.30748 7.1009 5.31584 4.25864 4.25521 3.78195 2.80031
threshold=1.5000000000000002 0.90205001831054699 0.24724999815225604 0.50030000507831585 6.8313000202178964 0.19444999843835833 3.5000000000000004 3.2453999519348149 2.5017000436782841 4.1089498996734628 0.32690000534057623 -9.202699661254881 -1.1290000081062315 -1.0432000160217283
decision_type=2 2 2 2 10 2 2 10 8 10 2 2 10 2
left_child=1 2 5 12 -5 11 7 8 -2 -9 -8 -1 -4 -11
right_child=6 -3 3 4 -6 -7 10 9 -10 13 -12 -13 -14 -15
leaf_value=-0.020497922196889673 -0.0073083675462543157 -0.023269508718415155 0.047889025238757099 -0.010373738431041338 0.028944868384146956 -0.034152238537747154 0.014029707171795192 0.021751584516839589 -0.067883082040027909 0 -0.023996562909232664 0.0034934510210559593 0.012354742578129525 -0.035463821408073852
leaf_weight=19.649684607982635 11.938311323523523 17.477182954549789 19.19690977036953 19.731212943792343 13.061879903078077 9.6264550238847715 27.109815523028374 10.463620901107786 9.2990325987339002 11.258807756006718 9.3095521107315999 207.35207152366638 16.608895540237427 12.572926819324493
leaf_count=94 53 78 86 91 58 42 117 45 42 52 42 888 72 58
internal_value=0 0.00266472 0.0042671 0.0197154 0.00473592 -0.000138097 -0.0094096 -0.0182375 -0.0359332 -0.00620216 0.0034389 0.00126634 0.0324918 -0.0196978
internal_weight=0 322.704 305.227 68.5989 32.7931 236.628 91.9521 55.5327 21.2373 34.2954 36.4194 227.002 35.8058 23.8317
internal_count=1818 1409 1331 307 149 1024 409 250 95 155 159 982 158 110
is_linear=0
shrinkage=0.05


Tree=95
num_leaves=10
num_cat=0
split_feature=10 30 9 23 23 10 11 22 10
split_gain=3.09817 3.50174 4.82841 4.60433 7.21786 6.11558 6.04958 2.71384 2.38327
threshold=12.848899841308596 7.7050499916076669 7.3195500373840341 2.3986499309539799 1.0313500165939333 8.3159999847412127 3.0593000650405888 -1.4620500206947324 3.0903000831604008
decision_type=8 8 8 2 2 10 2 2 10
left_child=1 3 -3 4 7 8 -6 -1 -5
right_child=-2 2 -4 5 6 -7 -8 -9 -10
leaf_value=0.0076640042284597453 -0.027096588093717507 0.047462740200327633 -0.0026435344703484073 -0.012220101426630551 0.0059883350085526291 0.0083035047771665999 0.042283905884605621 -0.0043889811041359092 -0.051615127401941907
leaf_weight=56.176134414970875 10.011332206428049 8.6914398744702321 8.1552594527602214 9.5129036679863948 41.655085071921349 11.72259511053562 16.718281909823418 243.73630999773741 10.820043697953222
leaf_count=249 45 41 41 44 184 51 75 1056 51
internal_value=0 0.000370698 0.0223887 -0.000543037 0.00102544 -0.0185884 0.0170789 -0.00203914 -0.0351196
internal_weight=0 407.188 16.8467 390.341 358.286 32.0555 58.3734 299.912 20.3329
internal_count=1837 1792 82 1710 1564 146 259 1305 95
is_linear=0
shrinkage=0.05


Tree=96
num_leaves=15
num_cat=0
split_feature=28 12 12 12 6 28 6 12 6 15 0 27 27 5
split_gain=3.04837 4.67435 7.00866 6.2268 6.14972 5.82634 4.78312 5.83976 4.51298 5.42881 4.45096 6.47215 5.17378 2.01818
threshold=5.156100034713746 -5.2163000106811515 -3.1532499790191646 -2.7466499805450435 0.3538499921560288 2.5017000436782841 0.59935000538826 -6.5916497707366934 1.0469500422477724 3.5000000000000004 0.048499999567866332 1.9411000013351443 3.7621499300003056 1.3454999923706057
decision_type=10 2 2 2 10 10 8 2 10 2 2 10 10 10
left_child=1 6 5 -4 -5 -3 7 -1 10 -10 13 -12 -13 -2
right_child=8 2 3 4 -6 -7 -8 -9 9 -11 11 12 -14 -15
leaf_value=0 0.031229402514180229 0 0.037577659088099825 0.01127412183242133 -0.0082802367280240576 -0.045789102084678013 -0.0061437355566833236 0.049538571878648505 -0.032406108456846265 0.009254003392526548 -0.032640708994950647 0.043016850170637937 -0.00063461294763592915 0.0012320613368417288
leaf_weight=9.1080615371465665 30.408473193645477 9.9998160302639025 8.7840759307146055 49.964446902275085 185.57861043512821 17.650191813707352 15.980492003262041 12.853741452097895 13.428110942244532 16.102974474430084 9.9019656330347043 9.2449211478233355 18.824849113821983 9.0743243247270566
leaf_count=41 136 42 38 210 812 74 76 56 63 76 44 40 89 40
internal_value=0 -0.00281386 -0.0051788 -0.00234026 -0.00401127 -0.0288861 0.013335 0.0284429 0.00694737 -0.00908099 0.0133982 0.000452397 0.0133684 0.025062
internal_weight=0 309.919 271.977 244.327 235.543 27.65 37.9423 21.9618 106.986 29.5311 77.4545 37.9717 28.0698 39.4828
internal_count=1837 1349 1176 1060 1022 116 173 97 488 139 349 173 129 176
is_linear=0
shrinkage=0.05


Tree=97
num_leaves=9
num_cat=0
split_feature=1 10 27 4 8 10 10 6
split_gain=2.93847 2.76842 2.23125 4.91053 4.56801 5.34691 4.7466 3.67192
threshold=2.6836500167846684 12.848899841308596 2.3042500019073491 54.298000335693366 0.12785000354051593 3.7562999725341801 9.883399963378908 1.0245000123977663
decision_type=2 8 10 2 10 10 8 10
left_child=1 2 4 7 6 -6 -1 -4
right_child=-2 -3 3 -5 5 -7 -8 -9
leaf_value=-0.00022773014919918197 0.02209791811874727 -0.027142758133951853 0.0053790373335830324 0.032902372236758001 -0.01996512163862222 0.0073252270643478674 0.037339767172191653 -0.021145459286652041
leaf_weight=181.58169765770435 13.645034059882162 9.4550369158387166 88.664548501372337 13.792464233934878 63.271827444434166 23.079563081264496 8.2601783573627454 14.649059027433394
leaf_count=789 61 43 404 63 273 98 35 71
internal_value=0 -0.0010676 -0.000343595 0.00535297 -0.0028546 -0.0123831 0.00136931 0.00129353
internal_weight=0 402.754 393.299 117.106 276.193 86.3514 189.842 103.314
internal_count=1837 1776 1733 538 1195 371 824 475
is_linear=0
shrinkage=0.05


Tree=98
num_leaves=14
num_cat=0
split_feature=2 29 28 11 10 11 10 10 24 12 5 28 23
split_gain=2.90087 4.87143 3.70491 9.41148 5.59576 4.29961 5.14028 6.10289 5.96198 5.1085 5.98562 3.85236 3.31346
threshold=80.048549652099624 -1.9969000220298765 2.9785000085830693 2.5001499652862553 -7.1333999633789054 2.1840500831604008 -10.538450241088865 -15.912750244140623 -0.34935000538825983 1.1617499589920046 0.46050000190734869 2.2157499790191655 1.2544499635696413
decision_type=2 10 10 2 10 2 10 10 2 2 10 8 2
left_child=2 -2 3 4 -1 6 7 -4 -8 12 -11 -6 -7
right_child=1 -3 5 -5 11 9 8 -9 -10 10 -12 -13 -14
leaf_value=0.022876871927098766 -0.00054112059978990142 0.039326074111831255 0.010682609079178172 0.027117462181044785 -0.0062676736523664322 -0.0062730275386315886 -0.00015063511915355742 -0.029829793280587949 0.020925638644204353 -0.05351500292476951 -0.0075751724187567556 -0.024462959760371619 0.031065158366504777
leaf_weight=9.6683569550514203 17.724883109331135 11.567464813590048 17.030165880918503 16.547606199979782 67.974133267998695 10.564275622367861 57.225614473223686 18.099367007613182 73.346174895763397 8.8706649988889676 38.514304377138615 58.379771932959557 10.681311950087546
leaf_count=41 77 50 79 74 287 46 250 86 322 44 176 254 51
internal_value=0 0.014759 -0.00141887 -0.00751055 -0.0119902 0.00244842 0.00688343 -0.00961414 0.0115325 -0.00787016 -0.0171664 -0.0149349 0.0116319
internal_weight=0 29.2923 386.902 152.57 136.022 234.332 165.701 35.1295 130.572 68.6306 47.385 126.354 21.2456
internal_count=1837 127 1710 656 582 1054 737 165 572 317 220 541 97
is_linear=0
shrinkage=0.05


Tree=99
num_leaves=8
num_cat=0
split_feature=25 25 28 5 10 0 0
split_gain=3.01354 3.90003 2.95896 4.2814 3.29791 2.83314 2.39909
threshold=-1.3184999823570249 -1.066799998283386 5.156100034713746 0.35549999773502355 12.414200305938722 -0.81060001254081715 -0.17185000330209729
decision_type=2 2 10 10 8 2 2
left_child=-1 -2 4 -4 5 -3 -5
right_child=1 2 3 6 -6 -7 -8
leaf_value=0.025916181875486645 -0.028771793048214523 -0.017923198794254792 -0.021769895552814528 0.022778955209285467 -0.02994301114911135 2.7213817397094433e-05 0.0039861480975569409
leaf_weight=10.199943542480467 11.716741822659968 23.148488268256187 9.5910279825329763 31.983390733599663 10.067103914916514 274.23362535238266 44.662336155772209
leaf_count=47 56 101 45 144 46 1193 205
internal_value=0 -0.000946058 -1.90521e-05 0.00807363 -0.00237958 -0.00131388 0.012249
internal_weight=0 405.403 393.686 86.2368 307.449 297.382 76.6457
internal_count=1837 1790 1734 394 1340 1294 349
is_linear=0
shrinkage=0.05


end of trees

feature_importances:
Column_11=115
Column_7=101
Column_12=81
Column_10=78
Column_28=76
Column_6=62
Column_25=54
Column_27=52
Column_29=48
Column_3=46
Column_5=46
Column_9=43
Column_14=37
Column_22=37
Column_8=36
Column_1=35
Column_26=34
Column_30=32
Column_4=26
Column_15=26
Column_24=26
Column_31=26
Column_21=25
Column_2=23
Column_23=22
Column_0=21
Column_32=5
Column_13=2

parameters:
[boosting: gbdt]
[objective: binary]
[metric: binary_logloss]
[tree_learner: serial]
[device_type: cpu]
[data_sample_strategy: bagging]
[data: ]
[valid: ]
[num_iterations: 100]
[learning_rate: 0.05]
[num_leaves: 15]
[num_threads: 0]
[seed: 42]
[deterministic: 0]
[force_col_wise: 0]
[force_row_wise: 0]
[histogram_pool_size: -1]
[max_depth: 5]
[min_data_in_leaf: 40]
[min_sum_hessian_in_leaf: 0.001]
[bagging_fraction: 0.7]
[pos_bagging_fraction: 1]
[neg_bagging_fraction: 1]
[bagging_freq: 5]
[bagging_seed: 400]
[feature_fraction: 0.6]
[feature_fraction_bynode: 1]
[feature_fraction_seed: 30056]
[extra_trees: 0]
[extra_seed: 12879]
[early_stopping_round: 0]
[early_stopping_min_delta: 0]
[first_metric_only: 0]
[max_delta_step: 0]
[lambda_l1: 0.5]
[lambda_l2: 0.5]
[linear_lambda: 0]
[min_gain_to_split: 0]
[drop_rate: 0.1]
[max_drop: 50]
[skip_drop: 0.5]
[xgboost_dart_mode: 0]
[uniform_drop: 0]
[drop_seed: 17869]
[top_rate: 0.2]
[other_rate: 0.1]
[min_data_per_group: 100]
[max_cat_threshold: 32]
[cat_l2: 10]
[cat_smooth: 10]
[max_cat_to_onehot: 4]
[top_k: 20]
[monotone_constraints: ]
[monotone_constraints_method: basic]
[monotone_penalty: 0]
[feature_contri: ]
[forcedsplits_filename: ]
[refit_decay_rate: 0.9]
[cegb_tradeoff: 1]
[cegb_penalty_split: 0]
[cegb_penalty_feature_lazy: ]
[cegb_penalty_feature_coupled: ]
[path_smooth: 0]
[interaction_constraints: ]
[verbosity: -1]
[saved_feature_importance_type: 0]
[use_quantized_grad: 0]
[num_grad_quant_bins: 4]
[quant_train_renew_leaf: 0]
[stochastic_rounding: 1]
[linear_tree: 0]
[max_bin: 255]
[max_bin_by_feature: ]
[min_data_in_bin: 3]
[bin_construct_sample_cnt: 200000]
[data_random_seed: 175]
[is_enable_sparse: 1]
[enable_bundle: 1]
[use_missing: 1]
[zero_as_missing: 0]
[feature_pre_filter: 1]
[pre_partition: 0]
[two_round: 0]
[header: 0]
[label_column: ]
[weight_column: ]
[group_column: ]
[ignore_column: ]
[categorical_feature: ]
[forcedbins_filename: ]
[precise_float_parser: 0]
[parser_config_file: ]
[objective_seed: 16083]
[num_class: 1]
[is_unbalance: 0]
[scale_pos_weight: 1]
[sigmoid: 1]
[boost_from_average: 1]
[reg_sqrt: 0]
[alpha: 0.9]
[fair_c: 1]
[poisson_max_delta_step: 0.7]
[tweedie_variance_power: 1.5]
[lambdarank_truncation_level: 30]
[lambdarank_norm: 1]
[label_gain: ]
[lambdarank_position_bias_regularization: 0]
[eval_at: ]
[multi_error_top_k: 1]
[auc_mu_weights: ]
[num_machines: 1]
[local_listen_port: 12400]
[time_out: 120]
[machine_list_filename: ]
[machines: ]
[gpu_platform_id: -1]
[gpu_device_id: -1]
[gpu_use_dp: 0]
[num_gpu: 1]

end of parameters

pandas_categorical:null
