symbol,timestamp,change_pct,range_pct,body_pct,upper_wick_pct,lower_wick_pct,volume_ratio_24h,volatility_24h,volatility_7d,change_4h,change_24h,change_7d,change_1d,change_3d,trend_up,hour_of_day,day_of_week,funding_rate,funding_trend,oi_change_pct,ls_ratio,taker_ratio,ema9_dist_pct,ema21_dist_pct,ema50_dist_pct,macd,macd_signal,bb_upper_dist,bb_lower_dist,bb_width_pct,dist_high_24h_pct,dist_low_24h_pct,consecutive_up,session,next_direction
BTCUSDT,2026-09-17 09:00:00+00:00,-0.1427,0.4156,34.3288,64.4137,1.2575,,,,,,,-0.9465,-1.7535,0,9,3,0.0050632900,-1.0000000000,-0.0920,1.720000,,0.0,0.0,0.0,0.0,0.0,,,,-0.411,0.0052,0,1,0
ETHUSDT,2026-09-17 09:00:00+00:00,-0.2798,0.4705,59.4783,35.7391,4.7826,,,,,,,-1.3044,-3.9371,0,9,3,0.0008092400,-1.0000000000,0.2668,1.850000,,0.0,0.0,0.0,0.0,0.0,,,,-0.4492,0.0226,0,1,0
ETHUSDT,2026-09-17 10:00:00+00:00,-0.1218,0.4102,29.7000,7.9000,62.4000,1.1880,,,-0.2798,-0.2798,-0.2798,-1.3044,-3.9371,0,10,3,0.0008092400,-1.0000000000,-0.5502,1.870000,,-0.0976,-0.1109,-0.1172,-0.2369,-0.0474,,,,-0.5717,0.2563,-1,1,1
BTCUSDT,2026-09-17 10:00:00+00:00,-0.0752,0.2691,27.9533,3.9864,68.0603,1.0110,,,-0.1427,-0.1427,-0.1427,-0.9465,-1.7535,0,10,3,0.0050632900,-1.0000000000,-0.3291,1.730000,,-0.0602,-0.0684,-0.0723,-4.5869,-0.9174,,,,-0.4866,0.1833,-1,1,1
BTCUSDT,2026-09-17 11:00:00+00:00,0.0982,0.4316,22.7549,5.5825,71.6626,0.8450,0.0337,0.0337,-0.2179,-0.2179,-0.2179,-0.9465,-1.7535,0,11,3,0.0050632900,-1.0000000000,-0.4260,1.720000,,0.0303,0.027,0.0248,-2.1454,-1.163,,,,-0.388,0.4071,1,1,1
ETHUSDT,2026-09-17 11:00:00+00:00,0.2809,0.6687,42.0147,6.5111,51.4742,1.1820,0.0790,0.0790,-0.4016,-0.4016,-0.4016,-1.3044,-3.9371,0,11,3,0.0008092400,-1.0000000000,-0.2748,1.870000,,0.1463,0.1542,0.1569,0.1258,-0.0127,,,,-0.29,0.6234,1,1,1
ETHUSDT,2026-09-17 12:00:00+00:00,0.7168,1.7174,41.7362,50.1312,8.1326,4.4950,0.2361,0.2361,-0.1207,-0.1207,-0.1207,-1.3044,-3.9371,0,12,3,0.0008092400,-1.0000000000,0.0469,1.670000,,0.6852,0.7858,0.833,1.8038,0.3506,,,,-0.8548,1.3302,2,1,1
BTCUSDT,2026-09-17 12:00:00+00:00,0.3300,1.0033,32.8944,56.9231,10.1825,3.3850,0.1015,0.1015,-0.1197,-0.1197,-0.1197,-0.9465,-1.7535,0,12,3,0.0050632900,-1.0000000000,0.2891,1.640000,,0.2872,0.3234,0.3397,19.9104,3.0517,,,,-0.5692,0.7345,2,1,0
ETHUSDT,2026-09-17 13:00:00+00:00,0.1013,1.3372,7.5730,8.3637,84.0633,1.9980,0.3863,0.3863,0.5961,0.5961,0.5961,-1.3044,-3.9371,0,13,3,0.0008092400,-1.0000000000,1.1726,1.780000,,0.6282,0.8052,0.8964,3.2957,0.9396,,,,-0.7532,1.4296,3,1,0
BTCUSDT,2026-09-17 13:00:00+00:00,-0.0412,1.1317,3.6406,17.2465,79.1129,2.2350,0.1827,0.1827,0.2103,0.2103,0.2103,-0.9465,-1.7535,0,13,3,0.0050632900,-1.0000000000,-0.4946,1.750000,,0.1968,0.2565,0.2868,34.4349,9.3283,,,,-0.6108,0.8957,-1,1,0
ETHUSDT,2026-09-17 14:00:00+00:00,-0.0471,1.3695,3.4411,63.8386,32.7203,1.8350,0.3461,0.3461,0.9772,0.6974,0.6974,-1.3044,-3.9371,0,14,3,0.0008092400,-1.0000000000,-0.2066,1.630000,,0.4651,0.6895,0.8163,4.3345,1.6186,,,,-0.9218,1.3832,-1,1,1
BTCUSDT,2026-09-17 14:00:00+00:00,-0.2573,0.9146,28.1375,55.1055,16.7570,1.5440,0.1677,0.1677,0.3118,0.1691,0.1691,-0.9465,-1.7535,0,14,3,0.0050632900,-1.0000000000,0.7748,1.660000,,-0.0486,-0.0008,0.0282,29.675,13.3977,,,,-0.8705,0.6398,-2,1,1
ETHUSDT,2026-09-17 15:00:00+00:00,0.3617,1.2547,28.8306,27.4700,43.6994,0.9130,0.3235,0.3235,1.0519,0.6503,0.6503,-1.3044,-3.9371,0,15,3,0.0008092400,-1.0000000000,-1.2557,1.710000,,0.6594,0.9526,1.1282,5.8097,2.4568,,,,-0.5577,1.739,1,1,1
BTCUSDT,2026-09-17 15:00:00+00:00,0.3645,0.7849,46.4345,14.5285,39.0370,0.9820,0.1876,0.1876,0.1297,-0.0882,-0.0882,-0.9465,-1.7535,0,15,3,0.0050632900,-1.0000000000,-0.5115,1.710000,,0.2517,0.3293,0.3759,47.8401,20.2861,,,,-0.5042,1.0007,1,1,0
BTCUSDT,2026-09-17 16:00:00+00:00,-0.0327,0.3734,8.7579,12.7704,78.4717,0.4660,0.2186,0.2186,0.3960,0.2763,0.2763,1.3199,-2.275,0,16,3,0.0088870400,1.0000000000,0.7105,1.670000,,0.1753,0.2698,0.3299,59.5246,28.1338,,,,-0.5371,0.9683,-1,2,0
ETHUSDT,2026-09-17 16:00:00+00:00,0.0154,0.7853,1.9598,15.0593,82.9809,0.5370,0.3123,0.3123,1.1327,1.0120,1.0120,3.2425,-1.5148,1,16,3,0.0064613300,1.0000000000,-1.0620,1.680000,,0.5398,0.8798,1.0985,6.9296,3.3514,,,,-0.5422,1.7541,2,2,0
ETHUSDT,2026-09-17 17:00:00+00:00,-0.3114,0.7062,44.0940,36.1812,19.7248,0.4910,0.2953,0.2953,0.4313,1.0274,1.0274,3.2425,-1.5148,1,17,3,0.0064613300,1.0000000000,-0.0463,1.680000,,0.1833,0.5184,0.7586,7.1146,4.104,,,,-0.8563,1.4473,-1,2,0
BTCUSDT,2026-09-17 17:00:00+00:00,-0.1202,0.5057,23.7629,54.8969,21.3402,0.5220,0.2058,0.2058,0.0333,0.2436,0.2436,1.3199,-2.275,0,17,3,0.0088870400,1.0000000000,0.3051,1.660000,,0.0442,0.1363,0.2018,60.6537,34.6378,,,,-0.6579,0.8492,-2,2,0
BTCUSDT,2026-09-17 18:00:00+00:00,-0.1242,0.4181,29.7129,37.4532,32.8340,0.2860,0.1998,0.1998,-0.0457,0.1234,0.1234,1.3199,-2.275,0,18,3,0.0088870400,1.0000000000,-0.6595,1.660000,,-0.0641,0.011,0.0747,53.2528,38.3608,,,,-0.7831,0.7259,-3,2,1
ETHUSDT,2026-09-17 18:00:00+00:00,-0.4549,0.5983,76.0353,5.6348,18.3299,0.3880,0.3108,0.3108,0.0186,0.7160,0.7160,3.2425,-1.5148,1,18,3,0.0064613300,1.0000000000,-0.3135,1.700000,,-0.2187,0.0576,0.2927,6.2843,4.5401,,,,-1.3176,0.9965,-2,2,0
BTCUSDT,2026-09-17 19:00:00+00:00,0.0230,0.2335,9.8489,48.6290,41.5221,0.2630,0.1940,0.1940,0.0874,-0.0008,-0.0008,1.3199,-2.275,0,19,3,0.0088870400,1.0000000000,-0.3944,1.680000,,-0.0327,0.031,0.0939,48.2595,40.3405,,,,-0.7598,0.7489,1,2,0
ETHUSDT,2026-09-17 19:00:00+00:00,-0.1081,0.4448,24.3119,33.6697,42.0183,0.3580,0.3356,0.3356,-0.3892,0.2611,0.2611,3.2425,-1.5148,1,19,3,0.0064613300,1.0000000000,-0.6705,1.720000,,-0.2614,-0.0456,0.178,5.3515,4.7023,,,,-1.4269,0.8897,-3,2,1
BTCUSDT,2026-09-17 20:00:00+00:00,-0.0401,0.3233,12.4040,60.9293,26.6667,0.1960,0.1851,0.1851,-0.2541,0.0222,0.0222,1.3199,-2.275,0,20,3,0.0088870400,1.0000000000,-0.0834,1.660000,,-0.0582,-0.0082,0.0519,41.3564,40.5437,,,,-0.8001,0.7092,-1,2,0
ETHUSDT,2026-09-17 20:00:00+00:00,0.1769,0.4812,36.7572,48.4720,14.7708,0.2150,0.3223,0.3223,-0.8590,0.1530,0.1530,3.2425,-1.5148,1,20,3,0.0064613300,1.0000000000,-0.7061,1.730000,,-0.0675,0.1191,0.3403,4.9051,4.7429,,,,-1.2478,1.0647,1,2,0
ETHUSDT,2026-09-17 21:00:00+00:00,-0.2451,0.3658,67.0011,32.8874,0.1115,0.1910,0.3119,0.3119,-0.6975,0.3299,0.3299,3.2425,-1.5148,1,21,3,0.0064613300,1.0000000000,-0.1879,1.740000,,-0.251,-0.1152,0.0913,4.0192,4.5982,,,,-1.4969,0.8212,-1,2,0
BTCUSDT,2026-09-17 21:00:00+00:00,-0.2028,0.3015,67.2735,27.3515,5.3749,0.2510,0.1776,0.1776,-0.2615,-0.0179,-0.0179,1.3199,-2.275,0,21,3,0.0088870400,1.0000000000,-0.0043,1.660000,,-0.2093,-0.1923,-0.1455,23.0881,37.0526,,,,-1.0051,0.5073,-2,2,1
ETHUSDT,2026-09-17 22:00:00+00:00,-0.0613,0.5061,12.1163,19.0630,68.8207,0.5320,0.3083,0.3083,-0.6312,0.0848,0.0848,3.2425,-1.5148,1,22,3,0.0064613300,1.0000000000,-0.1088,1.770000,,-0.25,-0.1605,0.0289,3.1597,4.3105,,,,-1.5592,0.7604,-2,2,1
BTCUSDT,2026-09-17 22:00:00+00:00,0.0266,0.2771,9.5936,18.7618,71.6446,0.4930,0.1788,0.1788,-0.3441,-0.2207,-0.2207,1.3199,-2.275,0,22,3,0.0088870400,1.0000000000,-0.1837,1.690000,,-0.1463,-0.1507,-0.1143,10.1235,31.6668,,,,-0.9784,0.5336,1,2,1
BTCUSDT,2026-09-17 23:00:00+00:00,0.0007,0.1652,0.3962,70.4437,29.1601,0.3210,0.1727,0.1727,-0.1933,-0.1941,-0.1941,1.3199,-2.275,0,23,3,0.0088870400,1.0000000000,0.1691,1.690000,,-0.1165,-0.1364,-0.1092,-0.1093,25.3116,,,,-0.9777,0.5342,2,2,1
ETHUSDT,2026-09-17 23:00:00+00:00,0.0585,0.2720,21.5038,53.0827,25.4135,0.3000,0.2976,0.2976,-0.2376,0.0235,0.0235,3.2425,-1.5148,1,23,3,0.0064613300,1.0000000000,-0.0587,1.790000,,-0.1534,-0.0931,0.0835,2.5636,3.9611,,,,-1.5002,0.818,1,2,1
ETHUSDT,2026-09-18 00:00:00+00:00,0.0491,0.5012,9.7879,2.7732,87.4388,0.4940,0.2879,0.2879,-0.0710,0.0820,0.0820,3.2425,-1.5148,1,0,4,0.0062346400,-1.0000000000,0.2587,1.810000,,-0.0835,-0.04,0.1273,2.163,3.6015,,,,-1.4505,0.8666,2,0,1
BTCUSDT,2026-09-18 00:00:00+00:00,0.2218,0.4073,54.4519,0.4179,45.1302,0.4460,0.1669,0.1669,-0.2156,-0.1934,-0.1934,1.3199,-2.275,0,0,4,0.0076118900,-1.0000000000,0.2056,1.700000,,0.0839,0.0773,0.1078,5.3801,21.3253,,,,-0.7544,0.7542,3,0,1
ETHUSDT,2026-09-18 01:00:00+00:00,0.3726,0.6117,60.9218,19.4389,19.6393,0.6040,0.2789,0.2789,-0.1988,0.1311,0.1311,3.2425,-1.5148,1,1,4,0.0062346400,-1.0000000000,0.4172,1.840000,,0.2305,0.3013,0.4785,2.5521,3.3916,,,,-1.0738,1.2346,3,0,1
BTCUSDT,2026-09-18 01:00:00+00:00,0.1876,0.3501,53.5821,19.8507,26.5672,0.5130,0.1713,0.1713,0.0463,0.0284,0.0284,1.3199,-2.275,0,1,4,0.0076118900,-1.0000000000,-0.0517,1.700000,,0.2168,0.2403,0.2832,21.0749,21.2752,,,,-0.5658,0.94,4,0,1
BTCUSDT,2026-09-18 02:00:00+00:00,0.3057,0.5137,59.5178,15.8376,24.6447,1.1270,0.1718,0.1718,0.4367,0.2160,0.2160,1.3199,-2.275,0,2,4,0.0076118900,-1.0000000000,0.1897,1.660000,,0.4168,0.495,0.5643,51.8458,27.3893,,,,-0.2592,1.242,5,0,1
ETHUSDT,2026-09-18 02:00:00+00:00,0.2149,0.5870,36.6158,27.1151,36.2691,0.8350,0.2839,0.2839,0.4189,0.5037,0.5037,3.2425,-1.5148,1,2,4,0.0062346400,-1.0000000000,0.9520,1.820000,,0.3559,0.4686,0.6652,3.2498,3.3632,,,,-0.8567,1.4469,4,0,1
ETHUSDT,2026-09-18 03:00:00+00:00,0.6528,0.9745,66.9862,28.2201,4.7937,1.5640,0.2791,0.2791,0.6951,0.7186,0.7186,3.2425,-1.5148,1,3,4,0.0062346400,-1.0000000000,-0.0339,1.730000,,0.802,1.0132,1.2585,5.0422,3.699,,,,-0.2732,2.0864,5,0,1
BTCUSDT,2026-09-18 03:00:00+00:00,0.5308,0.8408,63.1319,35.7088,1.1594,2.1730,0.1800,0.1800,0.7158,0.5217,0.5217,1.3199,-2.275,0,3,4,0.0076118900,-1.0000000000,0.8129,1.620000,,0.7541,0.9276,1.0466,107.9421,43.4999,,,,-0.2987,1.7635,6,0,1
BTCUSDT,2026-09-18 04:00:00+00:00,0.2508,0.4656,53.8739,0.0000,46.1261,0.8550,0.2079,0.2079,1.2459,1.0525,1.0525,1.3199,-2.275,0,4,4,0.0076118900,-1.0000000000,-0.1060,1.600000,,0.802,1.0688,1.2435,166.1459,68.0291,0.3626,1.9264,1.5819,-0.0476,2.0094,7,0,0
ETHUSDT,2026-09-18 04:00:00+00:00,0.1416,0.5420,26.1355,3.9464,69.9181,0.7700,0.3042,0.3042,1.2894,1.3714,1.3714,3.2425,-1.5148,1,4,4,0.0062346400,-1.0000000000,1.2585,1.680000,,0.7538,1.0484,1.3433,6.669,4.293,0.0442,2.0528,2.0298,-0.1314,2.2249,6,0,0
ETHUSDT,2026-09-18 05:00:00+00:00,-0.0758,0.6653,11.3870,66.5657,22.0472,1.0570,0.2969,0.2969,1.3819,1.5130,1.5130,3.2425,-1.5148,1,5,4,0.0062346400,-1.0000000000,0.3824,1.650000,,0.5429,0.8849,1.2188,7.7175,4.9779,-0.1443,1.922,2.0848,-0.519,2.1508,-1,0,1
BTCUSDT,2026-09-18 05:00:00+00:00,-0.1157,0.3843,30.1007,53.2886,16.6107,1.2010,0.2071,0.2071,1.2749,1.3033,1.3033,1.3199,-2.275,0,5,4,0.0076118900,-1.0000000000,0.5815,1.560000,,0.5498,0.8676,1.085,202.7061,94.9645,0.0748,1.8538,1.7964,-0.3209,1.896,-1,0,1
BTCUSDT,2026-09-18 06:00:00+00:00,0.1570,0.3496,44.9040,27.8434,27.2526,0.7620,0.2057,0.2057,0.9716,1.1876,1.1876,1.3199,-2.275,0,6,4,0.0076118900,-1.0000000000,0.0038,1.540000,,0.5645,0.9298,1.1913,238.7325,123.7181,0.0526,2.0317,1.9999,-0.1637,2.0497,1,0,1
ETHUSDT,2026-09-18 06:00:00+00:00,0.2670,0.3077,86.7628,13.2372,0.0000,0.5340,0.2915,0.2915,0.9335,1.4372,1.4372,3.2425,-1.5148,1,6,4,0.0062346400,-1.0000000000,-0.0581,1.610000,,0.6462,1.0443,1.4237,8.9792,5.7782,-0.0067,2.1047,2.1339,-0.2514,2.4113,1,0,1
BTCUSDT,2026-09-18 07:00:00+00:00,0.2565,0.3633,70.6175,17.3882,11.9943,1.5070,0.2021,0.2021,0.8229,1.3446,1.3446,1.3199,-2.275,0,7,4,0.0076118900,-1.0000000000,0.0490,1.510000,,0.6551,1.0758,1.3875,280.1123,154.9969,0.0932,2.3275,2.2616,-0.063,2.3003,2,0,1
ETHUSDT,2026-09-18 07:00:00+00:00,0.1122,0.5289,21.2167,67.4525,11.3308,1.2790,0.2878,0.2878,0.9856,1.7042,1.7042,3.2425,-1.5148,1,7,4,0.0062346400,-1.0000000000,0.6516,1.580000,,0.606,1.0502,1.474,10.088,6.6401,-0.0457,2.1746,2.2442,-0.3564,2.5207,2,0,1
BTCUSDT,2026-09-18 08:00:00+00:00,0.5930,0.8195,72.3678,4.7231,22.9091,1.9900,0.2016,0.2016,0.5486,1.6011,1.6011,1.3199,-2.275,0,8,4,0.0059534100,-1.0000000000,0.4043,1.500000,,0.9926,1.5081,1.8916,346.1311,193.2238,0.3412,3.0484,2.7539,-0.0385,2.8763,3,1,0
ETHUSDT,2026-09-18 08:00:00+00:00,0.6131,0.9197,66.6667,13.3246,20.0087,1.4430,0.2816,0.2816,0.4450,1.8164,1.8164,3.2425,-1.5148,1,8,4,0.0096618900,1.0000000000,-0.6342,1.540000,,0.969,1.5025,1.9927,12.0582,7.7238,0.2588,2.8943,2.6778,-0.1218,3.1143,3,1,1
ETHUSDT,2026-09-18 09:00:00+00:00,0.1018,0.7587,13.4211,69.4737,17.1053,2.1060,0.2956,0.2956,0.9165,2.4295,2.4295,3.2425,-1.5148,1,9,4,0.0096618900,1.0000000000,0.7379,1.520000,,0.8558,1.457,2.0103,13.6678,8.9126,0.0832,3.0892,3.0545,-0.5266,3.2129,4,1,1
BTCUSDT,2026-09-18 09:00:00+00:00,-0.0758,0.6235,12.1566,45.8795,41.9639,1.9170,0.2234,0.2234,0.8908,2.1941,2.1941,1.3199,-2.275,0,9,4,0.0059534100,-1.0000000000,-0.6501,1.460000,,0.7341,1.3032,1.7461,389.1882,232.4166,0.006,3.0423,3.0832,-0.3621,2.8028,-1,1,1
BTCUSDT,2026-09-18 10:00:00+00:00,0.1039,0.3421,30.3665,30.1047,39.5288,0.6490,0.2208,0.2213,0.9307,2.2610,2.1183,1.3199,-2.275,0,10,4,0.0059534100,-1.0000000000,0.5757,1.440000,,0.6697,1.2779,1.7756,424.9647,270.9263,-0.1283,3.1531,3.3318,-0.258,2.9036,1,1,0
ETHUSDT,2026-09-18 10:00:00+00:00,0.2254,0.5764,39.1003,59.1003,1.7993,0.8780,0.2847,0.2896,1.0941,2.8111,2.5313,3.2425,-1.5148,1,10,4,0.0096618900,1.0000000000,-0.3311,1.480000,,0.863,1.526,2.1432,15.2239,10.1748,0.0171,3.3904,3.4318,-0.3399,3.4305,5,1,0
BTCUSDT,2026-09-18 11:00:00+00:00,-0.2870,0.5794,49.5368,39.5457,10.9175,1.0680,0.2180,0.2170,0.8776,2.4401,2.2222,1.3199,-2.275,0,11,4,0.0059534100,-1.0000000000,0.6596,1.390000,,0.307,0.9034,1.4343,430.235,302.788,-0.5703,2.8642,3.4743,-0.5466,2.6241,-1,1,0
ETHUSDT,2026-09-18 11:00:00+00:00,-0.2185,0.7606,28.7284,25.3271,45.9445,1.0290,0.2810,0.2850,1.0525,3.1583,2.7567,3.2425,-1.5148,1,11,4,0.0096618900,1.0000000000,1.5286,1.440000,,0.5167,1.1913,1.8532,15.8316,11.3062,-0.3973,3.2236,3.6727,-0.5596,3.219,-1,1,0
ETHUSDT,2026-09-18 12:00:00+00:00,-0.2222,0.4432,50.1350,24.6625,25.2025,0.6510,0.2876,0.2863,0.7218,2.6589,2.5382,3.2425,-1.5148,1,12,4,0.0096618900,1.0000000000,-0.2894,1.430000,,0.2362,0.8829,1.5706,15.683,12.1815,-0.7567,3.0168,3.8166,-0.7836,2.8012,-2,1,1
BTCUSDT,2026-09-18 12:00:00+00:00,-0.0227,0.2725,8.3255,56.6322,35.0423,0.6290,0.2314,0.2243,0.3341,2.0549,1.9352,1.3199,-2.275,0,12,4,0.0059534100,-1.0000000000,-0.1414,1.370000,,0.2275,0.8008,1.3565,428.0492,327.8403,-0.7245,2.8086,3.5703,-0.5694,2.602,-2,1,1
BTCUSDT,2026-09-18 13:00:00+00:00,2.6127,3.3330,78.3893,18.2416,3.3691,8.6270,0.2266,0.2210,-0.2816,1.7022,1.9125,1.3199,-2.275,0,13,4,0.0059534100,-1.0000000000,-0.3485,1.240000,,2.2142,3.024,3.7164,584.0422,379.0806,1.0637,5.6325,4.727,-0.5925,5.0818,1,1,1
ETHUSDT,2026-09-18 13:00:00+00:00,2.0964,3.3717,62.1769,27.8871,9.9360,5.1470,0.2655,0.2872,-0.1135,1.7199,2.3160,3.2425,-1.5148,1,13,4,0.0096618900,1.0000000000,0.1153,1.360000,,1.8278,2.6529,3.4509,19.571,13.6594,0.6902,5.2702,4.7207,-0.921,4.7971,1,1,1
BTCUSDT,2026-09-18 14:00:00+00:00,1.0753,1.1619,92.5492,7.4508,0.0000,4.2130,0.5548,0.5125,2.4069,4.3561,4.5252,1.3199,-2.275,0,14,4,0.0059534100,-1.0000000000,3.1275,1.120000,,2.6035,3.6869,4.5547,768.2629,456.9171,1.2018,7.0102,6.0572,-0.0856,5.8002,2,1,0
ETHUSDT,2026-09-18 14:00:00+00:00,1.0799,1.3082,82.5501,16.4921,0.9578,3.3330,0.4841,0.4633,1.8811,3.7150,4.4124,3.2425,-1.5148,1,14,4,0.0096618900,1.0000000000,-0.5999,1.250000,,2.3013,3.3572,4.3066,24.5943,15.8464,0.9558,6.5714,5.8352,-0.2134,5.6504,2,1,1
BTCUSDT,2026-09-18 15:00:00+00:00,-0.2582,0.8570,30.1269,37.0061,32.8670,1.9300,0.5744,0.5302,3.3783,5.6887,5.6005,1.3199,-2.275,0,15,4,0.0059534100,-1.0000000000,2.9037,1.050000,,1.8812,3.1252,4.1388,887.1839,542.9704,0.3051,6.8969,6.8381,-0.5768,5.5565,-1,1,1
ETHUSDT,2026-09-18 15:00:00+00:00,0.0693,1.2389,5.5972,43.0894,51.3133,2.3160,0.5159,0.4850,2.7356,4.8420,5.4923,3.2425,-1.5148,1,15,4,0.0096618900,1.0000000000,1.8610,1.170000,,1.8952,3.1129,4.2015,28.3925,18.3556,0.3843,6.753,6.6044,-0.5334,5.7158,3,1,1
BTCUSDT,2026-09-18 16:00:00+00:00,0.1497,0.7359,20.3401,69.2709,10.3890,1.2650,0.5821,0.5275,3.4071,5.0660,5.3423,5.1491,5.5285,1,16,4,0.0089888600,1.0000000000,0.4672,1.030000,,1.6222,2.9726,4.114,979.8737,630.3511,-0.1068,7.0649,7.4301,-0.509,5.6975,1,2,1
ETHUSDT,2026-09-18 16:00:00+00:00,0.5098,1.2245,41.6377,42.4281,15.9342,1.9880,0.5154,0.4775,3.0234,4.5496,5.5616,4.6169,6.6002,1,16,4,0.0098214700,1.0000000000,1.0942,1.130000,,1.9143,3.2767,4.5036,32.0953,21.1035,0.2337,7.3273,7.3723,-0.5169,6.194,4,2,1
BTCUSDT,2026-09-18 17:00:00+00:00,0.2009,0.5402,37.1965,0.7558,62.0476,0.7530,0.5801,0.5192,3.5795,5.2484,5.4920,5.1491,5.5285,1,17,4,0.0089888600,1.0000000000,0.3657,1.010000,,1.4557,2.8794,4.1376,1054.2902,715.1389,-0.4014,7.1769,7.8441,-0.3073,5.8868,2,2,0
ETHUSDT,2026-09-18 17:00:00+00:00,0.3848,0.9972,38.5863,13.6346,47.7791,0.9700,0.5179,0.4735,3.7554,5.0440,6.0714,4.6169,6.6002,1,17,4,0.0098214700,1.0000000000,0.3728,1.090000,,1.8325,3.3162,4.679,35.4283,23.9685,0.001,7.6843,7.9904,-0.1354,6.5539,5,2,1
ETHUSDT,2026-09-18 18:00:00+00:00,0.2122,1.0244,20.7116,55.4307,23.8577,1.3910,0.5073,0.4675,2.0438,5.7402,6.4562,4.6169,6.6002,1,18,4,0.0098214700,1.0000000000,1.1751,1.120000,,1.6323,3.2008,4.6894,38.077,26.7902,-0.3303,7.7832,8.4276,-0.5666,6.7518,6,2,1
BTCUSDT,2026-09-18 18:00:00+00:00,-0.0905,0.4329,20.9070,40.0456,39.0473,0.5320,0.5758,0.5113,1.1677,5.5695,5.6929,5.1491,5.5285,1,18,4,0.0089888600,1.0000000000,0.0390,1.010000,,1.0932,2.5377,3.892,1094.7398,791.0591,-0.8781,6.9199,8.0409,-0.3981,5.8016,-1,2,1
BTCUSDT,2026-09-18 19:00:00+00:00,0.3311,0.6151,53.8276,39.6624,6.5099,0.9270,0.5749,0.5057,0.0019,5.6032,5.6024,5.1491,5.5285,1,19,4,0.0089888600,1.0000000000,-0.2581,1.030000,,1.1358,2.5995,4.0442,1135.3343,859.9141,-0.9133,7.0054,8.1675,-0.2432,6.1126,1,2,0
ETHUSDT,2026-09-18 19:00:00+00:00,0.9020,1.3515,66.7422,29.8300,3.4278,1.5620,0.4863,0.4606,1.1761,6.4073,6.6684,4.6169,6.6002,1,19,4,0.0098214700,1.0000000000,-0.1318,1.130000,,2.0096,3.6968,5.3245,41.5985,29.7519,-0.0744,8.5314,8.9857,-0.3995,7.5857,7,2,0
BTCUSDT,2026-09-18 20:00:00+00:00,-0.1080,0.3751,28.8013,8.5386,62.6601,0.5010,0.5735,0.4992,0.5912,5.9113,5.9335,5.1491,5.5285,1,20,4,0.0089888600,1.0000000000,-0.1393,1.020000,,0.8231,2.2675,3.7859,1147.2048,917.3723,-1.3038,6.6272,8.1479,-0.3516,6.0111,-1,2,1
ETHUSDT,2026-09-18 20:00:00+00:00,-0.1806,0.5972,30.2414,23.1258,46.6328,0.5430,0.4956,0.4689,2.0088,7.4174,7.5704,4.6169,6.6002,1,20,4,0.0098214700,1.0000000000,-0.8852,1.100000,,1.4658,3.2024,4.9511,43.5038,32.5022,-0.7306,8.1445,9.2168,-0.5812,7.4185,-1,2,0
ETHUSDT,2026-09-18 21:00:00+00:00,-0.1866,0.5900,31.6366,56.4433,11.9201,0.3790,0.5047,0.4669,1.3184,7.0599,7.3898,4.6169,6.6002,1,21,4,0.0098214700,1.0000000000,-0.0935,1.080000,,1.0253,2.7467,4.5862,44.109,34.8236,-1.2826,7.692,9.2718,-0.7693,7.2454,-2,2,0
BTCUSDT,2026-09-18 21:00:00+00:00,0.1443,0.2507,57.5504,29.3655,13.0841,0.3070,0.5751,0.4943,0.3335,5.8434,5.8255,5.1491,5.5285,1,21,4,0.0089888600,1.0000000000,-0.1867,1.020000,,0.7729,2.1894,3.7707,1152.7728,964.4524,-1.4039,6.4531,8.0605,-0.2069,6.1466,1,2,0
BTCUSDT,2026-09-18 22:00:00+00:00,-0.1125,0.3743,30.0658,45.6250,24.3092,0.4090,0.5680,0.4876,0.2769,6.1905,5.9698,5.1491,5.5285,1,22,4,0.0089888600,1.0000000000,0.0745,1.010000,,0.5289,1.8902,3.5187,1136.707,998.9033,-1.6989,6.0131,7.882,-0.3198,6.0408,-1,2,0
ETHUSDT,2026-09-18 22:00:00+00:00,-0.2449,0.6455,37.9351,45.6637,16.4012,0.4170,0.5022,0.4649,0.7470,7.1184,7.2032,4.6169,6.6002,1,22,4,0.0098214700,1.0000000000,-0.1541,1.060000,,0.6258,2.28,4.1813,43.5677,36.5724,-1.7809,7.1139,9.1385,-1.0167,7.0177,-3,2,0
ETHUSDT,2026-09-18 23:00:00+00:00,-0.3176,0.5398,58.8402,15.4173,25.7426,0.4220,0.5090,0.4642,0.2899,6.9348,6.9583,4.6169,6.6002,1,23,4,0.0098214700,1.0000000000,-0.5874,1.030000,,0.2474,1.7896,3.724,41.9833,37.6546,-2.2865,6.4894,8.9642,-1.3385,6.7214,-4,2,1
BTCUSDT,2026-09-18 23:00:00+00:00,-0.2976,0.4475,66.5014,19.6419,13.8567,0.3820,0.5711,0.4831,0.2549,6.0514,5.8573,5.1491,5.5285,1,23,4,0.0089888600,1.0000000000,0.6304,0.990000,,0.1857,1.4523,3.1041,1091.9169,1017.506,-2.123,5.4169,7.6661,-0.6191,5.7211,-2,2,1
BTCUSDT,2026-09-19 00:00:00+00:00,0.9701,1.0570,91.7768,0.0117,8.2115,1.0540,0.5796,0.4822,-0.3738,5.7531,5.5597,5.1491,5.5285,1,0,5,0.0100000000,1.0000000000,-0.0303,1.010000,,0.9157,2.1809,3.8767,1106.9627,1035.3973,-1.3787,6.0576,7.6144,-0.0001,6.6268,1,0,0
ETHUSDT,2026-09-19 00:00:00+00:00,0.5680,0.7729,73.4886,0.0000,26.5114,0.4640,0.5214,0.4649,-0.9297,6.5587,6.6407,4.6169,6.6002,1,0,5,0.0100000000,1.0000000000,-0.2412,1.060000,,0.6483,2.1308,4.1,41.4458,38.4128,-1.925,6.683,8.8178,-0.7666,7.2479,1,0,0
BTCUSDT,2026-09-19 01:00:00+00:00,-0.4794,0.8756,54.7552,11.0210,34.2238,0.7790,0.5976,0.4934,0.7043,6.5014,6.5298,5.1491,5.5285,1,1,5,0.0100000000,1.0000000000,2.5229,1.020000,,0.3508,1.5544,3.2799,1074.9129,1043.3005,-1.9483,5.2165,7.2838,-0.5787,5.8835,-1,0,1
ETHUSDT,2026-09-19 01:00:00+00:00,-0.5347,0.9715,55.0372,2.5480,42.4147,0.6380,0.5225,0.4633,-0.1811,7.0776,7.2087,4.6169,6.6002,1,1,5,0.0100000000,1.0000000000,0.4143,1.050000,,0.0911,1.4585,3.4435,39.4315,38.6166,-2.534,5.7355,8.404,-1.3087,6.4051,-1,0,1
BTCUSDT,2026-09-19 02:00:00+00:00,0.0124,0.2470,5.0324,77.3792,17.5884,0.2200,0.6161,0.4973,0.0806,5.8344,6.0504,5.1491,5.5285,1,2,5,0.0100000000,1.0000000000,0.1872,1.010000,,0.2906,1.4243,3.163,1038.3666,1042.3137,-1.9675,4.8043,6.8693,-0.5661,5.7504,1,0,0
ETHUSDT,2026-09-19 02:00:00+00:00,0.4055,0.4411,91.9271,1.2153,6.8576,0.2950,0.5477,0.4707,-0.5292,6.1703,6.6740,4.6169,6.6002,1,2,5,0.0100000000,1.0000000000,0.2706,1.050000,,0.3953,1.6873,3.6828,38.248,38.5428,-2.1919,5.668,7.9989,-0.8999,6.5219,1,0,0
ETHUSDT,2026-09-19 03:00:00+00:00,-0.1331,0.5224,25.4745,69.6350,4.8905,0.3390,0.5484,0.4665,0.1212,6.3609,7.0795,4.6169,6.6002,1,3,5,0.0100000000,1.0000000000,0.4338,1.040000,,0.2098,1.4145,3.4147,36.6057,38.1554,-2.3164,5.0339,7.4516,-1.0348,6.0392,-1,0,0
BTCUSDT,2026-09-19 03:00:00+00:00,-0.2025,0.3472,58.3274,36.2863,5.3863,0.2090,0.6176,0.4918,0.2055,5.5411,6.0628,5.1491,5.5285,1,3,5,0.0100000000,1.0000000000,0.1175,1.010000,,0.0707,1.1131,2.8503,984.7778,1030.8065,-2.1422,4.1668,6.3735,-0.77,5.1597,-1,0,0
ETHUSDT,2026-09-19 04:00:00+00:00,-0.0015,0.6724,0.2271,54.6281,45.1448,0.3330,0.5477,0.4633,0.3057,5.5750,6.9464,4.6169,6.6002,1,4,5,0.0100000000,1.0000000000,-0.2436,1.030000,,0.1669,1.2849,3.2797,34.8994,37.5042,-2.3053,4.5828,6.9674,-1.0359,5.7391,-2,0,1
BTCUSDT,2026-09-19 04:00:00+00:00,-0.1328,0.3901,34.0392,31.9216,34.0392,0.3290,0.6202,0.4888,0.3006,4.8078,5.8603,5.1491,5.5285,1,4,5,0.0100000000,1.0000000000,-0.0392,1.000000,,-0.0497,0.8924,2.6144,922.9782,1009.2409,-2.2434,3.6622,5.9478,-0.904,4.7251,-2,0,1
ETHUSDT,2026-09-19 05:00:00+00:00,0.3345,0.5331,62.7507,34.5989,2.6504,0.4260,0.5495,0.4587,-0.2638,5.4319,6.9449,4.6169,6.6002,1,5,5,0.0100000000,1.0000000000,-0.0926,1.010000,,0.3998,1.4672,3.4609,33.8637,36.7761,-1.9306,4.4074,6.4175,-0.6991,5.7725,1,0,0
BTCUSDT,2026-09-19 05:00:00+00:00,0.0231,0.1794,12.8699,70.8878,16.2423,0.2030,0.6236,0.4849,-0.8023,4.4242,5.7275,5.1491,5.5285,1,5,5,0.0100000000,1.0000000000,0.1581,1.000000,,-0.0214,0.8319,2.5333,865.5253,980.4977,-2.1164,3.2286,5.3749,-0.8808,4.5043,1,0,1
ETHUSDT,2026-09-19 06:00:00+00:00,-0.0392,0.3950,9.9229,18.2081,71.8690,0.2520,0.5462,0.4543,0.6054,5.8422,7.2794,4.6169,6.6002,1,6,5,0.0100000000,1.0000000000,1.2724,1.000000,,0.2886,1.2987,3.2888,32.5841,35.9377,-1.8759,3.8407,5.7733,-0.7386,5.597,-1,0,0
BTCUSDT,2026-09-19 06:00:00+00:00,0.0031,0.2162,1.4269,31.1073,67.4658,0.1890,0.6214,0.4797,-0.2998,4.5630,5.7506,5.1491,5.5285,1,6,5,0.0100000000,1.0000000000,0.1946,1.000000,,-0.0147,0.759,2.4368,810.8402,946.5662,-1.9457,2.7214,4.6853,-0.8778,4.5072,2,0,1
ETHUSDT,2026-09-19 07:00:00+00:00,-0.0217,0.4987,4.3511,68.2443,27.4046,0.3030,0.5490,0.4503,0.1607,5.5360,7.2402,4.6169,6.6002,1,7,5,0.0100000000,1.0000000000,0.2027,1.000000,,0.2135,1.1612,3.1397,31.1649,34.9831,-1.6319,3.1004,4.7673,-0.7605,5.3929,-2,0,1
BTCUSDT,2026-09-19 07:00:00+00:00,0.0757,0.2777,27.2444,64.4000,8.3556,0.2840,0.6225,0.4748,-0.3091,4.4091,5.7537,5.1491,5.5285,1,7,5,0.0100000000,1.0000000000,-0.1414,1.000000,,0.0488,0.7583,2.4122,763.6534,909.9837,-1.4989,2.0481,3.5568,-0.8015,4.3802,3,0,1
BTCUSDT,2026-09-19 08:00:00+00:00,0.2494,0.4534,54.9905,34.1039,10.9056,0.5680,0.6227,0.4698,-0.0309,4.2283,5.8294,5.1491,5.5285,1,8,5,0.0100000000,0E-10,-0.4140,1.010000,,0.2379,0.9138,2.5508,734.111,874.8091,-0.4232,1.0649,1.4929,-0.5507,4.5113,4,1,1
ETHUSDT,2026-09-19 08:00:00+00:00,0.6995,1.5388,45.4590,46.7459,7.7951,1.4570,0.5509,0.4462,0.2721,5.4021,7.2185,4.6169,6.6002,1,8,5,0.0081149700,-1.0000000000,0.0847,1.030000,,0.7257,1.6802,3.6634,31.1639,34.2193,-0.4145,2.722,3.1731,-0.7143,6.0505,1,1,0
BTCUSDT,2026-09-19 09:00:00+00:00,0.0125,0.3436,3.6520,70.7125,25.6355,0.4380,0.6169,0.4652,0.3513,3.8847,6.0788,5.1491,5.5285,1,9,5,0.0100000000,0E-10,-0.4194,1.010000,,0.2003,0.842,2.4625,703.413,840.5299,-0.2541,0.7668,1.0235,-0.5381,4.1552,5,1,0
ETHUSDT,2026-09-19 09:00:00+00:00,-0.1770,1.0770,16.4326,54.0028,29.5646,0.7590,0.5537,0.4484,0.9731,5.4885,7.9180,4.6169,6.6002,1,9,5,0.0081149700,-1.0000000000,0.1631,1.040000,,0.44,1.3693,3.356,30.4355,33.4625,-0.416,2.0483,2.4846,-0.8925,5.5585,-1,1,0
BTCUSDT,2026-09-19 10:00:00+00:00,-0.1176,0.1401,83.9333,7.8139,8.2529,0.2740,0.6157,0.4607,0.3407,3.9730,6.0913,5.1491,5.5285,1,10,5,0.0100000000,0E-10,-0.5635,1.010000,,0.0664,0.6594,2.2557,663.7275,805.1694,-0.3827,0.6243,1.0082,-0.6563,4.0425,-1,1,1
ETHUSDT,2026-09-19 10:00:00+00:00,-0.0837,0.2989,28.0101,66.4132,5.5767,0.2780,0.5591,0.4464,0.4616,5.2097,7.7410,4.6169,6.6002,1,10,5,0.0081149700,-1.0000000000,0.0130,1.040000,,0.2856,1.17,3.1469,29.3425,32.6385,-0.4657,1.7197,2.1992,-0.9767,5.4797,-2,1,1
ETHUSDT,2026-09-19 11:00:00+00:00,0.0421,0.2559,16.4444,54.0741,29.4815,0.2800,0.5623,0.4432,0.4171,4.9006,7.6573,4.6169,6.6002,1,11,5,0.0081149700,-1.0000000000,0.1954,1.040000,,0.2617,1.1011,3.0623,28.2395,31.7587,-0.3464,1.4732,1.8299,-0.9346,5.5191,1,1,1
BTCUSDT,2026-09-19 11:00:00+00:00,0.1069,0.1953,54.7289,40.9206,4.3506,0.2060,0.6182,0.4574,0.2200,3.7515,5.9737,5.1491,5.5285,1,11,5,0.0100000000,0E-10,-0.0683,1.010000,,0.1384,0.6958,2.2674,631.9873,770.533,-0.265,0.6468,0.9136,-0.549,4.1448,1,1,1
ETHUSDT,2026-09-19 12:00:00+00:00,0.0883,0.2873,30.7388,30.3430,38.9182,0.2590,0.5566,0.4391,0.4809,5.1612,7.6994,4.6169,6.6002,1,12,5,0.0081149700,-1.0000000000,0.0504,1.050000,,0.2798,1.0803,3.0244,27.2394,30.8549,-0.2501,1.3835,1.6429,-0.8455,5.6025,2,1,0
BTCUSDT,2026-09-19 12:00:00+00:00,0.0256,0.1830,13.9785,24.1935,61.8280,0.2240,0.6114,0.4529,0.2512,4.1454,6.0806,5.1491,5.5285,1,12,5,0.0100000000,0E-10,0.2770,1.010000,,0.1312,0.6557,2.2026,601.5847,736.7433,-0.2418,0.6144,0.8578,-0.5232,4.1695,2,1,1
ETHUSDT,2026-09-19 13:00:00+00:00,-0.1382,0.5926,23.3227,10.7987,65.8786,0.5340,0.5498,0.4349,-0.1303,5.4717,7.7877,4.6169,6.6002,1,13,5,0.0081149700,-1.0000000000,0.1372,1.040000,,0.1131,0.8573,2.7765,25.8534,29.8546,-0.3923,1.1323,1.5303,-0.9855,5.4715,-1,1,1
BTCUSDT,2026-09-19 13:00:00+00:00,0.0139,0.2275,6.1081,5.5135,88.3784,0.3200,0.6108,0.4487,0.0274,4.1937,6.1062,5.1491,5.5285,1,13,5,0.0100000000,0E-10,-0.2421,1.000000,,0.1161,0.6087,2.1293,571.8107,703.7568,-0.2449,0.6034,0.8499,-0.5092,4.1828,3,1,1
ETHUSDT,2026-09-19 14:00:00+00:00,0.0015,0.3386,0.4479,69.2049,30.3471,0.4440,0.3921,0.4326,-0.0915,3.2371,7.6495,4.6169,6.6002,1,14,5,0.0081149700,-1.0000000000,0.0084,1.040000,,0.092,0.7811,2.6693,24.4769,28.779,-0.4037,1.051,1.4594,-0.9836,3.1793,1,1,1
BTCUSDT,2026-09-19 14:00:00+00:00,0.2722,0.3843,70.8480,20.0640,9.0880,0.8760,0.3389,0.4446,0.0288,1.5949,6.1201,5.1491,5.5285,1,14,5,0.0100000000,0E-10,0.0004,1.000000,,0.3098,0.7987,2.3011,559.6288,674.9312,-0.0266,0.8492,0.8795,-0.2363,1.8362,4,1,1
ETHUSDT,2026-09-19 15:00:00+00:00,0.1009,0.5930,17.0077,74.2327,8.7596,0.8070,0.3395,0.4290,-0.0063,2.1587,7.6510,4.6169,6.6002,1,15,5,0.0081149700,-1.0000000000,0.1149,1.050000,,0.1544,0.8013,2.6592,23.3325,27.6897,-0.3265,1.1581,1.4908,-0.8814,2.842,2,1,1
BTCUSDT,2026-09-19 15:00:00+00:00,0.0873,0.4957,17.6150,77.0658,5.3191,1.6000,0.2703,0.4410,0.4186,0.7918,6.3923,5.1491,5.5285,1,15,5,0.0100000000,0E-10,0.6397,1.020000,,0.3174,0.8047,2.2928,549.3867,649.8223,-0.0164,0.959,0.9801,-0.3817,1.4023,5,1,1
BTCUSDT,2026-09-19 16:00:00+00:00,0.2324,0.5709,40.7082,19.4850,39.8069,0.9470,0.2635,0.4370,0.3990,1.1373,6.4796,1.1358,7.7469,1,16,5,0.0100000000,0E-10,-0.3569,1.010000,,0.4389,0.9407,2.4205,550.2343,629.9047,0.0911,1.2255,1.1419,-0.1489,1.5358,6,2,0
ETHUSDT,2026-09-19 16:00:00+00:00,0.3318,0.6114,54.2751,11.5861,34.1388,0.6250,0.3395,0.4251,0.0525,2.1903,7.7519,2.2,10.3853,1,16,5,0.0036826900,-1.0000000000,-0.7657,1.040000,,0.3877,1.0267,2.8643,22.8688,26.7255,-0.097,1.5191,1.6277,-0.5478,2.6665,3,2,0
BTCUSDT,2026-09-19 17:00:00+00:00,-0.4607,0.5113,90.1028,3.7533,6.1439,1.0550,0.2654,0.4334,0.6058,1.2200,6.7120,1.1358,7.7469,1,17,5,0.0100000000,0E-10,0.5078,1.010000,,-0.0177,0.4382,1.8916,514.5537,606.8345,-0.3903,0.7599,1.1523,-0.6125,1.0799,-1,2,0
ETHUSDT,2026-09-19 17:00:00+00:00,-0.1669,1.1854,14.0764,75.6369,10.2866,1.6420,0.3321,0.4221,0.2960,2.0123,8.0837,2.2,10.3853,1,17,5,0.0036826900,-1.0000000000,0.8303,1.060000,,0.177,0.783,2.5959,21.8923,25.7589,-0.3295,1.3494,1.6875,-1.0653,2.2826,-1,2,0
ETHUSDT,2026-09-19 18:00:00+00:00,-0.2500,0.4852,51.5199,16.4458,32.0343,0.7180,0.3296,0.4203,0.2673,1.4606,7.9168,2.2,10.3853,1,18,5,0.0036826900,-1.0000000000,-0.8798,1.050000,,-0.0585,0.4858,2.2596,20.3504,24.6772,-0.5982,1.0497,1.6516,-1.3185,1.4315,-2,2,0
BTCUSDT,2026-09-19 18:00:00+00:00,-0.0318,0.2619,12.1425,38.4904,49.3671,0.6850,0.2822,0.4362,0.1312,0.5584,6.2513,1.1358,7.7469,1,18,5,0.0100000000,0E-10,-0.8125,1.000000,,-0.0395,0.3697,1.7875,478.6769,581.203,-0.4358,0.7068,1.1441,-0.6444,0.7744,-2,2,0
ETHUSDT,2026-09-19 19:00:00+00:00,-0.1399,0.3370,41.5073,20.2475,38.2452,0.4080,0.3337,0.4198,0.0158,0.9984,7.6668,2.2,10.3853,1,19,5,0.0036826900,-1.0000000000,-0.5614,1.050000,,-0.1593,0.3145,2.0391,18.6154,23.4648,-0.7,0.7839,1.4845,-1.4609,1.2551,-3,2,1
BTCUSDT,2026-09-19 19:00:00+00:00,-0.0803,0.2106,38.1564,16.5694,45.2742,0.3350,0.2814,0.4329,-0.1728,0.6171,6.2195,1.1358,7.7469,1,19,5,0.0100000000,0E-10,-0.0335,1.000000,,-0.0959,0.2633,1.6415,439.8962,552.9416,-0.4942,0.5476,1.042,-0.7254,0.6561,-3,2,0
BTCUSDT,2026-09-19 20:00:00+00:00,-0.2520,0.4414,57.1031,19.4986,23.3983,0.8170,0.2748,0.4299,-0.3404,0.2057,6.1392,1.1358,7.7469,1,20,5,0.0100000000,0E-10,-0.1826,0.990000,,-0.2791,0.0103,1.3384,388.1461,519.9825,-0.6864,0.2995,0.984,-0.9798,0.4051,-4,2,0
ETHUSDT,2026-09-19 20:00:00+00:00,0.0364,0.3189,11.4286,55.7143,32.8571,0.4740,0.2828,0.4177,-0.2250,-0.0435,7.5269,2.2,10.3853,1,20,5,0.0036826900,-1.0000000000,-0.1439,1.040000,,-0.0985,0.3186,1.9931,17.1196,22.1958,-0.6712,0.7925,1.4646,-1.4243,1.2907,1,2,0
BTCUSDT,2026-09-19 21:00:00+00:00,-0.0799,0.4541,17.5896,21.6069,60.8035,1.1580,0.2788,0.4287,-0.8248,0.0617,5.8872,1.1358,7.7469,1,21,5,0.0100000000,0E-10,-0.5039,0.990000,,-0.2875,-0.0634,1.21,338.0007,483.5862,-0.7689,0.2462,1.0124,-1.0607,0.3254,-5,2,1
ETHUSDT,2026-09-19 21:00:00+00:00,-0.3176,0.8383,37.8904,15.7537,46.3558,1.1340,0.2804,0.4143,-0.5204,0.1735,7.5633,2.2,10.3853,1,21,5,0.0036826900,-1.0000000000,-0.5635,1.020000,,-0.334,0.0009,1.6149,15.085,20.7736,-0.9294,0.3574,1.2831,-1.7475,0.9762,-1,2,1
ETHUSDT,2026-09-19 22:00:00+00:00,0.1245,0.4934,25.2315,8.1019,66.6667,0.5800,0.2853,0.4148,-0.6711,0.0425,7.2457,2.2,10.3853,1,22,5,0.0036826900,-1.0000000000,-1.2242,1.030000,,-0.1674,0.1138,1.6691,13.5798,19.3349,-0.7899,0.4387,1.2265,-1.621,1.0993,1,2,1
BTCUSDT,2026-09-19 22:00:00+00:00,0.2076,0.3649,56.8966,2.5355,40.5680,0.5140,0.2776,0.4258,-0.4440,-0.1625,5.8073,1.1358,7.7469,1,22,5,0.0100000000,0E-10,-0.5314,1.000000,,-0.0639,0.1307,1.3591,308.2787,448.5247,-0.5583,0.4558,1.0135,-0.8514,0.5318,1,2,0
ETHUSDT,2026-09-19 23:00:00+00:00,0.0589,0.3247,18.1499,65.3396,16.5105,0.5770,0.2816,0.4114,-0.2966,0.4119,7.3702,2.2,10.3853,1,23,5,0.0036826900,-1.0000000000,0.3401,1.030000,,-0.0867,0.157,1.6593,12.3694,17.9418,-0.6944,0.4135,1.1063,-1.5611,1.1575,2,2,0
BTCUSDT,2026-09-19 23:00:00+00:00,-0.0087,0.1923,4.5455,69.5262,25.9283,0.6570,0.2799,0.4226,-0.2046,0.1576,6.0149,1.1358,7.7469,1,23,5,0.0100000000,0E-10,0.2773,1.010000,,-0.0581,0.1109,1.2975,280.9128,415.0023,-0.5665,0.4323,0.9982,-0.8603,0.5231,-1,2,1
ETHUSDT,2026-09-20 00:00:00+00:00,-0.2022,0.2926,69.0909,4.1558,26.7532,0.5100,0.2728,0.4082,-0.0978,0.7884,7.4291,2.2,10.3853,1,0,6,0.0063245900,1.0000000000,0.2196,1.020000,,-0.2316,-0.0412,1.4028,10.8558,16.5246,-0.8611,0.1468,1.0043,-1.7669,0.9573,-1,0,0
BTCUSDT,2026-09-20 00:00:00+00:00,0.0343,0.1534,22.3917,32.9053,44.7030,0.4250,0.2727,0.4194,-0.1330,0.4465,6.0062,1.1358,7.7469,1,0,6,0.0100000000,0E-10,-0.1803,1.000000,,-0.0191,0.1318,1.2791,258.4886,383.6996,-0.5228,0.4261,0.9485,-0.8258,0.5571,1,0,0
ETHUSDT,2026-09-20 01:00:00+00:00,-0.2844,0.5537,51.3755,2.8198,45.8047,0.9940,0.2525,0.4069,-0.3364,0.0182,7.2269,2.2,10.3853,1,1,6,0.0063245900,1.0000000000,-0.1208,1.010000,,-0.414,-0.2969,1.0775,8.9503,15.0097,-1.1911,-0.0616,1.1224,-2.0572,0.6748,-2,0,0
BTCUSDT,2026-09-20 01:00:00+00:00,-0.2179,0.3330,65.4472,4.3607,30.1922,0.8160,0.1874,0.4162,0.1533,-0.4893,6.0405,1.1358,7.7469,1,1,6,0.0100000000,0E-10,0.0590,0.990000,,-0.19,-0.0784,1.0217,223.8464,351.7289,-0.737,0.1964,0.9309,-1.046,0.2908,-1,0,0
ETHUSDT,2026-09-20 02:00:00+00:00,-1.7368,2.2133,78.4679,8.0400,13.4921,4.5450,0.2347,0.4068,-0.3032,0.2685,6.9425,2.2,10.3853,1,2,6,0.0063245900,1.0000000000,-0.5267,1.000000,,-1.751,-1.8814,-0.6446,3.7273,12.7532,-3.4937,-1.1085,2.3315,-3.861,0.3039,-3,0,1
BTCUSDT,2026-09-20 02:00:00+00:00,-0.9494,1.1443,82.9705,7.3184,9.7111,4.9020,0.1669,0.4147,0.0153,-0.2278,5.8226,1.1358,7.7469,1,2,6,0.0100000000,0E-10,0.2269,0.960000,,-0.9203,-0.9434,0.0702,132.7456,307.9323,-1.8898,-0.4837,1.3896,-2.0145,0.1122,-2,0,1
ETHUSDT,2026-09-20 03:00:00+00:00,0.5340,1.0563,50.5519,11.9573,37.4908,2.4080,0.4098,0.4622,-2.1645,-1.8738,5.2057,2.2,10.3853,1,3,6,0.0063245900,1.0000000000,-2.1869,1.040000,,-0.9685,-1.2185,-0.1057,0.6888,10.3404,-3.0929,-0.2715,2.7747,-3.3093,0.925,1,0,0
BTCUSDT,2026-09-20 03:00:00+00:00,0.1906,0.5131,37.1512,11.3807,51.4681,2.9900,0.2511,0.4307,-1.1417,-1.1896,4.8732,1.1358,7.7469,1,3,6,0.0100000000,0E-10,-1.1922,0.980000,,-0.5826,-0.683,0.2501,72.0706,260.7599,-1.7768,-0.1341,1.6271,-1.8204,0.4539,1,0,0
ETHUSDT,2026-09-20 04:00:00+00:00,-0.3050,0.4596,66.3583,3.1119,30.5299,0.7800,0.4274,0.4621,-1.6894,-1.2067,5.7397,2.2,10.3853,1,4,6,0.0063245900,1.0000000000,1.8135,1.040000,,-1.0219,-1.3892,-0.3958,-2.329,7.8065,-3.5017,-0.2313,3.2106,-3.6254,0.6219,-1,0,0
BTCUSDT,2026-09-20 04:00:00+00:00,-0.0558,0.2855,19.5472,23.7701,56.6826,0.8290,0.2534,0.4277,-0.9424,-0.7965,5.0638,1.1358,7.7469,1,4,6,0.0100000000,0E-10,-0.0118,0.990000,,-0.511,-0.672,0.1868,20.1302,212.634,-1.8888,-0.0263,1.8449,-1.8773,0.3983,-1,0,1
BTCUSDT,2026-09-20 05:00:00+00:00,0.0536,0.2963,18.0864,65.2539,16.6597,1.1230,0.2526,0.4249,-1.0325,-0.7195,5.0080,1.1358,7.7469,1,5,6,0.0100000000,0E-10,0.1351,0.990000,,-0.3656,-0.5618,0.2309,-17.3471,166.6378,-1.8586,0.1562,1.9978,-1.8226,0.4518,1,0,0
ETHUSDT,2026-09-20 05:00:00+00:00,-0.0717,0.5010,14.3189,43.1889,42.4923,0.7880,0.4303,0.4611,-1.7922,-1.5102,5.4347,2.2,10.3853,1,5,6,0.0063245900,1.0000000000,0.3863,1.060000,,-0.8758,-1.3294,-0.4499,-4.8152,5.2821,-3.6419,0.0046,3.5813,-3.7002,0.5502,-2,0,0
ETHUSDT,2026-09-20 06:00:00+00:00,-0.1571,0.6216,25.2809,43.8826,30.8365,1.0040,0.4222,0.4581,-1.5795,-1.9164,5.3630,2.2,10.3853,1,6,6,0.0063245900,1.0000000000,-0.1249,1.070000,,-0.828,-1.3539,-0.5845,-7.0321,2.8193,-3.8543,0.146,3.9275,-3.8638,0.3933,-3,0,1
BTCUSDT,2026-09-20 06:00:00+00:00,-0.2282,0.5031,45.3557,31.2006,23.4437,1.6090,0.2529,0.4218,-0.7610,-0.6890,5.0616,1.1358,7.7469,1,6,6,0.0100000000,0E-10,-0.0217,0.990000,,-0.4761,-0.7198,0.0027,-61.1582,121.0786,-2.1373,0.089,2.2038,-2.0554,0.2241,-1,0,0
BTCUSDT,2026-09-20 07:00:00+00:00,-0.0011,0.1695,0.6613,79.0595,20.2792,0.6470,0.2559,0.4203,-0.0398,-0.9203,4.8334,1.1358,7.7469,1,7,6,0.0100000000,0E-10,0.2269,1.000000,,-0.3819,-0.6555,0.0014,-94.8659,77.8897,-2.1547,0.2303,2.3623,-2.0567,0.2228,-2,0,0
ETHUSDT,2026-09-20 07:00:00+00:00,0.0890,0.2821,31.5427,25.6198,42.8375,0.5640,0.4224,0.4556,0.0002,-2.0343,5.2059,2.2,10.3853,1,7,6,0.0063245900,1.0000000000,-1.4478,1.080000,,-0.5907,-1.1489,-0.4757,-8.5062,0.5542,-3.7526,0.471,4.1553,-3.7714,0.4819,1,0,0
BTCUSDT,2026-09-20 08:00:00+00:00,-0.0502,0.3558,14.1106,50.2101,35.6793,0.7730,0.2549,0.4174,-0.2315,-0.9971,4.8323,1.1358,7.7469,1,8,6,0.0100000000,0E-10,0.4352,1.000000,,-0.346,-0.642,-0.0471,-123.4167,37.6284,-2.2066,0.3147,2.4977,-2.1081,0.1726,-3,1,1
ETHUSDT,2026-09-20 08:00:00+00:00,-0.0703,0.5638,12.4656,50.7576,36.7769,0.6890,0.4237,0.4524,-0.4448,-1.9236,5.2949,2.2,10.3853,1,8,6,0.0044447000,-1.0000000000,-0.4685,1.090000,,-0.5291,-1.1091,-0.5249,-9.7085,-1.4983,-3.7768,0.614,4.3224,-3.8444,0.4119,-1,1,1
ETHUSDT,2026-09-20 09:00:00+00:00,0.1892,0.5036,37.5772,59.6451,2.7778,0.8890,0.3913,0.4496,-0.2101,-2.6934,5.2246,2.2,10.3853,1,9,6,0.0044447000,-1.0000000000,-0.1686,1.110000,,-0.2714,-0.8347,-0.3219,-10.1514,-3.2289,-3.5062,0.9553,4.4053,-3.6483,0.6,1,1,0
BTCUSDT,2026-09-20 09:00:00+00:00,0.2413,0.4204,57.3970,37.9188,4.6843,0.7150,0.2476,0.4147,-0.2259,-1.2967,4.7821,1.1358,7.7469,1,9,6,0.0100000000,0E-10,-0.3777,1.020000,,-0.0835,-0.3634,0.1861,-128.9353,4.3157,-1.926,0.6312,2.5407,-1.8623,0.4129,1,1,0
BTCUSDT,2026-09-20 10:00:00+00:00,-0.1765,0.2607,67.7158,30.6152,1.6691,0.4980,0.2543,0.4124,-0.0382,-1.0679,5.0234,1.1358,7.7469,1,10,6,0.0100000000,0E-10,-0.0870,1.030000,,-0.2085,-0.4918,0.0091,-143.1252,-25.1725,-2.0289,0.5344,2.5443,-2.0426,0.2366,-1,1,1
ETHUSDT,2026-09-20 10:00:00+00:00,-0.3169,0.4192,75.5782,15.9112,8.5106,0.7320,0.3956,0.4467,0.0508,-2.3272,5.4138,2.2,10.3853,1,10,6,0.0044447000,-1.0000000000,0.5029,1.140000,,-0.4721,-1.0502,-0.6157,-11.0344,-4.79,-3.7572,0.8234,4.5144,-3.9777,0.284,-1,1,1
BTCUSDT,2026-09-20 11:00:00+00:00,0.1927,0.3089,62.3790,21.4516,16.1694,0.6390,0.2553,0.4106,0.0135,-1.1268,4.8469,1.1358,7.7469,1,11,6,0.0100000000,0E-10,-0.2334,1.030000,,-0.0126,-0.2713,0.1936,-140.2629,-48.1906,-1.7102,0.7493,2.4477,-1.8462,0.4286,1,1,1
ETHUSDT,2026-09-20 11:00:00+00:00,0.2972,0.5459,54.4547,13.6850,31.8603,0.7920,0.3980,0.4460,-0.1090,-2.5604,5.0969,2.2,10.3853,1,11,6,0.0044447000,-1.0000000000,-1.2974,1.160000,,-0.1398,-0.6828,-0.3054,-10.9919,-6.0304,-3.3089,1.2166,4.4787,-3.67,0.5791,1,1,1
ETHUSDT,2026-09-20 12:00:00+00:00,0.0427,0.4391,9.7173,26.3251,63.9576,0.6450,0.4052,0.4438,0.0992,-2.3053,5.3941,2.2,10.3853,1,12,6,0.0044447000,-1.0000000000,0.3217,1.170000,,-0.078,-0.5821,-0.2527,-10.7463,-6.9736,-3.028,1.2916,4.2824,-3.6262,0.6212,2,1,1
BTCUSDT,2026-09-20 12:00:00+00:00,0.0121,0.2555,4.7202,19.8054,75.4745,0.4850,0.2580,0.4081,0.2073,-1.0410,5.0396,1.1358,7.7469,1,12,6,0.0100000000,0E-10,0.2518,1.040000,,-0.0004,-0.2357,0.1976,-135.6482,-65.6821,-1.4944,0.726,2.2119,-1.834,0.4406,2,1,1
BTCUSDT,2026-09-20 13:00:00+00:00,0.0936,0.3109,30.1080,42.4230,27.4690,0.7950,0.2579,0.4054,0.2696,-1.0545,5.0517,1.1358,7.7469,1,13,6,0.0100000000,0E-10,0.1099,1.040000,,0.0746,-0.1289,0.2796,-124.472,-77.4401,-1.2817,0.8132,2.09,-1.7386,0.5338,3,1,1
ETHUSDT,2026-09-20 13:00:00+00:00,0.0155,0.3870,4.0080,58.5170,37.4749,0.7400,0.4044,0.4408,0.2122,-2.3509,5.4368,2.2,10.3853,1,13,6,0.0044447000,-1.0000000000,0.0635,1.170000,,-0.05,-0.515,-0.2278,-10.3995,-7.6588,-2.7737,1.3204,4.0646,-3.6101,0.6366,3,1,1
BTCUSDT,2026-09-20 14:00:00+00:00,0.1375,0.4731,29.0551,28.7139,42.2310,1.2280,0.2591,0.4028,0.1219,-0.9748,5.1453,1.1358,7.7469,1,14,6,0.0100000000,0E-10,0.0296,1.050000,,0.1694,0.0077,0.4002,-105.4664,-83.0453,-1.0197,0.9213,1.9401,-1.5989,0.6704,4,1,1
ETHUSDT,2026-09-20 14:00:00+00:00,0.1969,0.6075,32.4186,26.6752,40.9062,1.0620,0.4050,0.4380,0.0385,-2.1972,5.4523,2.2,10.3853,1,14,6,0.0044447000,-1.0000000000,0.2706,1.180000,,0.117,-0.2889,-0.03,-9.6049,-8.048,-2.3542,1.5022,3.8401,-3.4069,0.8315,4,1,1
BTCUSDT,2026-09-20 15:00:00+00:00,0.2877,0.3931,73.1861,21.2934,5.5205,1.4530,0.2537,0.4003,0.4359,-1.1095,5.2828,1.1358,7.7469,1,15,6,0.0100000000,0E-10,-0.3598,1.080000,,0.3645,0.2677,0.6589,-70.875,-80.6113,-0.6342,1.1673,1.8064,-1.3076,0.9552,5,1,1
ETHUSDT,2026-09-20 15:00:00+00:00,1.0520,1.1809,89.0891,10.9109,0.0000,2.8130,0.4087,0.4354,0.5523,-2.0018,5.6492,2.2,10.3853,1,15,6,0.0044447000,-1.0000000000,-0.3375,1.240000,,0.9252,0.6862,0.9714,-6.7046,-7.7793,-1.1475,2.4715,3.6432,-2.3307,1.8636,5,1,1
ETHUSDT,2026-09-20 16:00:00+00:00,1.0354,1.6346,63.3404,21.0588,15.6008,3.2890,0.4667,0.4463,1.3071,-1.0507,6.7012,-1.0742,5.7699,1,16,6,0.0026254800,-1.0000000000,-1.5382,1.220000,,1.5524,1.549,1.9083,-2.1989,-6.6632,-0.143,3.4889,3.6937,-1.2821,2.8692,6,2,0
BTCUSDT,2026-09-20 16:00:00+00:00,0.5380,0.8965,60.0138,24.6069,15.3793,2.8880,0.2611,0.3985,0.5309,-0.9091,5.5705,-0.914,5.3713,1,16,6,0.0078578700,-1.0000000000,0.5286,1.080000,,0.7181,0.7284,1.1437,-8.2649,-66.142,-0.1385,1.7175,1.8708,-0.7275,1.4851,6,2,0
ETHUSDT,2026-09-20 17:00:00+00:00,-0.5158,1.2506,41.2424,31.1818,27.5758,1.6680,0.5095,0.4559,2.2998,-0.3471,7.7366,-1.0742,5.7699,1,17,6,0.0026254800,-1.0000000000,0.9746,1.170000,,0.8336,0.9442,1.3448,0.2706,-5.2765,-0.6516,2.9838,3.6783,-1.8072,2.3656,-1,2,0
BTCUSDT,2026-09-20 17:00:00+00:00,-0.2321,0.4942,46.9637,31.4335,21.6028,0.8840,0.2807,0.3994,1.0568,-0.6035,6.1085,-0.914,5.3713,1,17,6,0.0078578700,-1.0000000000,0.2312,1.070000,,0.3898,0.4524,0.878,25.8378,-47.746,-0.3811,1.4928,1.8844,-0.869,1.2561,-1,2,0
ETHUSDT,2026-09-20 18:00:00+00:00,-0.0030,0.7253,0.4202,75.4202,24.1597,0.6750,0.5185,0.4581,1.7685,-0.6960,7.2208,-1.0742,5.7699,1,18,6,0.0026254800,-1.0000000000,-0.3919,1.150000,,0.6645,0.8556,1.2892,2.1959,-3.782,-0.6193,2.9641,3.6259,-0.9135,2.3626,-2,2,1
BTCUSDT,2026-09-20 18:00:00+00:00,-0.1346,0.3803,35.3971,54.0357,10.5673,0.5660,0.2694,0.3984,0.7311,-0.3749,5.8764,-0.914,5.3713,1,18,6,0.0078578700,-1.0000000000,-0.3037,1.060000,,0.2045,0.2894,0.7153,43.5588,-29.4851,-0.4672,1.3393,1.8145,-0.6217,1.1231,-2,2,1
BTCUSDT,2026-09-20 19:00:00+00:00,0.1781,0.3335,53.4049,46.5951,0.0000,0.4660,0.2705,0.3966,0.4590,-0.4777,5.7418,-0.914,5.3713,1,19,6,0.0078578700,-1.0000000000,-0.0704,1.050000,,0.3055,0.4241,0.8568,68.4496,-9.8981,-0.2699,1.5053,1.7862,-0.409,1.2988,1,2,0
ETHUSDT,2026-09-20 19:00:00+00:00,0.2728,0.5105,53.4328,43.2090,3.3582,0.3940,0.5165,0.4554,1.5686,-0.4490,7.2178,-1.0742,5.7699,1,19,6,0.0026254800,-1.0000000000,0.3276,1.150000,,0.7477,1.023,1.4966,4.2505,-2.1755,-0.3513,3.2311,3.6347,-0.639,2.6282,1,2,1
ETHUSDT,2026-09-20 20:00:00+00:00,0.0634,0.5121,12.3887,62.1662,25.4451,0.4460,0.5190,0.4531,0.7894,-0.0363,7.4906,-1.0742,5.7699,1,20,6,0.0026254800,-1.0000000000,0.2019,1.140000,,0.6488,0.9874,1.4983,5.9457,-0.5513,-0.3456,3.3218,3.7228,-0.5748,2.6903,2,2,0
BTCUSDT,2026-09-20 20:00:00+00:00,-0.1238,0.1868,66.2929,28.4960,5.2111,0.3050,0.2730,0.3944,0.3494,-0.2193,5.9199,-0.914,5.3713,1,20,6,0.0078578700,-1.0000000000,0.0932,1.050000,,0.1455,0.2733,0.7051,79.1537,7.9122,-0.345,1.3593,1.7129,-0.5335,1.1764,-1,2,0
ETHUSDT,2026-09-20 21:00:00+00:00,-0.1469,1.0559,13.9159,3.4160,82.6681,1.1900,0.5191,0.4504,-0.1826,-0.0093,7.5540,-1.0742,5.7699,1,21,6,0.0026254800,-1.0000000000,-0.0884,1.120000,,0.4024,0.7655,1.3006,6.8983,0.9386,-0.5661,3.2101,3.8267,-0.7224,2.5475,-1,2,1
BTCUSDT,2026-09-20 21:00:00+00:00,-0.1886,0.6319,29.8516,0.0195,70.1289,1.1530,0.2694,0.3926,-0.3124,-0.0911,5.7961,-0.914,5.3713,1,21,6,0.0078578700,-1.0000000000,-0.1788,1.040000,,-0.0347,0.077,0.497,74.433,21.2164,-0.5003,1.1607,1.6665,-0.7236,0.9895,-2,2,1
ETHUSDT,2026-09-20 22:00:00+00:00,0.3084,0.9167,33.6375,36.8727,29.4898,1.0720,0.5159,0.4485,0.1863,0.1614,7.4071,-1.0742,5.7699,1,22,6,0.0026254800,-1.0000000000,-0.3814,1.100000,,0.5669,0.9732,1.5412,8.2129,2.3935,-0.4652,3.4698,3.9951,-0.4128,2.8471,1,2,1
BTCUSDT,2026-09-20 22:00:00+00:00,0.3502,0.6660,52.5798,16.6481,30.7721,1.0200,0.2715,0.3913,-0.2689,-0.1998,5.6075,-0.914,5.3713,1,22,6,0.0078578700,-1.0000000000,-1.0407,1.040000,,0.2514,0.3869,0.811,92.4776,35.4686,-0.2325,1.4809,1.7242,-0.3722,1.3349,1,2,0
BTCUSDT,2026-09-20 23:00:00+00:00,-0.0485,0.2574,18.8517,56.3636,24.7847,0.7950,0.2777,0.3902,0.2159,-0.0572,5.9577,-0.914,5.3713,1,23,6,0.0078578700,-1.0000000000,0.3841,1.030000,,0.1624,0.3078,0.7329,102.4183,48.8586,-0.3493,1.4175,1.7763,-0.421,1.287,-1,2,1
ETHUSDT,2026-09-20 23:00:00+00:00,0.1986,0.6531,30.4121,26.2914,43.2966,0.6050,0.5189,0.4465,0.4977,0.3453,7.7155,-1.0742,5.7699,1,23,6,0.0026254800,-1.0000000000,-0.4397,1.090000,,0.6115,1.0636,1.6686,9.5681,3.8284,-0.4942,3.6765,4.2381,-0.2134,3.0401,2,2,1
BTCUSDT,2026-09-21 00:00:00+00:00,0.5287,0.8544,61.8780,36.0883,2.0338,2.7240,0.2778,0.3881,-0.0107,-0.0970,5.9092,-0.914,5.3713,1,0,0,0.0092580700,1.0000000000,0.3329,1.050000,,0.55,0.7564,1.2058,143.2616,67.7392,0.0117,1.9614,1.9692,-0.3067,1.8061,1,0,0
ETHUSDT,2026-09-21 00:00:00+00:00,1.6891,2.5558,66.0894,32.4156,1.4950,4.3860,0.5202,0.4441,0.4235,0.4850,7.9141,-1.0742,5.7699,1,0,0,0.0036173200,1.0000000000,0.5947,1.100000,,1.8099,2.4609,3.1725,14.0827,5.8793,0.5767,5.4696,5.0454,-0.8147,4.6507,3,0,0
BTCUSDT,2026-09-21 01:00:00+00:00,-0.7384,1.5515,47.5901,40.6764,11.7336,3.3320,0.2975,0.3890,0.6418,0.3974,6.4379,-0.914,5.3713,1,1,0,0.0092580700,1.0000000000,0.1934,1.050000,,-0.1519,0.0164,0.4523,125.574,79.3061,-0.7534,1.1906,1.9483,-1.3796,1.0756,-1,0,1
ETHUSDT,2026-09-21 01:00:00+00:00,-1.4799,2.1815,67.8377,21.6917,10.4707,2.5710,0.6151,0.4729,2.0492,2.3763,9.6032,-1.0742,5.7699,1,1,0,0.0036173200,1.0000000000,2.2309,1.100000,,0.2677,0.9049,1.6503,14.2851,7.5604,-1.0851,3.9489,5.1072,-2.3295,3.218,-1,0,1
ETHUSDT,2026-09-21 02:00:00+00:00,0.4784,0.9739,49.1276,30.3606,20.5118,0.9840,0.6882,0.4992,0.7162,1.1808,8.1233,-1.0742,5.7699,1,2,0,0.0036173200,1.0000000000,-0.5471,1.120000,,0.5941,1.2516,2.0355,15.2916,9.1067,-0.813,4.2856,5.1887,-1.8422,3.6788,1,0,1
BTCUSDT,2026-09-21 02:00:00+00:00,0.4035,0.6922,58.2872,33.3274,8.3854,1.1860,0.3309,0.3961,0.0920,-0.1231,5.6995,-0.914,5.3713,1,2,0,0.0092580700,1.0000000000,-0.5860,1.050000,,0.2003,0.3801,0.8188,136.3388,90.7127,-0.4014,1.5152,1.9273,-0.9724,1.473,1,0,1
BTCUSDT,2026-09-21 03:00:00+00:00,0.1383,0.4229,32.6934,44.7644,22.5422,0.6180,0.2760,0.3955,0.1453,1.2298,6.1030,-0.914,5.3713,1,3,0,0.0092580700,1.0000000000,0.5015,1.060000,,0.2705,0.4706,0.9182,152.1853,103.0072,-0.322,1.5714,1.9053,-0.8329,1.609,2,0,0
ETHUSDT,2026-09-21 03:00:00+00:00,0.1511,0.6103,24.7537,49.8768,25.3695,0.5640,0.5830,0.4981,0.8862,3.3960,8.6017,-1.0742,5.7699,1,3,0,0.0036173200,1.0000000000,1.1198,1.140000,,0.5949,1.2729,2.0973,16.2258,10.5305,-0.861,4.2935,5.2445,-1.689,3.8238,2,0,0
ETHUSDT,2026-09-21 04:00:00+00:00,-0.0818,0.6503,12.5793,25.6203,61.8003,0.5830,0.5772,0.4954,0.8387,3.0131,8.7528,-1.0742,5.7699,1,4,0,0.0036173200,1.0000000000,0.6106,1.130000,,0.4111,1.084,1.9384,16.5997,11.7443,-1.0789,4.0165,5.1713,-1.7719,3.6395,-1,0,1
BTCUSDT,2026-09-21 04:00:00+00:00,-0.0525,0.3460,15.1580,27.5825,57.2595,0.7320,0.2750,0.3934,0.3321,1.1775,6.2413,-0.914,5.3713,1,4,0,0.0092580700,1.0000000000,0.3677,1.060000,,0.1745,0.3803,0.8323,159.4602,114.2978,-0.3972,1.4036,1.81,-0.8859,1.5124,-1,0,1
BTCUSDT,2026-09-21 05:00:00+00:00,0.1993,0.6038,33.0145,48.3818,18.6037,0.8860,0.2750,0.3915,-0.2491,1.1808,6.1888,-0.914,5.3713,1,5,0,0.0092580700,1.0000000000,0.1779,1.050000,,0.2986,0.526,0.9893,176.2896,126.6962,-0.2631,1.531,1.8055,-0.685,1.7085,1,0,1
ETHUSDT,2026-09-21 05:00:00+00:00,0.0548,0.6568,8.3476,61.8067,29.8456,0.6700,0.5720,0.4930,-0.9322,3.2363,8.6710,-1.0742,5.7699,1,5,0,0.0036173200,1.0000000000,0.3745,1.130000,,0.3723,1.0344,1.9136,16.8191,12.7593,-1.1423,3.8655,5.0769,-1.7165,3.6919,1,0,0
ETHUSDT,2026-09-21 06:00:00+00:00,-0.0837,0.9301,8.9992,54.8426,36.1582,0.8410,0.5707,0.4904,0.6025,3.3628,8.7258,-1.0742,5.7699,1,6,0,0.0036173200,1.0000000000,-0.1124,1.150000,,0.2313,0.8653,1.76,16.6223,13.5319,-1.2491,3.4634,4.7653,-1.8013,3.6116,-1,0,0
BTCUSDT,2026-09-21 06:00:00+00:00,0.1007,0.6188,16.2735,49.7126,34.0139,1.1870,0.2766,0.3896,0.6886,1.3265,6.3881,-0.914,5.3713,1,6,0,0.0092580700,1.0000000000,0.2715,1.040000,,0.3192,0.5693,1.0463,194.0234,140.1616,-0.2,1.5061,1.7174,-0.5836,1.8075,2,0,1
ETHUSDT,2026-09-21 07:00:00+00:00,-0.0447,0.7389,6.0498,13.7773,80.1729,0.8260,0.5693,0.4881,0.0404,3.4362,8.6421,-1.0742,5.7699,1,7,0,0.0036173200,1.0000000000,0.4520,1.170000,0.5474,0.1497,0.7467,1.6491,16.1845,14.0624,-1.2936,3.1088,4.4427,-1.8465,3.5689,-2,0,1
BTCUSDT,2026-09-21 07:00:00+00:00,0.1081,0.3281,32.9350,0.0000,67.0650,0.6580,0.2703,0.3876,0.3858,1.6554,6.4888,-0.914,5.3713,1,7,0,0.0092580700,1.0000000000,0.5719,1.030000,0.5158,0.3416,0.6152,1.108,212.7501,154.6793,-0.1517,1.519,1.6822,-0.4749,1.9136,3,0,1
ETHUSDT,2026-09-21 08:00:00+00:00,1.2880,2.0336,63.3339,35.0582,1.6078,3.3950,0.5704,0.4857,-0.1554,3.3025,8.5974,-1.0742,5.7699,1,8,0,0.0079407500,1.0000000000,-0.1560,1.110000,0.5146,1.1349,1.8255,2.7853,18.3893,14.9278,-0.1844,4.0878,4.3572,-0.7039,4.7944,1,1,1
BTCUSDT,2026-09-21 08:00:00+00:00,2.4700,3.1018,79.6307,20.3654,0.0039,10.1980,0.2700,0.3855,0.3556,1.7646,6.5969,-0.914,5.3713,1,8,0,0.0100000000,1.0000000000,0.2641,1.010000,0.6241,2.195,2.7372,3.3549,385.9776,200.939,1.3753,4.3901,3.1043,-0.6165,4.2779,4,1,1
ETHUSDT,2026-09-21 09:00:00+00:00,0.9128,2.1380,42.6935,49.8785,7.4280,3.5250,0.6128,0.4983,1.2144,4.6608,9.8854,-1.0742,5.7699,1,9,0,0.0079407500,1.0000000000,0.9250,1.100000,0.4611,1.6236,2.4672,3.5213,21.8703,16.3163,0.401,4.7613,4.4758,-1.0568,5.6559,2,1,0
BTCUSDT,2026-09-21 09:00:00+00:00,1.0845,2.0009,54.1997,42.2064,3.5938,5.3240,0.5482,0.4544,2.8781,4.2848,9.0669,-0.914,5.3713,1,9,0,0.0100000000,1.0000000000,0.1319,0.960000,0.4416,2.5955,3.4369,4.2195,589.7236,278.6959,1.4685,5.8967,4.5976,-0.8354,5.2031,5,1,0
ETHUSDT,2026-09-21 10:00:00+00:00,-0.1868,0.7240,25.7999,30.6755,43.5246,0.9580,0.6294,0.5024,2.0724,5.3844,10.7982,-1.0742,5.7699,1,10,0,0.0079407500,1.0000000000,1.2454,1.120000,0.5091,1.1519,2.0773,3.2101,23.9439,17.8418,0.0271,4.2921,4.3591,-1.2455,5.4797,-1,1,1
BTCUSDT,2026-09-21 10:00:00+00:00,-0.2619,0.8171,32.0463,24.3095,43.6443,1.5250,0.5774,0.4630,3.7633,5.1280,10.1514,-0.914,5.3713,1,10,0,0.0100000000,1.0000000000,0.5456,0.950000,0.4296,1.8719,2.8941,3.8125,724.9637,367.9494,0.5858,5.828,5.4159,-1.1001,4.922,-1,1,1
BTCUSDT,2026-09-21 11:00:00+00:00,0.5265,0.6240,84.3744,6.2464,9.3792,0.9960,0.5800,0.4621,3.4007,5.0426,9.8895,-0.914,5.3713,1,11,0,0.0100000000,1.0000000000,-1.2968,0.970000,0.7202,1.9086,3.0933,4.1469,858.102,465.98,0.4549,6.504,6.2672,-0.5707,5.4199,1,1,1
ETHUSDT,2026-09-21 11:00:00+00:00,0.3463,0.6579,52.6316,33.0347,14.3337,0.7160,0.6252,0.5007,1.9693,5.5145,10.6114,-1.0742,5.7699,1,11,0,0.0079407500,1.0000000000,1.4187,1.160000,0.7258,1.1941,2.1953,3.4048,26.0447,19.4824,0.0403,4.5412,4.6065,-0.8965,5.8055,1,1,1
BTCUSDT,2026-09-21 12:00:00+00:00,0.5318,0.8348,63.7018,25.3988,10.8993,1.4480,0.5834,0.4617,3.8191,5.3764,10.4160,-0.914,5.3713,1,12,0,0.0100000000,1.0000000000,1.3865,0.940000,0.3465,1.9419,3.2781,4.4715,988.6269,570.5093,0.3033,7.2086,7.1749,-0.2109,5.8736,2,1,0
ETHUSDT,2026-09-21 12:00:00+00:00,0.0745,0.5995,12.4311,44.9479,42.6209,0.7270,0.6255,0.4987,2.3603,5.5636,10.9577,-1.0742,5.7699,1,12,0,0.0079407500,1.0000000000,0.9779,1.160000,0.4268,1.0142,2.062,3.3404,27.5558,21.0971,-0.232,4.6389,4.9806,-0.8214,5.6974,2,1,1
BTCUSDT,2026-09-21 13:00:00+00:00,-0.1980,0.4362,45.3763,37.3925,17.2312,0.3470,0.5848,0.4614,1.8809,5.8961,10.9478,-0.914,5.3713,1,13,0,0.0100000000,1.0000000000,2.0594,0.920000,0.6574,1.3731,2.7778,4.0849,1064.0042,669.2083,-0.4401,7.0409,7.7364,-0.4415,5.5639,-1,1,1
ETHUSDT,2026-09-21 13:00:00+00:00,-0.0739,0.5933,12.4538,56.9667,30.5795,0.3170,0.6252,0.4963,1.1468,5.5954,11.0322,-1.0742,5.7699,1,13,0,0.0079407500,1.0000000000,-0.3592,1.160000,0.6069,0.9774,2.0613,3.4042,28.8828,22.6542,-0.3297,4.7566,5.2015,-0.6099,5.8103,3,1,1
BTCUSDT,2026-09-21 17:00:00+00:00,-0.0676,0.5068,13.3441,36.0129,50.6431,0.4930,0.5908,0.4601,0.5984,5.6045,10.7498,5.3259,5.5486,1,17,0,0.0020248400,-1.0000000000,-0.2708,0.870000,0.5412,1.7917,3.3018,4.7345,1171.1152,769.5897,-0.185,7.9203,8.4314,-0.2503,6.3937,1,2,1
ETHUSDT,2026-09-21 17:00:00+00:00,-0.4180,0.8372,49.9349,15.0108,35.0542,0.8920,0.6267,0.4941,0.1601,5.5060,10.9583,4.3861,5.5365,1,17,0,0.0010961700,-1.0000000000,0.7258,1.050000,0.4552,1.0741,2.2022,3.6129,30.3997,24.2033,-0.2838,5.0058,5.4175,-0.546,6.1576,4,2,1
BTCUSDT,2026-09-21 18:00:00+00:00,0.2058,0.3381,60.8681,4.4437,34.6883,0.3960,0.5936,0.4581,0.7927,5.3994,10.6822,5.3259,5.5486,1,18,0,0.0020248400,-1.0000000000,-0.1818,0.870000,0.6111,1.5947,3.1822,4.7368,1255.7837,866.8285,-0.557,8.1199,9.018,-0.0444,6.3856,2,2,0
ETHUSDT,2026-09-21 18:00:00+00:00,0.5442,0.7356,73.9712,0.1983,25.8304,0.4940,0.6399,0.4944,-0.0711,4.8911,10.5403,4.3861,5.5365,1,18,0,0.0010961700,-1.0000000000,0.0224,1.050000,0.6150,1.2876,2.4832,3.9724,32.432,25.8491,-0.139,5.466,5.7584,-0.0018,6.249,5,2,0
ETHUSDT,2026-09-21 19:00:00+00:00,-0.0606,0.1320,45.8791,53.2967,0.8242,0.0470,0.6196,0.4939,0.1268,4.3833,11.0845,4.3861,5.5365,1,19,0,0.0010961700,-1.0000000000,0.3634,1.050000,0.4392,0.9825,2.204,3.761,33.5223,27.3837,-0.5104,5.28,5.9319,-0.131,5.4474,-1,2,1
BTCUSDT,2026-09-21 19:00:00+00:00,-0.0839,0.1004,83.5648,5.5556,10.8796,0.0270,0.5935,0.4560,0.4720,5.3175,10.8880,5.3259,5.5486,1,19,0,0.0020248400,-1.0000000000,0.6736,0.910000,0.3574,1.2097,2.819,4.4742,1302.049,953.8726,-1.108,7.9381,9.366,-0.1284,6.307,-1,2,1
BTCUSDT,2026-09-21 20:00:00+00:00,0.3452,0.3682,93.7480,6.2520,0.0000,0.1580,0.5927,0.4542,-0.1437,4.6956,10.8041,5.3259,5.5486,1,20,0,0.0020248400,-1.0000000000,-1.5022,0.910000,0.4595,1.6848,3.3643,5.1314,1386.2471,1040.3475,-0.7484,8.6569,9.7926,-0.0229,7.1571,1,2,0
ETHUSDT,2026-09-21 20:00:00+00:00,0.5249,0.6358,82.5641,17.4359,0.0000,0.2430,0.5950,0.4918,-0.0083,3.2873,11.0239,4.3861,5.5365,1,20,0,0.0010961700,-1.0000000000,-0.1310,1.070000,0.5332,1.3526,2.6396,4.275,35.5779,29.0225,-0.1739,5.8178,6.1657,-0.1103,6.0517,1,2,0
BTCUSDT,2026-09-21 21:00:00+00:00,-0.4762,0.5133,92.7643,0.0000,7.2357,0.5550,0.5865,0.4526,0.3995,5.2729,11.1493,5.3259,5.5486,1,21,0,0.0020248400,-1.0000000000,-0.7477,0.950000,0.6294,1.167,2.8565,4.7206,1420.542,1116.3864,-1.4142,8.2609,10.018,-0.4784,6.9436,-1,2,0
ETHUSDT,2026-09-21 21:00:00+00:00,-0.5663,0.7413,76.3936,0.0000,23.6064,0.6240,0.5837,0.4912,0.5905,4.3280,11.5488,4.3861,5.5365,1,21,0,0.0010961700,-1.0000000000,-0.8706,1.100000,0.6138,0.8605,2.1511,3.8491,36.1631,30.4507,-0.7194,5.3512,6.2145,-0.5695,5.7879,-1,2,1
ETHUSDT,2026-09-21 22:00:00+00:00,0.3805,0.5858,64.9599,32.0173,3.0228,0.6770,0.6016,0.4932,0.4422,3.7647,10.9825,4.3861,5.5365,1,22,0,0.0010961700,-1.0000000000,-0.1827,1.090000,0.4706,0.9891,2.2928,4.0483,37.0496,31.7704,-0.6261,5.5148,6.2948,-0.1883,6.145,1,2,1
BTCUSDT,2026-09-21 22:00:00+00:00,-0.1487,0.5371,27.6834,38.0727,34.2439,0.4940,0.5990,0.4540,-0.0091,4.9313,10.6731,5.3259,5.5486,1,22,0,0.0020248400,-1.0000000000,-1.5467,0.940000,0.6964,0.8159,2.4653,4.3992,1420.9561,1177.3003,-1.889,7.8373,10.0245,-0.6281,6.8051,-2,2,1
ETHUSDT,2026-09-21 23:00:00+00:00,0.1321,0.1771,74.5935,0.2033,25.2033,0.0190,0.6029,0.4916,0.2785,3.8724,11.3630,4.3861,5.5365,1,23,0,0.0010961700,-1.0000000000,-0.4063,1.100000,0.3414,0.896,2.2019,4.0116,37.6154,32.9394,-0.8335,5.6447,6.6379,-0.0557,6.2692,2,2,0
BTCUSDT,2026-09-21 23:00:00+00:00,0.0494,0.0936,52.7812,19.5303,27.6885,0.0190,0.6031,0.4525,-0.3636,4.6045,10.5244,5.3259,5.5486,1,23,0,0.0020248400,-1.0000000000,-0.7355,0.940000,0.4920,0.6919,2.2849,4.272,1408.4935,1223.539,-2.1336,7.612,10.0201,-0.5784,6.8511,1,2,0
BTCUSDT,2026-09-22 01:00:00+00:00,-0.3276,0.6861,47.7427,12.6103,39.6470,1.1640,0.6003,0.4504,-0.2303,4.7777,10.5738,5.3259,5.5486,1,1,1,0.0100000000,1.0000000000,-0.2392,0.880000,0.3540,-0.2547,1.1736,3.1689,1313.2206,1241.4753,-3.1982,6.1577,9.4964,-1.6015,5.9035,-1,0,1
ETHUSDT,2026-09-22 01:00:00+00:00,-0.2183,0.7550,28.9081,11.0630,60.0289,1.3900,0.6025,0.4893,0.4712,3.9411,11.4951,4.3861,5.5365,1,1,1,0.0020739400,1.0000000000,-1.4502,1.050000,0.2963,-0.2553,0.9116,2.7235,34.9425,33.34,-2.0944,4.1503,6.3096,-1.2825,5.1199,-1,0,0
BTCUSDT,2026-09-22 02:00:00+00:00,0.1117,0.5785,19.3053,33.8651,46.8296,0.5540,0.6047,0.4502,-0.9031,4.6387,10.2462,5.3259,5.5486,1,2,1,0.0100000000,1.0000000000,0.6724,0.910000,0.3870,-0.1142,1.1671,3.1484,1231.2373,1239.4277,-3.0911,5.7578,8.9685,-1.4882,5.7829,1,0,0
ETHUSDT,2026-09-22 02:00:00+00:00,-0.3148,0.5059,62.2302,12.8777,24.8921,0.7100,0.6042,0.4881,-0.2720,3.8697,11.2768,4.3861,5.5365,1,2,1,0.0020739400,1.0000000000,0.7428,1.070000,0.6104,-0.4575,0.5442,2.3215,31.7601,33.0241,-2.4135,3.559,6.007,-1.6024,4.2405,-2,0,0
ETHUSDT,2026-09-22 03:00:00+00:00,-0.2030,0.7499,27.0691,24.1480,48.7829,0.9000,0.6107,0.4874,-0.0205,3.2465,10.9620,4.3861,5.5365,1,3,1,0.0020739400,1.0000000000,-0.0177,1.050000,0.4730,-0.5295,0.3108,2.0396,28.4614,32.1115,-2.5841,3.0742,5.6722,-1.809,3.7615,-3,0,0
BTCUSDT,2026-09-22 03:00:00+00:00,-0.2271,0.5296,42.8823,8.7924,48.3253,0.4560,0.6040,0.4481,-0.3152,4.4002,10.3579,5.3259,5.5486,1,3,1,0.0100000000,1.0000000000,1.1836,0.900000,0.5490,-0.2736,0.8566,2.8133,1137.4586,1219.0339,-3.2518,4.9917,8.3159,-1.719,5.4659,-1,0,0
ETHUSDT,2026-09-22 07:00:00+00:00,-0.1352,0.4390,30.8013,36.2270,32.9716,0.3840,0.6142,0.4861,-0.6040,2.8449,10.7590,4.3861,5.5365,1,7,1,0.0020739400,1.0000000000,-0.6178,1.130000,0.5286,-0.6599,0.0162,1.683,24.9135,30.6719,-2.7889,2.4625,5.2428,-2.1083,3.0597,-4,0,1
BTCUSDT,2026-09-22 07:00:00+00:00,-0.0264,0.3904,6.7527,35.5642,57.6831,0.5740,0.6079,0.4472,-0.3936,4.2216,10.1308,5.3259,5.5486,1,7,1,0.0100000000,1.0000000000,0.1783,0.940000,0.3789,-0.37,0.6089,2.527,1038.1953,1182.8662,-3.262,4.1634,7.459,-1.9107,5.2878,-2,0,1
BTCUSDT,2026-09-22 08:00:00+00:00,0.9766,1.2326,79.2356,16.5811,4.1833,1.3950,0.6046,0.4453,-0.4694,3.6665,10.1044,5.3259,5.5486,1,8,1,0.0100000000,0E-10,0.2423,1.000000,0.6603,0.4806,1.4275,3.3337,1015.0757,1149.3081,-2.0925,4.3812,6.5486,-0.9251,6.2038,1,1,0
ETHUSDT,2026-09-22 08:00:00+00:00,0.8083,1.2691,63.6889,21.6537,14.6574,1.3560,0.5210,0.4844,-0.8713,1.0206,10.6238,4.3861,5.5365,1,8,1,0.0077400100,1.0000000000,0.3595,1.200000,0.5919,0.118,0.7439,2.3747,23.6082,29.2592,-1.8839,2.8612,4.7684,-1.2892,3.8373,1,1,0
ETHUSDT,2026-09-22 09:00:00+00:00,-0.5845,0.7385,79.1523,6.8507,13.9970,0.2790,0.4361,0.4869,0.1553,3.3088,11.4321,4.3861,5.5365,1,9,1,0.0077400100,1.0000000000,0.7312,1.190000,0.4855,-0.3757,0.1454,1.7298,21.0345,27.6142,-2.2827,1.8347,4.1081,-1.8851,3.2404,-1,1,1
BTCUSDT,2026-09-22 09:00:00+00:00,-0.6094,0.6327,96.3133,0.0000,3.6867,0.3460,0.5963,0.4510,0.8348,5.3815,11.0810,5.3259,5.5486,1,9,1,0.0100000000,0E-10,0.5704,1.010000,0.4641,-0.1036,0.7484,2.6336,943.514,1108.1493,-2.3364,2.9424,5.2948,-1.5437,5.5104,-1,1,1
ETHUSDT,2026-09-22 10:00:00+00:00,-0.3080,0.6183,49.8235,8.2353,41.9412,0.5150,0.4529,0.4889,-0.1144,2.2459,10.8476,4.3861,5.5365,1,10,1,0.0077400100,1.0000000000,0.2409,1.210000,0.4693,-0.0167,0.4531,1.9957,19.5513,26.0016,-1.6152,1.5826,3.1973,-1.5249,3.5066,1,1,1
BTCUSDT,2026-09-22 10:00:00+00:00,-0.4103,0.6128,66.9569,1.9493,31.0939,0.4900,0.6176,0.4539,0.1137,4.3686,10.4716,5.3259,5.5486,1,10,1,0.0100000000,0E-10,0.1660,1.000000,0.4016,0.1327,0.9233,2.7822,895.138,1065.547,-1.426,2.0828,3.5203,-1.2703,5.4363,1,1,1
BTCUSDT,2026-09-22 11:00:00+00:00,0.1034,0.4345,23.8006,39.6408,36.5586,0.3820,0.6289,0.4543,-0.0695,3.8200,10.0613,5.3259,5.5486,1,11,1,0.0100000000,0E-10,0.3895,1.010000,0.3819,0.1886,0.9323,2.7694,854.1115,1023.2599,-1.145,1.7462,2.8999,-1.1659,5.5339,2,1,1
ETHUSDT,2026-09-22 11:00:00+00:00,0.0011,0.4808,0.2276,42.2610,57.5114,0.4500,0.4597,0.4882,-0.2194,1.7868,10.5396,4.3861,5.5365,1,11,1,0.0077400100,1.0000000000,0.3017,1.220000,0.5728,-0.0122,0.4132,1.9188,18.1697,24.4352,-1.496,1.298,2.7912,-1.5234,3.508,2,1,1
BTCUSDT,2026-09-22 12:00:00+00:00,0.0120,0.5001,2.3959,49.2440,48.3601,0.4440,0.6274,0.4523,0.0603,3.9759,10.1647,5.3259,5.5486,1,12,1,0.0100000000,0E-10,0.2141,1.000000,0.4941,0.1604,0.8582,2.6719,813.0484,981.2176,-1.0961,1.5643,2.6666,-1.1538,5.4637,3,1,1
ETHUSDT,2026-09-22 12:00:00+00:00,0.4195,0.6851,61.2354,6.4963,32.2684,0.6310,0.4589,0.4862,-0.0831,1.8697,10.5407,4.3861,5.5365,1,12,1,0.0077400100,1.0000000000,-0.3246,1.210000,0.6538,0.3242,0.7536,2.2369,17.7967,23.1075,-1.0776,1.5953,2.6798,-1.0997,3.9108,3,1,1
BTCUSDT,2026-09-22 13:00:00+00:00,0.3741,0.9572,39.0792,2.5146,58.4062,1.5440,0.6281,0.4504,-0.9043,3.7886,10.1767,5.3259,5.5486,1,13,1,0.0100000000,0E-10,0.0368,1.000000,0.6387,0.45,1.1432,2.9438,799.3476,944.8436,-0.6085,1.6584,2.2789,-0.7464,5.7494,4,1,0
ETHUSDT,2026-09-22 13:00:00+00:00,0.0798,0.9529,8.3778,22.7342,68.8880,1.8140,0.4639,0.4851,-0.4719,2.2344,10.9602,4.3861,5.5365,1,13,1,0.0077400100,1.0000000000,-0.0134,1.220000,0.6100,0.4144,0.8604,2.3317,17.7293,22.0319,-0.8683,1.6162,2.4939,-0.9032,4.0975,4,1,0
BTCUSDT,2026-09-22 14:00:00+00:00,-0.2210,0.5081,43.5021,27.8386,28.6594,0.4760,0.6295,0.4493,0.0792,4.0620,10.5508,5.3259,5.5486,1,14,1,0.0100000000,0E-10,0.0559,1.010000,0.6679,0.1835,0.8401,2.6217,764.2756,908.73,-0.7734,1.2335,2.0115,-0.9697,5.4543,-1,1,1
ETHUSDT,2026-09-22 14:00:00+00:00,-0.4318,0.5522,78.2009,6.5660,15.2331,0.5330,0.4624,0.4830,0.1924,2.3979,11.0400,4.3861,5.5365,1,14,1,0.0077400100,1.0000000000,0.1440,1.220000,0.6376,-0.014,0.3913,1.8333,16.5243,20.9304,-1.2822,1.0853,2.3652,-1.3408,3.6816,-1,1,0
ETHUSDT,2026-09-22 16:00:00+00:00,0.0664,0.7923,8.3755,23.7920,67.8325,1.1350,0.4738,0.4833,0.0686,2.0108,10.6082,1.059,4.3583,1,16,1,0.0057086300,-1.0000000000,-0.9529,1.220000,0.4127,-0.0561,0.3049,1.7085,15.2691,19.7981,-1.3131,0.9361,2.2449,-1.3977,3.0854,-2,2,1
BTCUSDT,2026-09-22 16:00:00+00:00,0.0060,0.6075,0.9910,32.8759,66.1330,0.7320,0.6342,0.4483,0.2685,3.7329,10.3298,0.9196,5.3229,1,16,1,0.0054409900,-1.0000000000,0.4987,0.950000,0.5920,0.3734,1.0195,2.7844,747.6399,876.512,-0.5141,1.416,1.9388,-0.6832,5.4127,1,2,1
BTCUSDT,2026-09-22 17:00:00+00:00,0.1881,0.4814,39.0813,19.8413,41.0774,0.7280,0.4116,0.4465,0.1711,1.2689,10.3358,0.9196,5.3229,1,17,1,0.0054409900,-1.0000000000,0.2257,0.940000,0.2778,0.4483,1.0957,2.8504,739.0412,849.0178,-0.3249,1.4348,1.7696,-0.4942,3.3277,2,2,0
ETHUSDT,2026-09-22 17:00:00+00:00,0.2867,0.6096,47.0412,39.4501,13.5087,0.9250,0.4018,0.4813,0.1339,0.7892,10.6746,1.059,4.3583,1,17,1,0.0057086300,-1.0000000000,0.2380,1.200000,0.3084,0.184,0.5363,1.9115,14.7395,18.7864,-1.0204,1.1411,2.1628,-1.1077,2.2409,1,2,0
BTCUSDT,2026-09-22 18:00:00+00:00,-0.0075,0.2444,3.0733,36.6903,60.2364,0.2720,0.3528,0.4447,0.3472,0.3725,10.5239,0.9196,5.3229,1,18,1,0.0054409900,-1.0000000000,0.8070,0.940000,0.6403,0.3526,0.9893,2.7317,723.3636,823.887,-0.3956,1.4129,1.8178,-0.5018,2.8064,-1,2,0
ETHUSDT,2026-09-22 18:00:00+00:00,-0.0207,0.3233,6.4045,33.8202,59.7753,0.2380,0.3622,0.4797,0.0011,0.1631,10.9613,1.059,4.3583,1,18,1,0.0057086300,-1.0000000000,0.2910,1.190000,0.3773,0.1309,0.4692,1.8174,14.1119,17.8515,-1.0489,1.0924,2.1418,-1.1283,1.6672,-1,2,1
BTCUSDT,2026-09-22 19:00:00+00:00,-0.0952,0.3671,25.9458,38.6822,35.3720,0.5290,0.3481,0.4430,-0.0344,0.6269,10.5164,0.9196,5.3229,1,19,1,0.0054409900,-1.0000000000,0.4279,0.940000,0.3746,0.1011,0.6951,2.4124,687.2018,796.55,-0.6486,1.1794,1.8328,-0.7299,2.2935,-2,2,0
ETHUSDT,2026-09-22 19:00:00+00:00,0.0505,0.5227,9.6662,69.3324,21.0014,0.8120,0.3601,0.4778,-0.0994,0.3292,10.9406,1.059,4.3583,1,19,1,0.0057086300,-1.0000000000,-0.0977,1.180000,0.4643,0.1236,0.4479,1.7684,13.5112,16.9834,-1.0138,1.1198,2.1347,-1.1044,1.4725,1,2,0
ETHUSDT,2026-09-22 20:00:00+00:00,0.0105,0.4083,2.5824,61.1754,36.2422,0.5780,0.3535,0.4759,0.3829,0.0334,10.9911,1.059,4.3583,1,20,1,0.0057086300,-1.0000000000,0.1196,1.160000,0.4620,0.0388,0.3391,1.628,12.7215,16.131,-1.0793,1.0517,2.1307,-1.1805,1.2165,-1,2,0
BTCUSDT,2026-09-22 20:00:00+00:00,0.0905,0.2980,30.3857,42.3841,27.2302,0.4710,0.3327,0.4415,0.0914,0.0052,10.4212,0.9196,5.3229,1,20,1,0.0054409900,-1.0000000000,-0.4491,0.940000,0.5462,-0.0161,0.5223,2.2039,642.6865,765.7773,-0.785,1.0426,1.83,-0.8523,1.6917,-3,2,1
BTCUSDT,2026-09-22 21:00:00+00:00,0.0409,0.1854,22.0763,26.2039,51.7198,0.3480,0.3145,0.4397,0.1759,-0.4361,10.5117,0.9196,5.3229,1,21,1,0.0054409900,-1.0000000000,-0.2464,0.930000,0.4572,0.0198,0.5118,2.1559,603.3016,733.2821,-0.6567,1.0522,1.7122,-0.811,1.4207,1,2,0
ETHUSDT,2026-09-22 21:00:00+00:00,-0.0502,0.2861,17.5349,36.9759,45.4892,0.3420,0.3531,0.4740,0.3270,-0.0306,11.0016,1.059,4.3583,1,21,1,0.0057086300,-1.0000000000,0.0037,1.160000,0.3734,-0.0091,0.2628,1.5167,11.8477,15.2744,-1.0042,0.9703,1.9742,-1.2313,1.0429,-2,2,1
BTCUSDT,2026-09-22 22:00:00+00:00,-0.0837,0.3749,22.3220,32.1672,45.5108,0.9290,0.3124,0.4380,0.0287,-0.1972,10.5526,0.9196,5.3229,1,22,1,0.0054409900,-1.0000000000,0.1703,0.930000,0.6144,-0.1546,0.2725,1.871,550.9312,696.8119,-0.8088,0.8333,1.6423,-1.0259,1.0915,-1,2,1
ETHUSDT,2026-09-22 22:00:00+00:00,0.2130,0.8863,24.0345,30.9367,45.0288,0.8960,0.3530,0.4723,-0.0099,-0.0069,10.9514,1.059,4.3583,1,22,1,0.0057086300,-1.0000000000,0.0787,1.140000,0.3751,0.0784,0.3361,1.5587,11.2634,14.4722,-0.8252,1.0607,1.8882,-1.1228,1.149,1,2,1
ETHUSDT,2026-09-22 23:00:00+00:00,0.0236,1.0294,2.2944,83.4804,14.2252,1.4860,0.3443,0.4705,0.2238,0.6241,11.1644,1.059,4.3583,1,23,1,0.0057086300,-1.0000000000,0.5726,1.170000,0.2411,0.0816,0.3269,1.5199,10.7291,13.7236,-0.628,1.0016,1.6326,-1.0989,1.1723,2,2,0
BTCUSDT,2026-09-22 23:00:00+00:00,0.0992,0.4974,19.9440,72.5596,7.4965,1.1030,0.3126,0.4365,-0.0475,-0.2133,10.4689,0.9196,5.3229,1,23,1,0.0054409900,-1.0000000000,-0.3867,0.940000,0.4269,-0.0443,0.3375,1.8911,510.4343,659.5364,-0.6746,0.9269,1.6035,-0.9258,1.1895,1,2,1
ETHUSDT,2026-09-23 00:00:00+00:00,-0.0367,0.1544,23.7647,7.5294,68.7059,0.0380,0.3269,0.4687,0.1969,0.1035,11.1880,1.059,4.3583,1,0,2,0.0081732300,1.0000000000,-0.9690,1.170000,0.5024,0.036,0.2639,1.4255,10.1077,13.0004,-0.3914,0.7997,1.1936,-1.136,1.136,-1,0,1
BTCUSDT,2026-09-23 00:00:00+00:00,0.0107,0.0829,12.8852,3.9216,83.1933,0.0340,0.3102,0.4348,0.1469,-0.3199,10.5681,0.9196,5.3229,1,0,2,0.0021300300,-1.0000000000,-0.0350,0.940000,0.8146,-0.027,0.3164,1.8269,473.615,622.3521,-0.6207,0.9275,1.5506,-0.9151,1.2,2,0,1
ETHUSDT,2026-09-23 03:00:00+00:00,0.4292,0.9728,44.1176,40.4319,15.4505,1.5730,0.3267,0.4670,0.1497,0.1274,11.1513,1.059,4.3583,1,3,2,0.0081732300,1.0000000000,0.4094,1.120000,0.6637,0.6405,0.9335,2.0941,11.1976,12.6398,0.1957,1.6484,1.4662,-0.3917,1.8923,1,0,1
BTCUSDT,2026-09-23 03:00:00+00:00,0.1714,0.6256,27.4021,49.4642,23.1338,1.0840,0.3099,0.4331,0.0671,-0.2253,10.5788,0.9196,5.3229,1,3,2,0.0021300300,-1.0000000000,0.1834,0.940000,0.6862,0.4269,0.7956,2.2839,478.1159,593.5049,-0.1392,1.442,1.5916,-0.3495,1.7537,3,0,1
BTCUSDT,2026-09-23 04:00:00+00:00,0.5340,0.7559,70.6457,18.2873,11.0670,2.1000,0.3035,0.4315,0.1976,-0.3991,10.7502,0.9196,5.3229,1,4,2,0.0021300300,-1.0000000000,0.2717,0.940000,0.5384,0.7647,1.2024,2.6931,513.1202,577.428,0.1882,2.0055,1.8375,-0.1375,2.2757,4,0,0
ETHUSDT,2026-09-23 04:00:00+00:00,0.1911,0.7790,24.5370,44.6759,30.7870,1.4990,0.3209,0.4662,0.6291,0.0317,11.5805,1.059,4.3583,1,4,2,0.0081732300,1.0000000000,0.8295,1.120000,0.4298,0.664,1.0204,2.1914,12.3467,12.5812,0.1834,1.8979,1.7325,-0.3473,2.0794,2,0,0
BTCUSDT,2026-09-23 05:00:00+00:00,-0.5016,0.5018,99.9543,0.0229,0.0229,0.7660,0.3069,0.4316,0.8153,0.6111,11.2842,0.9196,5.3229,1,5,2,0.0021300300,-1.0000000000,-0.0286,0.930000,0.5007,0.2115,0.6402,2.1161,499.8293,561.9082,-0.3457,1.4044,1.7594,-0.6424,1.7829,-1,0,0
ETHUSDT,2026-09-23 05:00:00+00:00,-0.5090,0.5374,94.7086,5.2914,0.0000,0.7180,0.3001,0.4644,0.6072,0.7891,11.7716,1.059,4.3583,1,5,2,0.0081732300,1.0000000000,1.6371,1.130000,0.2311,0.125,0.4677,1.6251,11.9791,12.4608,-0.3703,1.3292,1.7077,-0.8603,1.5788,-1,0,0
BTCUSDT,2026-09-23 06:00:00+00:00,-0.0278,0.2865,9.6891,49.6568,40.6540,0.8510,0.3229,0.4330,0.2145,0.2582,10.7826,0.9196,5.3229,1,6,2,0.0021300300,-1.0000000000,-0.2494,0.960000,0.4661,-0.0658,0.3161,1.7563,463.4261,542.2118,-0.5693,0.9154,1.4873,-0.9386,1.4939,-2,0,0
ETHUSDT,2026-09-23 06:00:00+00:00,-0.1197,0.3755,31.8841,43.4783,24.6377,0.9770,0.3097,0.4656,0.0746,-0.1004,11.2626,1.059,4.3583,1,6,2,0.0081732300,1.0000000000,-1.0866,1.210000,0.4860,-0.212,0.0719,1.1923,10.697,12.108,-0.7012,0.7819,1.4837,-1.2541,1.1946,-2,0,0
ETHUSDT,2026-09-23 07:00:00+00:00,-0.4598,0.7446,61.7561,0.0000,38.2439,1.4480,0.3091,0.4642,-0.0084,-0.3522,11.1429,1.059,4.3583,1,7,2,0.0081732300,1.0000000000,0.4340,1.210000,0.6647,-0.5396,-0.354,0.7074,8.5616,11.3987,-1.1727,0.3557,1.5222,-1.7215,0.7385,-3,0,1
BTCUSDT,2026-09-23 07:00:00+00:00,-0.3845,0.5700,67.4447,1.0148,31.5405,1.5760,0.3229,0.4315,0.1760,0.1810,10.7548,0.9196,5.3229,1,7,2,0.0021300300,-1.0000000000,0.3693,0.950000,0.6197,-0.3616,-0.0623,1.3231,403.1156,514.3926,-0.9571,0.5404,1.4944,-1.3282,1.1137,-3,0,1
BTCUSDT,2026-09-23 08:00:00+00:00,0.0878,0.1332,65.9111,34.0889,0.0000,0.0930,0.3255,0.4317,-0.3799,0.1241,10.3703,0.9196,5.3229,1,8,2,0.0036244000,1.0000000000,-0.5045,0.950000,0.3342,-0.2155,0.0269,1.3584,357.5879,483.0316,-0.8175,0.5226,1.3381,-1.2351,1.2046,1,1,0
ETHUSDT,2026-09-23 08:00:00+00:00,0.0959,0.1765,54.3388,45.6612,0.0000,0.1220,0.3193,0.4648,-0.8974,-0.5937,10.6831,1.059,4.3583,1,8,2,0.0053608700,-1.0000000000,-0.2177,1.230000,0.5721,-0.3162,-0.1908,0.8166,7.1052,10.54,-0.9837,0.407,1.3866,-1.5755,0.881,1,1,0
ETHUSDT,2026-09-23 09:00:00+00:00,0.0311,0.0753,41.2621,58.2524,0.4854,0.0350,0.3143,0.4631,-0.9926,-0.1830,10.7790,1.059,4.3583,1,9,2,0.0053608700,-1.0000000000,0.5363,1.230000,0.6855,-0.5306,-0.4885,0.455,5.1285,9.4577,-1.3539,0.1054,1.4503,-1.9268,0.5382,-1,1,0
BTCUSDT,2026-09-23 09:00:00+00:00,-0.0020,0.0469,4.2184,64.2680,31.5136,0.0280,0.3252,0.4301,-0.8261,0.1002,10.4581,0.9196,5.3229,1,9,2,0.0036244000,1.0000000000,0.1335,0.950000,0.6758,-0.4528,-0.2934,0.9736,293.8793,445.2012,-1.1694,0.1732,1.336,-1.5892,0.859,-1,1,0
ETHUSDT,2026-09-23 10:00:00+00:00,0.0618,0.1398,44.2408,40.8377,14.9215,0.0430,0.3117,0.4614,-0.4525,0.0511,10.8101,1.059,4.3583,1,10,2,0.0053608700,-1.0000000000,0.8681,1.260000,0.6343,-0.4447,-0.4672,0.413,3.4664,8.2595,-1.4015,0.1268,1.5186,-1.9525,0.5131,-2,1,1
BTCUSDT,2026-09-23 10:00:00+00:00,0.0460,0.1001,45.9837,42.7241,11.2922,0.0360,0.3217,0.4286,-0.3265,0.3253,10.4561,0.9196,5.3229,1,10,2,0.0036244000,1.0000000000,0.3847,0.960000,0.4563,-0.381,-0.288,0.9133,239.0208,403.9651,-1.2032,0.1721,1.3683,-1.6129,0.8359,-2,1,1
ETHUSDT,2026-09-23 11:00:00+00:00,0.0548,0.0811,67.5676,2.2523,30.1802,0.0480,0.3106,0.4597,-0.2710,0.2481,10.8719,1.059,4.3583,1,11,2,0.0053608700,-1.0000000000,1.0382,1.260000,0.5915,-0.2367,-0.2893,0.5387,2.4485,7.0973,-1.2541,0.3296,1.5764,-1.8014,0.6606,1,1,0
BTCUSDT,2026-09-23 11:00:00+00:00,0.0381,0.0643,59.2391,26.9928,13.7681,0.0460,0.3216,0.4270,-0.2527,0.3977,10.5021,0.9196,5.3229,1,11,2,0.0036244000,1.0000000000,0.3509,0.980000,0.6568,-0.2468,-0.196,0.9461,198.2624,362.8245,-1.1343,0.2542,1.3824,-1.5395,0.735,1,1,0
ETHUSDT,2026-09-23 12:00:00+00:00,0.0066,0.1038,6.3604,83.7456,9.8940,0.0690,0.2627,0.4580,0.2436,-0.5054,10.9267,1.059,4.3583,1,12,2,0.0053608700,-1.0000000000,-0.4258,1.310000,0.5837,-0.5245,-0.6441,0.1181,0.7137,5.8206,-1.6987,0.0476,1.7321,-2.2269,0.0169,-1,1,0
BTCUSDT,2026-09-23 12:00:00+00:00,-0.0091,0.0446,20.4188,79.3194,0.2618,0.0360,0.2520,0.4255,0.1699,-0.5408,10.5402,0.9196,5.3229,1,12,2,0.0036244000,1.0000000000,0.4065,1.000000,0.5262,-0.4884,-0.5087,0.5638,139.2926,318.1182,-1.5427,0.0167,1.5476,-1.9079,0.1089,-1,1,0
ETHUSDT,2026-09-23 13:00:00+00:00,-0.0489,0.1114,43.8944,27.3927,28.7129,0.0140,0.2350,0.4564,0.1543,0.0857,10.9333,1.059,4.3583,1,13,2,0.0053608700,-1.0000000000,-0.0019,1.360000,0.7051,-0.6352,-0.8308,-0.1438,-1.2351,4.4094,-2.0444,-0.0504,1.9733,-2.5009,0.032,-2,1,1
BTCUSDT,2026-09-23 13:00:00+00:00,-0.0369,0.0827,44.5545,19.2362,36.2093,0.0190,0.2204,0.4240,0.0730,0.0595,10.5311,0.9196,5.3229,1,13,2,0.0036244000,1.0000000000,-0.0621,1.030000,0.6869,-0.5524,-0.6462,0.3496,77.799,270.0543,-1.8114,-0.039,1.7561,-2.1128,0.03,-2,1,1
BTCUSDT,2026-09-23 14:00:00+00:00,0.1655,0.1890,87.5386,0.0000,12.4614,0.1800,0.2032,0.4226,0.0381,0.4329,10.4942,0.9196,5.3229,1,14,2,0.0036244000,1.0000000000,0.5033,1.080000,0.6447,-0.0062,-0.0918,0.8544,65.8515,229.2138,-1.2439,0.5414,1.7791,-1.5597,0.5714,1,1,0
ETHUSDT,2026-09-23 14:00:00+00:00,0.2475,0.3079,80.3828,4.9043,14.7129,0.1350,0.2262,0.4549,0.0743,0.3448,10.8844,1.059,4.3583,1,14,2,0.0053608700,-1.0000000000,0.3079,1.420000,0.6676,-0.4555,-0.6953,-0.0752,-2.6059,3.0064,-2.0229,0.1446,2.1473,-2.4339,0.2921,1,1,0
ETHUSDT,2026-09-23 15:00:00+00:00,0.1518,0.3136,48.3909,17.7592,33.8498,0.1620,0.2309,0.4535,0.2600,0.5912,11.1319,1.059,4.3583,1,15,2,0.0053608700,-1.0000000000,-3.3073,1.390000,0.5452,-1.6411,-2.0864,-1.5998,-7.0453,0.996,-3.962,-0.8493,3.0396,-4.0612,0.2576,-1,1,0
BTCUSDT,2026-09-23 15:00:00+00:00,0.0381,0.1548,24.6177,7.7982,67.5841,0.1600,0.2046,0.4211,0.1576,0.4950,10.6597,0.9196,5.3229,1,15,2,0.0036244000,1.0000000000,-1.9442,1.080000,0.5396,-1.2922,-1.5475,-0.7117,-52.7734,172.8163,-3.0766,-0.6194,2.4126,-3.1938,0.1426,-1,1,0
ETHUSDT,2026-09-23 16:00:00+00:00,-0.3232,0.4087,79.0783,9.2166,11.7051,0.4560,0.2177,0.4519,0.3570,0.3235,11.2837,-0.1165,5.3686,1,16,2,0.0043869300,-1.0000000000,-2.5396,1.410000,0.5065,-2.3173,-3.0431,-2.7429,-13.0509,-1.8133,-5.7069,-1.2357,4.3213,-5.3466,0.048,-2,2,1
BTCUSDT,2026-09-23 16:00:00+00:00,-0.2681,0.3703,72.4027,21.3252,6.2721,0.4560,0.2046,0.4196,0.1576,0.5211,10.6978,0.6607,6.9968,1,16,2,0.0094723900,1.0000000000,-1.7224,1.110000,0.2328,-1.8273,-2.3109,-1.6314,-210.5169,96.1497,-4.4083,-0.9472,3.3708,-4.2044,0.0233,-2,2,1
ETHUSDT,2026-09-23 17:00:00+00:00,0.1177,0.1436,81.9372,0.0000,18.0628,0.0510,0.2272,0.4516,0.0272,-0.0795,10.9605,-0.1165,5.3686,1,17,2,0.0043869300,-1.0000000000,0.4119,1.430000,0.5993,-1.3473,-2.1867,-2.0244,-16.2928,-4.7092,-5.1859,-0.139,4.916,-4.6946,0.6666,1,2,1
BTCUSDT,2026-09-23 17:00:00+00:00,0.1095,0.1469,74.5543,0.0810,25.3647,0.1160,0.1987,0.4191,-0.1014,-0.1211,10.4297,0.6607,6.9968,1,17,2,0.0094723900,1.0000000000,-1.4602,1.120000,0.6925,-1.1045,-1.6928,-1.1391,-302.2781,16.4641,-4.0566,-0.1316,3.8445,-3.7472,0.4619,1,2,1
BTCUSDT,2026-09-23 18:00:00+00:00,-0.0456,0.0712,64.0000,36.0000,0.0000,0.0690,0.1947,0.4177,0.0450,0.2094,10.5392,0.6607,6.9968,1,18,2,0.0094723900,1.0000000000,-0.3396,1.130000,0.4809,-0.7432,-1.3784,-0.9258,-359.0634,-58.6414,-3.9147,0.3172,4.1572,-3.5672,0.6346,2,2,1
ETHUSDT,2026-09-23 18:00:00+00:00,-0.0240,0.0750,32.0000,34.5000,33.5000,0.0280,0.2099,0.4500,0.1938,0.4700,11.0782,-0.1165,5.3686,1,18,2,0.0043869300,-1.0000000000,0.5421,1.440000,0.5279,-0.9793,-1.875,-1.8258,-18.3886,-7.4451,-5.1109,0.3521,5.3361,-4.5674,0.7873,2,2,1
ETHUSDT,2026-09-23 19:00:00+00:00,0.1106,0.1151,96.0912,0.0000,3.9088,0.0260,0.2099,0.4485,-0.0777,0.3796,11.0542,-0.1165,5.3686,1,19,2,0.0043869300,-1.0000000000,-0.3244,1.460000,0.5867,-0.6458,-1.5468,-1.5876,-19.4581,-9.8477,-4.9241,0.808,5.6165,-4.3893,0.9563,3,2,1
BTCUSDT,2026-09-23 19:00:00+00:00,0.0683,0.0801,85.3333,0.0000,14.6667,0.0290,0.1950,0.4163,-0.1661,0.1578,10.4936,0.6607,6.9968,1,19,2,0.0094723900,1.0000000000,-0.5789,1.140000,0.4576,-0.5068,-1.1527,-0.7838,-392.1303,-125.3391,-3.7894,0.643,4.3638,-3.4543,0.7429,3,2,1
BTCUSDT,2026-09-23 20:00:00+00:00,-0.0674,0.1366,49.3068,50.6932,0.0000,0.0790,0.1918,0.4149,-0.1359,0.0380,10.5619,0.6607,6.9968,1,20,2,0.0094723900,1.0000000000,0.1202,1.140000,0.3658,-0.3348,-0.9672,-0.668,-407.6576,-181.8028,-3.6768,0.9073,4.5215,-3.3635,0.83,4,2,0
ETHUSDT,2026-09-23 20:00:00+00:00,-0.1348,0.1782,75.6813,24.3187,0.0000,0.0450,0.2033,0.4470,-0.1189,0.2035,11.1648,-0.1165,5.3686,1,20,2,0.0043869300,-1.0000000000,0.3766,1.430000,0.4267,-0.4266,-1.3029,-1.4162,-19.8357,-11.8453,-4.7417,1.1472,5.7849,-4.2725,1.0671,4,2,0
ETHUSDT,2026-09-23 21:00:00+00:00,-0.0109,0.0416,26.1261,10.8108,63.0631,0.0150,0.2052,0.4458,0.0695,0.0894,11.0300,-0.1165,5.3686,1,21,2,0.0043869300,-1.0000000000,-0.2007,1.430000,0.2926,-0.462,-1.3228,-1.507,-20.2254,-13.5213,-4.8094,1.2203,5.9234,-4.4291,0.9185,-1,2,1
BTCUSDT,2026-09-23 21:00:00+00:00,0.0000,0.0118,0.0000,0.0000,100.0000,0.0220,0.1923,0.4136,0.0648,-0.0219,10.4945,0.6607,6.9968,1,21,2,0.0094723900,1.0000000000,-0.8251,1.140000,0.1989,-0.4642,-1.1038,-0.8785,-431.6102,-231.7643,-3.8948,0.8629,4.6866,-3.6164,0.5874,-1,2,1
BTCUSDT,2026-09-23 22:00:00+00:00,0.0179,0.0516,34.7126,0.0000,65.2874,0.0480,0.1913,0.4123,-0.0447,0.0733,10.4945,0.6607,6.9968,1,22,2,0.0094723900,1.0000000000,0.0713,1.160000,0.6963,-0.1855,-0.7909,-0.6199,-429.8864,-271.3887,-3.5795,1.2283,4.7519,-3.3767,0.8173,1,2,1
ETHUSDT,2026-09-23 22:00:00+00:00,0.0314,0.0781,40.1914,5.2632,54.5455,0.0490,0.2050,0.4443,-0.0591,0.0280,11.0191,-0.1165,5.3686,1,22,2,0.0043869300,-1.0000000000,-0.0356,1.450000,0.5248,-0.1453,-0.9455,-1.1757,-19.7044,-14.7579,-4.3864,1.6441,5.9489,-4.1377,1.195,1,2,1
BTCUSDT,2026-09-23 23:00:00+00:00,-0.0844,0.0845,99.8599,0.1401,0.0000,0.0410,0.1904,0.4109,0.0188,0.0007,10.5124,0.6607,6.9968,1,23,2,0.0094723900,1.0000000000,0.0472,1.160000,0.7982,-0.0933,-0.6559,-0.529,-419.0021,-300.9114,-3.3185,1.3681,4.6414,-3.3056,0.8856,2,2,0
ETHUSDT,2026-09-23 23:00:00+00:00,-0.1130,0.1134,99.6721,0.3279,0.0000,0.0440,0.2051,0.4428,-0.0037,0.0489,11.0505,-0.1165,5.3686,1,23,2,0.0043869300,-1.0000000000,0.1399,1.440000,0.3824,0.1552,-0.5487,-0.8003,-18.3457,-15.4755,-3.7244,1.9917,5.667,-3.785,1.5297,2,2,0
ETHUSDT,2026-09-24 00:00:00+00:00,0.0566,0.0954,59.3750,35.9375,4.6875,0.0350,0.2061,0.4416,-0.2273,-0.0139,10.9375,-0.1165,5.3686,1,0,3,0.0030020100,-1.0000000000,0.2491,1.400000,0.5175,0.0908,-0.5369,-0.8093,-17.1614,-15.8127,-3.3634,1.8935,5.2186,-3.8282,1.4886,-1,0,1
BTCUSDT,2026-09-24 00:00:00+00:00,0.0538,0.0894,60.2122,34.6154,5.1724,0.0560,0.1910,0.4097,-0.1339,-0.1246,10.4280,0.6607,6.9968,1,0,3,0.0004951000,-1.0000000000,-0.2566,1.160000,0.5610,-0.1144,-0.6417,-0.5562,-409.042,-322.5375,-3.0197,1.2906,4.2734,-3.3569,0.8364,-1,0,0
ETHUSDT,2026-09-24 01:00:00+00:00,0.1391,0.1607,86.5429,0.2320,13.2251,0.0620,0.2017,0.4401,-0.0359,-0.1703,10.9941,-0.1165,5.3686,1,1,3,0.0030020100,-1.0000000000,-0.5143,1.330000,0.5243,0.0744,-0.4861,-0.7754,-16.0333,-15.8568,-3.0259,1.8545,4.852,-3.8259,1.4908,1,0,0
BTCUSDT,2026-09-24 01:00:00+00:00,0.1011,0.1088,92.9117,0.0000,7.0883,0.0290,0.1906,0.4084,-0.0127,0.0129,10.4818,0.6607,6.9968,1,1,3,0.0004951000,-1.0000000000,-0.1547,1.150000,0.5690,-0.1324,-0.6301,-0.5838,-400.0152,-338.033,-2.7959,1.2386,4.0033,-3.4097,0.7857,-2,0,0
ETHUSDT,2026-09-24 02:00:00+00:00,-0.0957,0.2468,38.7879,10.3030,50.9091,0.2860,0.2037,0.4387,0.1141,-0.0548,11.1332,-0.1165,5.3686,1,2,3,0.0030020100,-1.0000000000,-0.4165,1.320000,0.4715,-0.3471,-0.9066,-1.2376,-16.0508,-15.8956,-3.2661,1.3776,4.6002,-4.3541,0.9897,-1,0,1
BTCUSDT,2026-09-24 02:00:00+00:00,-0.1136,0.1549,73.3487,9.5238,17.1275,0.3190,0.1906,0.4070,0.0884,0.0148,10.5829,0.6607,6.9968,1,2,3,0.0004951000,-1.0000000000,0.1749,1.160000,0.2699,-0.4776,-0.9974,-1.0093,-419.4715,-354.3207,-3.0417,0.8415,3.8409,-3.8896,0.3253,-3,0,1
BTCUSDT,2026-09-24 03:00:00+00:00,0.0502,0.0536,93.5841,0.2212,6.1947,0.1070,0.1920,0.4059,-0.0431,-0.1095,10.4693,0.6607,6.9968,1,3,3,0.0004951000,-1.0000000000,0.5062,1.160000,0.7061,-0.0148,-0.4872,-0.5263,-399.1827,-363.2931,-2.3711,1.3007,3.6522,-3.4148,0.7808,1,0,0
ETHUSDT,2026-09-24 03:00:00+00:00,0.0779,0.0816,95.4338,0.0000,4.5662,0.0390,0.2045,0.4375,-0.0130,-0.1138,11.0375,-0.1165,5.3686,1,3,3,0.0030020100,-1.0000000000,0.8719,1.320000,0.3917,0.1732,-0.3089,-0.6427,-14.6778,-15.652,-2.464,1.9106,4.3625,-3.768,1.5458,1,0,0
BTCUSDT,2026-09-24 04:00:00+00:00,-0.0159,0.0787,20.1515,32.1212,47.7273,0.0750,0.1888,0.4046,0.0915,-0.2307,10.5195,0.6607,6.9968,1,4,3,0.0004951000,-1.0000000000,-0.0628,1.180000,0.4985,-0.4683,-0.964,-1.0566,-416.9087,-374.0162,-2.7184,0.7747,3.4595,-4.0047,0.2148,-1,0,1
ETHUSDT,2026-09-24 04:00:00+00:00,-0.0295,0.0755,39.1089,30.1980,30.6931,0.0760,0.1845,0.4360,0.1779,-0.4651,11.1154,-0.1165,5.3686,1,4,3,0.0030020100,-1.0000000000,0.1070,1.310000,0.5527,-0.2197,-0.69,-1.0513,-14.3921,-15.4,-2.6329,1.4413,4.05,-4.2335,1.1041,-1,0,1
BTCUSDT,2026-09-24 05:00:00+00:00,0.0655,0.0806,81.2408,18.6115,0.1477,0.1030,0.1511,0.4034,0.0218,-0.7806,10.5036,0.6607,6.9968,1,5,3,0.0004951000,-1.0000000000,1.1059,1.200000,0.8210,-0.2067,-0.6846,-0.8123,-412.0375,-381.6205,-2.2999,0.9944,3.2729,-3.645,0.4233,1,0,0
ETHUSDT,2026-09-24 05:00:00+00:00,0.0996,0.1003,99.2565,0.3717,0.3717,0.0750,0.1792,0.4347,0.0918,-0.6857,11.0859,-0.1165,5.3686,1,5,3,0.0030020100,-1.0000000000,0.1911,1.300000,0.4242,0.0892,-0.3247,-0.6892,-13.2967,-14.9794,-2.0503,1.7163,3.7603,-3.5592,1.431,1,0,0
BTCUSDT,2026-09-24 06:00:00+00:00,0.0004,0.0832,0.4298,68.3381,31.2321,0.1420,0.1162,0.4021,-0.0138,-0.2135,10.5691,0.6607,6.9968,1,6,3,0.0004951000,-1.0000000000,-0.9188,1.210000,0.3087,-0.2879,-0.7623,-0.9285,-413.7602,-388.0484,-2.2264,0.8428,3.0481,-3.1547,0.271,-1,0,1
ETHUSDT,2026-09-24 06:00:00+00:00,0.0313,0.0944,33.2016,42.2925,24.5059,0.2460,0.1501,0.4333,0.0523,-0.0771,11.1855,-0.1165,5.3686,1,6,3,0.0030020100,-1.0000000000,-0.4977,1.310000,0.5173,0.0264,-0.3465,-0.7166,-12.4073,-14.465,-1.8348,1.5837,3.4142,-2.9508,1.3755,-1,0,1
ETHUSDT,2026-09-24 07:00:00+00:00,-0.0488,0.0525,92.9078,0.0000,7.0922,0.2530,0.1483,0.4319,0.1793,0.0739,11.2168,-0.1165,5.3686,1,7,3,0.0030020100,-1.0000000000,0.3703,1.290000,0.7286,0.067,-0.2627,-0.633,-11.4463,-13.8612,-1.412,1.4807,2.8937,-2.6015,1.4321,1,0,1
BTCUSDT,2026-09-24 07:00:00+00:00,-0.0414,0.0527,78.5553,0.0000,21.4447,0.1080,0.1161,0.4008,0.1002,-0.1853,10.5695,0.6607,6.9968,1,7,3,0.0004951000,-1.0000000000,0.1892,1.230000,0.6575,-0.1342,-0.5832,-0.7759,-402.3617,-390.9111,-1.8011,0.8836,2.6725,-2.8621,0.3906,1,0,1
BTCUSDT,2026-09-24 08:00:00+00:00,-0.0075,0.0871,8.5598,77.0380,14.4022,1.3260,0.0861,0.3996,0.0086,0.1578,10.5281,0.6607,6.9968,1,8,3,0.0029545800,1.0000000000,1.9595,1.180000,0.7023,0.2988,-0.0666,-0.2546,-354.6875,-383.6664,-1.0506,1.2878,2.3412,-2.0813,0.8956,2,1,0
ETHUSDT,2026-09-24 08:00:00+00:00,-0.0193,0.0665,29.0503,70.9497,0.0000,0.2680,0.1135,0.4306,0.0526,0.4849,11.1680,-0.1165,5.3686,1,8,3,0.0020086800,-1.0000000000,1.1476,1.290000,0.2934,0.288,0.0284,-0.3247,-9.9336,-13.0757,-0.8456,1.6332,2.4886,-2.0588,1.721,2,1,0
ETHUSDT,2026-09-24 09:00:00+00:00,0.1233,0.1424,86.5789,13.4211,0.0000,2.1890,0.1126,0.4293,0.0628,0.3697,11.1487,-0.1165,5.3686,1,9,3,0.0020086800,-1.0000000000,-1.6938,1.330000,0.5644,-0.3644,-0.6518,-1.0307,-10.2242,-12.5054,-1.3187,0.8018,2.115,-2.511,0.9882,-1,1,0
BTCUSDT,2026-09-24 09:00:00+00:00,0.0570,0.0885,64.4595,32.7027,2.8378,1.7220,0.0844,0.3984,0.0170,0.0625,10.5206,0.6607,6.9968,1,9,3,0.0029545800,1.0000000000,-0.5490,1.200000,0.6115,-0.5071,-0.9116,-1.1457,-375.7395,-382.081,-1.7827,0.3616,2.1292,-2.6985,0.0595,-1,1,0
ETHUSDT,2026-09-24 10:00:00+00:00,0.0655,0.1265,51.7964,0.5988,47.6048,0.4730,0.1146,0.4280,0.0865,0.4619,11.2720,-0.1165,5.3686,1,10,3,0.0020086800,-1.0000000000,-0.8565,1.360000,0.5743,-1.157,-1.5789,-2.0367,-12.6081,-12.526,-2.1307,-0.2503,1.8583,-3.616,0.1256,-2,1,1
BTCUSDT,2026-09-24 10:00:00+00:00,0.0701,0.1372,51.0508,12.6970,36.2522,0.8920,0.0851,0.3971,0.0085,0.1215,10.5776,0.6607,6.9968,1,10,3,0.0029545800,1.0000000000,-1.6861,1.240000,0.4293,-0.7911,-1.2684,-1.5666,-419.7963,-389.624,-1.7962,-0.2751,1.5055,-3.1908,0.1197,-2,1,1
BTCUSDT,2026-09-24 11:00:00+00:00,0.0852,0.0857,99.4406,0.4196,0.1399,0.4680,0.0857,0.3959,0.0782,0.1456,10.6477,0.6607,6.9968,1,11,3,0.0029545800,1.0000000000,-0.6631,1.220000,0.5618,-0.3778,-0.8619,-1.1965,-428.4459,-397.3884,-1.4414,0.1291,1.5602,-2.8644,0.4357,1,1,0
ETHUSDT,2026-09-24 11:00:00+00:00,0.1345,0.1810,74.3215,20.6681,5.0104,1.7850,0.1147,0.4267,0.1207,0.4656,11.3375,-0.1165,5.3686,1,11,3,0.0020086800,-1.0000000000,0.2192,1.400000,0.5846,-0.6963,-1.1737,-1.679,-13.7331,-12.7674,-1.8623,0.1624,2.0076,-3.3224,0.4086,1,1,0
ETHUSDT,2026-09-24 12:00:00+00:00,-0.1187,0.1508,78.6967,8.5213,12.7820,0.2100,0.1168,0.4254,0.3040,0.5453,11.4720,-0.1165,5.3686,1,12,3,0.0020086800,-1.0000000000,0.6128,1.400000,0.5324,-0.782,-1.3238,-1.886,-15.0467,-13.2232,-2.1659,-0.0849,2.0579,-3.2674,0.1305,-1,1,1
BTCUSDT,2026-09-24 12:00:00+00:00,-0.1064,0.1161,91.6409,0.1032,8.2559,0.7720,0.0870,0.3947,0.2048,0.1927,10.7329,0.6607,6.9968,1,12,3,0.0029545800,1.0000000000,-0.0472,1.210000,0.5862,-0.479,-0.9854,-1.3636,-444.9783,-406.9064,-1.7118,0.0,1.6973,-3.0524,0.2165,-1,1,1
BTCUSDT,2026-09-24 13:00:00+00:00,0.0813,0.1022,79.5082,12.1780,8.3138,0.5250,0.0899,0.3937,0.1059,0.0954,10.6265,0.6607,6.9968,1,13,3,0.0029545800,1.0000000000,-0.1059,1.240000,0.6285,-0.1243,-0.6,-0.9964,-431.3695,-411.799,-1.387,0.3805,1.7587,-2.7204,0.538,1,1,1
ETHUSDT,2026-09-24 13:00:00+00:00,0.0993,0.1092,91.0035,8.6505,0.3460,0.3890,0.1202,0.4243,0.2046,0.4200,11.3533,-0.1165,5.3686,1,13,3,0.0020086800,-1.0000000000,-0.1134,1.410000,0.7774,-0.4142,-0.9619,-1.5553,-15.35,-13.6486,-1.9288,0.2566,2.1673,-2.7147,0.3924,1,1,1
ETHUSDT,2026-09-24 14:00:00+00:00,-0.0566,0.1315,43.0199,34.4729,22.5071,0.7400,0.1204,0.4230,0.1806,0.5682,11.4526,-0.1165,5.3686,1,14,3,0.0020086800,-1.0000000000,-0.4586,1.440000,0.5578,0.1951,-0.273,-0.8549,-14.0182,-13.7225,-1.2616,0.9053,2.1631,-2.0416,1.0452,2,1,0
BTCUSDT,2026-09-24 14:00:00+00:00,-0.0619,0.1079,57.3157,6.9307,35.7536,1.0470,0.0908,0.3925,0.1302,0.2136,10.7078,0.6607,6.9968,1,14,3,0.0029545800,1.0000000000,-0.3016,1.240000,0.5506,0.4058,0.0313,-0.3453,-373.4484,-404.1289,-0.739,1.0097,1.7511,-2.0726,1.1653,2,1,0
BTCUSDT,2026-09-24 15:00:00+00:00,0.0068,0.2146,3.1755,2.7298,94.0947,2.6300,0.0857,0.3914,-0.0018,-0.0138,10.6459,0.6607,6.9968,1,15,3,0.0029545800,1.0000000000,-2.0018,1.270000,0.4244,-0.1679,-0.5333,-0.9277,-365.0549,-396.3141,-1.3299,0.4483,1.7703,-1.0894,0.5544,-1,1,1
ETHUSDT,2026-09-24 15:00:00+00:00,0.1024,0.3211,31.8875,0.0000,68.1125,2.4310,0.1119,0.4218,0.0585,0.2641,11.3960,-0.1165,5.3686,1,15,3,0.0020086800,-1.0000000000,-0.7652,1.430000,0.3761,-0.0886,-0.5276,-1.1183,-13.4652,-13.6711,-1.5711,0.643,2.2039,-1.2706,0.7419,-1,1,1
ETHUSDT,2026-09-24 16:00:00+00:00,-0.1566,0.3191,49.0654,15.4206,35.5140,1.8130,0.1097,0.4206,0.0264,0.2147,11.4984,-3.8196,-2.9143,1,16,3,0.0041606800,1.0000000000,1.4782,1.400000,0.4879,0.4903,0.1609,-0.3936,-11.3812,-13.2131,-0.8724,1.3355,2.213,-0.5608,1.4376,1,2,1
BTCUSDT,2026-09-24 16:00:00+00:00,-0.1148,0.2176,52.7778,6.9717,40.2505,1.3980,0.0853,0.3902,-0.0802,-0.0451,10.6527,-3.2763,-1.7418,1,16,3,-0.0003278600,-1.0000000000,0.7565,1.240000,0.5358,0.4766,0.2119,-0.1521,-303.0652,-377.6643,-0.5374,1.2013,1.7445,-0.283,1.3124,1,2,1
BTCUSDT,2026-09-24 17:00:00+00:00,-0.0607,0.1550,39.1902,0.0000,60.8098,1.3650,0.0694,0.3893,-0.0886,0.1082,10.5379,-3.2763,-1.7418,1,17,3,-0.0003278600,-1.0000000000,-0.1567,1.240000,0.5095,0.4911,0.3178,-0.0133,-241.7505,-350.4815,-0.4294,1.3444,1.782,-0.1445,1.4486,2,2,0
ETHUSDT,2026-09-24 17:00:00+00:00,-0.0480,0.1806,26.5979,0.0000,73.4021,0.8090,0.0924,0.4197,-0.0115,0.3813,11.3418,-3.8196,-2.9143,1,17,3,0.0041606800,1.0000000000,-1.5076,1.370000,0.4820,0.5882,0.3697,-0.1407,-9.0914,-12.3888,-0.6707,1.5685,2.2493,-0.3132,1.6802,2,2,0
BTCUSDT,2026-09-24 18:00:00+00:00,-0.1233,0.1233,100.0000,0.0000,0.0000,0.4160,0.0669,0.3883,-0.2306,-0.0620,10.4772,-3.2763,-1.7418,1,18,3,-0.0003278600,-1.0000000000,-0.7159,1.240000,0.3365,-0.0158,-0.1763,-0.5061,-225.3467,-325.4546,-0.8956,0.8389,1.734,-0.6587,0.9427,-1,2,1
ETHUSDT,2026-09-24 18:00:00+00:00,-0.1072,0.1173,91.3738,8.6262,0.0000,0.5180,0.0907,0.4185,-0.1588,0.2156,11.2938,-3.8196,-2.9143,1,18,3,0.0041606800,1.0000000000,-0.7102,1.380000,0.4468,-0.1116,-0.3269,-0.8394,-8.7502,-11.6611,-1.3892,0.8738,2.2572,-1.0476,0.9605,-1,2,1
BTCUSDT,2026-09-24 19:00:00+00:00,-0.0911,0.1299,70.1003,26.7092,3.1905,0.5020,0.0707,0.3874,-0.2920,-0.1397,10.3539,-3.2763,-1.7418,1,19,3,-0.0003278600,-1.0000000000,0.1242,1.230000,0.5072,0.3594,0.2631,-0.0373,-178.64,-296.0917,-0.4091,1.2931,1.7097,-0.1907,1.4032,1,2,0
ETHUSDT,2026-09-24 19:00:00+00:00,-0.1257,0.1733,72.5322,25.1073,2.3605,1.5720,0.0934,0.4175,-0.2094,0.1324,11.1866,-3.8196,-2.9143,1,19,3,0.0041606800,1.0000000000,-1.1021,1.370000,0.4497,0.5203,0.397,-0.0692,-6.7526,-10.6794,-0.6151,1.6275,2.2541,-0.2785,1.7143,1,2,1
BTCUSDT,2026-09-24 20:00:00+00:00,-0.0817,0.1069,76.3858,0.0000,23.6142,1.8150,0.0709,0.3872,-0.3899,-0.2991,10.4055,-3.2763,-1.7418,1,20,3,-0.0003278600,-1.0000000000,-0.0846,1.230000,0.4102,0.2397,0.1849,-0.0935,-144.0392,-265.6812,-0.4512,1.2276,1.6853,-0.2507,1.3442,-1,2,1
ETHUSDT,2026-09-24 20:00:00+00:00,-0.1020,0.1707,59.7826,18.9130,21.3043,0.5560,0.0943,0.4169,-0.4375,-0.1039,11.3407,-3.8196,-2.9143,1,20,3,0.0041606800,1.0000000000,0.9221,1.320000,0.2801,0.6051,0.5758,0.1618,-4.6008,-9.4637,-0.4174,1.8759,2.3101,-0.1345,1.9476,2,2,0
ETHUSDT,2026-09-24 21:00:00+00:00,0.0450,0.0506,88.9706,11.0294,0.0000,0.2210,0.0926,0.4168,-0.3829,-0.0711,11.3605,-3.8196,-2.9143,1,21,3,0.0041606800,1.0000000000,0.1984,1.320000,0.4579,0.3545,0.3762,-0.0009,-3.2119,-8.2133,-0.5946,1.7198,2.3275,-0.2977,1.7878,-1,2,0
BTCUSDT,2026-09-24 21:00:00+00:00,-0.0206,0.0411,50.1441,49.8559,0.0000,0.1820,0.0714,0.3872,-0.3568,-0.3134,10.3990,-3.2763,-1.7418,1,21,3,-0.0003278600,-1.0000000000,0.2488,1.240000,0.4713,0.1932,0.1697,-0.0881,-115.1691,-235.5788,-0.4398,1.2261,1.6725,-0.2489,1.3459,1,2,0
BTCUSDT,2026-09-24 22:00:00+00:00,-0.0892,0.1112,80.2561,0.0000,19.7439,0.7250,0.0714,0.3873,-0.3167,-0.3340,10.2802,-3.2763,-1.7418,1,22,3,-0.0003278600,-1.0000000000,-0.1658,1.240000,0.3002,0.0628,0.05,-0.1952,-98.9596,-208.2549,-0.5783,1.1071,1.6898,-0.3642,1.2325,-1,2,1
ETHUSDT,2026-09-24 22:00:00+00:00,-0.0309,0.1166,26.5176,14.6965,58.7859,0.6030,0.0931,0.4165,-0.2899,-0.0152,11.1246,-3.8196,-2.9143,1,22,3,0.0041606800,1.0000000000,-0.8049,1.310000,0.2517,0.18,0.2242,-0.1258,-2.3656,-7.0438,-0.764,1.5834,2.3571,-0.4281,1.6601,-2,2,1
BTCUSDT,2026-09-24 23:00:00+00:00,0.0321,0.0323,99.2647,0.3676,0.3676,0.2680,0.0726,0.3869,-0.2826,-0.4411,9.8610,-3.2763,-1.7418,1,23,3,-0.0003278600,-1.0000000000,-0.3733,1.250000,0.6474,0.0963,0.0977,-0.1321,-81.2632,-182.8566,-0.504,1.1592,1.6687,-0.3064,1.2894,1,2,1
ETHUSDT,2026-09-24 23:00:00+00:00,0.0361,0.0402,89.8148,0.0000,10.1852,0.1970,0.0930,0.4135,-0.2136,-0.0775,10.3769,-3.8196,-2.9143,1,23,3,0.0041606800,1.0000000000,0.0397,1.310000,0.3941,0.1603,0.2224,-0.1011,-1.6316,-5.9613,-0.7346,1.6015,2.3463,-0.4075,1.6802,1,2,1
BTCUSDT,2026-09-25 00:00:00+00:00,0.0222,0.0222,100.0000,0.0000,0.0000,0.3310,0.0719,0.3868,-0.1594,-0.3246,9.9343,-3.2763,-1.7418,1,0,4,-0.0003799600,-1.0000000000,0.1272,1.240000,0.3790,0.1921,0.2196,0.0116,-56.7801,-157.6413,-0.4115,1.2942,1.7133,-0.162,1.4315,2,0,1
ETHUSDT,2026-09-25 00:00:00+00:00,0.0145,0.0164,88.6364,4.5455,6.8182,0.2350,0.0904,0.4135,-0.0518,0.0716,10.3117,-3.8196,-2.9143,1,0,4,-0.0033674000,-1.0000000000,0.5009,1.300000,0.4740,0.1966,0.2798,-0.0149,-0.8545,-4.94,-0.6932,1.6842,2.3893,-0.3215,1.7644,2,0,1
BTCUSDT,2026-09-25 01:00:00+00:00,0.0523,0.0759,68.8474,0.1558,30.9969,0.4350,0.0710,0.3861,-0.0555,-0.3562,10.2138,-3.2763,-1.7418,1,1,4,-0.0003799600,-1.0000000000,0.2380,1.240000,0.4767,0.3581,0.4319,0.2571,-19.6724,-130.0475,-0.2392,1.5673,1.8186,-0.0001,1.6838,3,0,0
ETHUSDT,2026-09-25 01:00:00+00:00,0.0591,0.1097,53.8983,0.3390,45.7627,0.3340,0.0897,0.4134,0.0647,0.0295,10.3733,-3.8196,-2.9143,1,1,4,-0.0033674000,-1.0000000000,0.2580,1.280000,0.3476,0.2712,0.3838,0.1229,0.0704,-3.9379,-0.5861,1.8334,2.4347,-0.1784,1.9046,3,0,0
ETHUSDT,2026-09-25 02:00:00+00:00,0.0041,0.0368,11.1111,66.6667,22.2222,0.4990,0.0860,0.4128,0.0788,-0.0505,10.0707,-3.8196,-2.9143,1,2,4,-0.0033674000,-1.0000000000,0.4336,1.290000,0.5190,0.1339,0.2545,0.0181,0.5708,-3.0362,-0.7173,1.7348,2.4646,-0.2827,1.8024,-1,0,0
BTCUSDT,2026-09-25 02:00:00+00:00,-0.0395,0.0627,63.0189,11.1321,25.8491,0.1850,0.0683,0.3853,0.0174,-0.4050,9.9016,-3.2763,-1.7418,1,2,4,-0.0003799600,-1.0000000000,0.0237,1.230000,0.6192,0.2289,0.3273,0.1779,4.7586,-103.0863,-0.3811,1.4937,1.8852,-0.0723,1.6129,-1,0,0
BTCUSDT,2026-09-25 03:00:00+00:00,-0.0251,0.0695,36.0684,14.8718,49.0598,0.6810,0.0654,0.3853,0.0671,-0.3309,9.8948,-3.2763,-1.7418,1,3,4,-0.0003799600,-1.0000000000,0.0103,1.250000,0.4682,-0.1629,-0.0954,-0.245,-5.2713,-83.5233,-0.8262,1.0592,1.8876,-0.5062,1.1863,-2,0,1
ETHUSDT,2026-09-25 03:00:00+00:00,-0.0688,0.1319,52.1246,0.2833,47.5921,1.6130,0.0837,0.4128,0.1138,0.0493,10.0594,-3.8196,-2.9143,1,3,4,-0.0033674000,-1.0000000000,0.3966,1.290000,0.5602,-0.3139,-0.2464,-0.4888,-0.1676,-2.4624,-1.2204,1.2248,2.4453,-0.8111,1.285,-2,0,1
ETHUSDT,2026-09-25 04:00:00+00:00,-0.0598,0.0605,98.7654,0.6173,0.6173,0.1070,0.0833,0.4119,0.0089,-0.0974,10.3020,-3.8196,-2.9143,1,4,4,-0.0033674000,-1.0000000000,0.1233,1.330000,0.5880,-0.1863,-0.1504,-0.3917,-0.5718,-2.0843,-1.0743,1.297,2.3739,-0.7298,1.3646,1,0,1
BTCUSDT,2026-09-25 04:00:00+00:00,-0.0248,0.0248,100.0000,0.0000,0.0000,0.2480,0.0641,0.3852,0.0099,-0.4062,9.9899,-3.2763,-1.7418,1,4,4,-0.0003799600,-1.0000000000,0.5460,1.260000,0.5131,-0.1243,-0.0799,-0.2282,-12.5669,-69.332,-0.7813,1.0621,1.846,-0.4987,1.1937,1,0,1
BTCUSDT,2026-09-25 05:00:00+00:00,0.0327,0.0510,64.1026,0.0000,35.8974,0.2420,0.0641,0.3849,-0.0371,-0.4151,10.0893,-3.2763,-1.7418,1,5,4,-0.0003799600,-1.0000000000,-0.0481,1.260000,0.6773,-0.0783,-0.0485,-0.1937,-16.3607,-58.7378,-0.7636,1.0345,1.8005,-0.472,1.2198,2,0,0
ETHUSDT,2026-09-25 05:00:00+00:00,0.0773,0.0915,84.4898,0.4082,15.1020,0.2790,0.0839,0.4101,-0.0654,-0.1277,10.6971,-3.8196,-2.9143,1,5,4,-0.0033674000,-1.0000000000,-0.2796,1.320000,0.4456,-0.0029,0.0293,-0.2004,-0.492,-1.7659,-0.9142,1.4655,2.3863,-0.5461,1.5445,2,0,0
ETHUSDT,2026-09-25 06:00:00+00:00,-0.0422,0.0571,73.8562,26.1438,0.0000,0.2460,0.0829,0.4099,-0.0472,-0.1500,10.8825,-3.8196,-2.9143,1,6,4,-0.0033674000,-1.0000000000,0.3234,1.330000,0.3673,-0.1009,-0.0854,-0.3112,-0.6871,-1.5501,-0.9819,1.1574,2.1412,-0.67,1.4232,-1,0,0
BTCUSDT,2026-09-25 06:00:00+00:00,-0.0245,0.0383,63.9752,0.3106,35.7143,0.5380,0.0626,0.3849,-0.0567,-0.4479,10.0990,-3.2763,-1.7418,1,6,4,-0.0003799600,-1.0000000000,0.0239,1.250000,0.3080,-0.1264,-0.1165,-0.2628,-24.4913,-51.8885,-0.778,0.7877,1.5657,-0.5521,1.1412,-1,0,0
BTCUSDT,2026-09-25 07:00:00+00:00,-0.0049,0.0471,10.3535,52.0202,37.6263,0.4350,0.0625,0.3849,-0.0417,-0.4728,10.1146,-3.2763,-1.7418,1,7,4,-0.0003799600,-1.0000000000,0.0255,1.250000,0.2995,-0.234,-0.257,-0.4123,-41.7025,-49.8513,-0.9078,0.5312,1.4363,-0.7189,0.9771,-2,0,1
ETHUSDT,2026-09-25 07:00:00+00:00,-0.0015,0.0587,2.5478,69.4268,28.0255,0.2670,0.0828,0.4099,-0.0935,-0.2235,10.6634,-3.8196,-2.9143,1,7,4,-0.0033674000,-1.0000000000,-0.1705,1.340000,0.5343,-0.2116,-0.2263,-0.4565,-1.1807,-1.4762,-1.1021,0.8653,1.9652,-0.8345,1.2621,-2,0,1
BTCUSDT,2026-09-25 08:00:00+00:00,0.0951,0.0952,99.8750,0.1250,0.0000,1.0550,0.0624,0.3844,-0.0215,-0.4363,10.3125,-3.2763,-1.7418,1,8,4,0.0071862400,1.0000000000,0.2389,1.260000,0.6752,-0.1119,-0.148,-0.3055,-48.4099,-49.563,-0.7121,0.4382,1.1488,-0.6243,1.0702,1,1,1
ETHUSDT,2026-09-25 08:00:00+00:00,0.1086,0.1202,90.3427,0.9346,8.7227,0.5590,0.0824,0.4092,-0.0262,-0.1762,10.9070,-3.8196,-2.9143,1,8,4,0.0055308200,1.0000000000,0.5256,1.280000,0.7828,-0.1411,-0.1737,-0.4047,-1.479,-1.4768,-0.9427,0.6595,1.6,-0.7991,1.2968,1,1,1
ETHUSDT,2026-09-25 09:00:00+00:00,0.0573,0.0610,93.9024,0.0000,6.0976,0.4620,0.0855,0.4091,0.1422,-0.0483,11.0769,-3.8196,-2.9143,1,9,4,0.0055308200,1.0000000000,-0.2828,1.280000,0.4481,0.3831,0.4059,0.2084,-0.3668,-1.2548,-0.2602,1.0648,1.3304,-0.175,1.9078,2,1,1
BTCUSDT,2026-09-25 09:00:00+00:00,0.0523,0.0524,99.7738,0.0000,0.2262,0.8140,0.0664,0.3844,0.0984,-0.3337,10.3810,-3.2763,-1.7418,1,9,4,0.0071862400,1.0000000000,-0.9807,1.220000,0.6034,0.2415,0.2417,0.1047,-25.2808,-44.7066,-0.2653,0.7244,0.992,-0.2085,1.479,2,1,1
ETHUSDT,2026-09-25 10:00:00+00:00,-0.1724,0.1842,93.5743,6.4257,0.0000,2.7370,0.0824,0.4091,0.1222,-0.1143,11.0757,-3.8196,-2.9143,1,10,4,0.0055308200,1.0000000000,2.2490,1.250000,0.5770,0.5339,0.6273,0.4738,1.1229,-0.7792,-0.0594,1.3169,1.385,-0.1845,2.1877,3,1,1
BTCUSDT,2026-09-25 10:00:00+00:00,-0.0944,0.0976,96.7273,0.1212,3.1515,1.7730,0.0662,0.3844,0.1180,-0.3384,10.4326,-3.2763,-1.7418,1,10,4,0.0071862400,1.0000000000,-0.1785,1.220000,0.6125,0.2226,0.2531,0.136,-4.3907,-36.6434,-0.2575,0.7546,1.0146,-0.1716,1.5153,3,1,1
BTCUSDT,2026-09-25 11:00:00+00:00,0.0211,0.0456,46.3731,0.0000,53.6269,0.4620,0.0656,0.3844,0.0481,-0.5029,10.1164,-3.2763,-1.7418,1,11,4,0.0071862400,1.0000000000,0.0315,1.230000,0.2912,0.4043,0.4872,0.4026,31.1795,-23.0788,0.0295,0.9085,0.8831,0.0,1.5908,4,1,0
ETHUSDT,2026-09-25 11:00:00+00:00,0.0343,0.0866,39.5745,16.1702,44.2553,1.2970,0.0875,0.4095,-0.0080,-0.3522,10.8542,-3.8196,-2.9143,1,11,4,0.0055308200,1.0000000000,1.0973,1.250000,0.2572,0.8666,1.0693,0.9834,3.4731,0.0712,0.3226,1.8327,1.5265,-0.014,2.6197,4,1,1
BTCUSDT,2026-09-25 12:00:00+00:00,0.0972,0.1143,85.0932,14.9068,0.0000,2.4090,0.0625,0.3843,0.0741,-0.5670,9.9499,-3.2763,-1.7418,1,12,4,0.0071862400,1.0000000000,1.1819,1.270000,0.4995,0.2502,0.3597,0.2989,52.4863,-7.9658,-0.1118,0.8271,0.9422,-0.0919,1.5003,-1,1,0
ETHUSDT,2026-09-25 12:00:00+00:00,0.0932,0.0965,96.5649,3.4351,0.0000,1.5300,0.0826,0.4088,0.0278,-0.4524,10.5159,-3.8196,-2.9143,1,12,4,0.0055308200,1.0000000000,-1.0524,1.280000,0.4846,0.8336,1.1312,1.1132,5.6586,1.1887,0.2569,2.1,1.865,-0.0033,2.792,5,1,0
ETHUSDT,2026-09-25 13:00:00+00:00,-0.2735,0.2761,99.0667,0.1333,0.8000,1.6030,0.0828,0.4087,0.0124,-0.2405,10.3942,-3.8196,-2.9143,1,13,4,0.0055308200,1.0000000000,-1.0178,1.330000,0.5101,0.3905,0.7152,0.7384,6.5533,2.2616,-0.2034,1.7819,2.0012,-0.3518,2.2753,-1,1,0
BTCUSDT,2026-09-25 13:00:00+00:00,-0.1515,0.1604,94.4609,0.0739,5.4653,0.8620,0.0645,0.3838,0.0762,-0.3634,9.7414,-3.2763,-1.7418,1,13,4,0.0071862400,1.0000000000,-1.2011,1.280000,0.5568,-0.1016,-0.0155,-0.0751,43.1502,2.2574,-0.4823,0.4558,0.9379,-0.4704,0.9895,-2,1,0
BTCUSDT,2026-09-25 14:00:00+00:00,0.0522,0.1609,32.4444,44.1481,23.4074,1.8800,0.0667,0.3824,-0.1276,-0.5962,9.0591,-3.2763,-1.7418,1,14,4,0.0071862400,1.0000000000,-0.1660,1.310000,0.4030,-0.442,-0.4236,-0.5052,5.19,2.8439,-0.9422,0.0203,0.958,-0.923,0.5436,-3,1,1
ETHUSDT,2026-09-25 14:00:00+00:00,-0.0215,0.2235,9.6346,47.3422,43.0233,1.7050,0.0949,0.4069,-0.3184,-0.6133,9.4679,-3.8196,-2.9143,1,14,4,0.0055308200,1.0000000000,-1.1554,1.330000,0.4448,-0.1507,0.1257,0.1554,5.9311,2.9955,-0.7649,1.086,1.8539,-0.9349,1.5798,-2,1,1
ETHUSDT,2026-09-25 15:00:00+00:00,0.0219,0.1344,16.2983,30.9392,52.7624,1.3590,0.0947,0.4069,-0.1675,-0.5782,9.3048,-3.8196,-2.9143,1,15,4,0.0055308200,1.0000000000,-0.3309,1.370000,0.5475,-0.0768,0.1638,0.2016,5.4934,3.4951,-0.7297,1.1256,1.8589,-0.8798,1.6335,1,1,0
BTCUSDT,2026-09-25 15:00:00+00:00,0.0027,0.1001,2.7348,15.8145,81.4507,1.4980,0.0679,0.3821,0.0190,-0.4821,8.8605,-3.2763,-1.7418,1,15,4,0.0071862400,1.0000000000,0.9688,1.320000,0.5573,-0.3022,-0.3268,-0.4237,-20.3263,-1.7901,-0.8836,0.136,1.0158,-0.8584,0.6072,1,1,0
BTCUSDT,2026-09-25 16:00:00+00:00,0.1134,0.1467,77.2986,17.4939,5.2075,3.7770,0.0679,0.3819,0.0006,-0.4862,8.9789,0.7359,-1.9207,1,16,4,0.0034162600,-1.0000000000,-0.2713,1.310000,0.5193,-0.3605,-0.432,-0.5498,-49.9858,-11.4293,-1.0537,0.0637,1.1119,-1.0077,0.1209,-1,2,0
ETHUSDT,2026-09-25 16:00:00+00:00,0.1828,0.2245,81.4262,0.0000,18.5738,4.1600,0.0915,0.4068,-0.1799,-0.6587,9.4025,1.186,-2.7923,1,16,4,0.0000480700,-1.0000000000,-1.2433,1.320000,0.6222,-0.1882,0.0052,0.0419,4.748,3.7457,-0.8856,0.971,1.8574,-1.0395,0.9425,-1,2,0
ETHUSDT,2026-09-25 17:00:00+00:00,0.1838,0.1883,97.6238,0.0000,2.3762,1.1450,0.0965,0.4066,-0.0903,-0.3193,9.3183,1.186,-2.7923,1,17,4,0.0000480700,-1.0000000000,0.6038,1.330000,0.5629,-0.2553,-0.114,-0.0852,3.8299,3.7625,-1.0166,0.8431,1.8581,-1.1715,0.8131,-2,2,1
BTCUSDT,2026-09-25 17:00:00+00:00,0.1001,0.1002,99.8808,0.1192,0.0000,0.6840,0.0699,0.3818,0.0168,-0.2580,8.9353,0.7359,-1.9207,1,17,4,0.0034162600,-1.0000000000,-0.7403,1.310000,0.2753,-0.3446,-0.4567,-0.596,-77.3362,-24.6107,-1.1445,0.0755,1.2135,-1.0784,0.1,-2,2,1
BTCUSDT,2026-09-25 18:00:00+00:00,0.1025,0.1025,100.0000,0.0000,0.0000,0.3360,0.0725,0.3815,0.2684,-0.0972,8.7789,0.7359,-1.9207,1,18,4,0.0034162600,-1.0000000000,-0.1861,1.320000,0.7130,-0.2413,-0.3761,-0.5312,-95.0195,-38.6924,-1.1148,0.178,1.2867,-1.0352,0.1428,1,2,1
ETHUSDT,2026-09-25 18:00:00+00:00,0.1259,0.1270,99.1202,0.0000,0.8798,0.5080,0.1039,0.4067,0.3670,-0.0875,9.3899,1.186,-2.7923,1,18,4,0.0000480700,-1.0000000000,-0.2142,1.320000,0.7166,-0.1797,-0.0759,-0.0525,3.1323,3.6365,-0.9889,0.8626,1.8503,-1.1407,0.8434,1,2,1
ETHUSDT,2026-09-25 19:00:00+00:00,-0.0977,0.1282,76.2319,23.7681,0.0000,0.3430,0.1047,0.4044,0.5144,0.1456,8.9027,1.186,-2.7923,1,19,4,0.0000480700,-1.0000000000,-0.1726,1.320000,0.4013,-0.0964,-0.0152,0.0063,2.6769,3.4446,-0.9343,0.9087,1.8428,-1.0809,0.6826,2,2,1
BTCUSDT,2026-09-25 19:00:00+00:00,-0.0343,0.0639,53.7313,39.3657,6.9030,0.2960,0.0710,0.3792,0.3187,0.1286,8.2884,0.7359,-1.9207,1,19,4,0.0034162600,-1.0000000000,0.3021,1.310000,0.4517,-0.1328,-0.2733,-0.4377,-102.7575,-51.5054,-1.0382,0.2968,1.3301,-0.9592,0.2179,2,2,1
BTCUSDT,2026-09-25 20:00:00+00:00,-0.0141,0.0613,22.9126,69.5146,7.5728,0.1870,0.0687,0.3792,0.2817,0.1854,8.3299,0.7359,-1.9207,1,20,4,0.0034162600,-1.0000000000,0.1723,1.320000,0.4132,-0.0503,-0.1848,-0.3532,-102.9743,-61.7992,-0.9463,0.3967,1.3394,-0.8887,0.2875,3,2,0
ETHUSDT,2026-09-25 20:00:00+00:00,0.0000,0.0929,0.0000,88.0000,12.0000,0.2470,0.1033,0.4045,0.3948,0.1736,8.7032,1.186,-2.7923,1,20,4,0.0000480700,-1.0000000000,-0.3200,1.330000,0.5523,-0.0066,0.0662,0.0907,2.4787,3.2514,-0.8537,0.9863,1.8411,-0.9919,0.7701,3,2,0
BTCUSDT,2026-09-25 21:00:00+00:00,0.0472,0.0646,73.0627,15.1292,11.8081,0.6420,0.0663,0.3792,0.1542,0.2530,8.2119,0.7359,-1.9207,1,21,4,0.0034162600,-1.0000000000,-0.8792,1.340000,0.2552,-0.1108,-0.2483,-0.4244,-107.8738,-71.0141,-0.9685,0.3284,1.2928,-0.9777,0.1996,-1,2,0
ETHUSDT,2026-09-25 21:00:00+00:00,0.0373,0.0574,64.9351,5.8442,29.2208,0.5080,0.1008,0.4043,0.2120,0.2756,8.4778,1.186,-2.7923,1,21,4,0.0000480700,-1.0000000000,-0.7313,1.350000,0.4720,-0.233,-0.1984,-0.1861,1.6857,2.9382,-1.133,0.7216,1.8508,-1.2793,0.4877,-1,2,0
ETHUSDT,2026-09-25 22:00:00+00:00,-0.0534,0.0787,67.7725,31.7536,0.4739,0.3920,0.1007,0.4038,0.0655,0.2679,8.7336,1.186,-2.7923,1,22,4,0.0000480700,-1.0000000000,-0.2073,1.360000,0.6103,-0.3538,-0.3704,-0.3797,0.5993,2.4705,-1.3437,0.5493,1.8855,-1.4907,0.28,-2,2,1
BTCUSDT,2026-09-25 22:00:00+00:00,-0.0263,0.0424,61.9718,37.7465,0.2817,0.1770,0.0664,0.3783,0.1013,0.3208,8.5461,0.7359,-1.9207,1,22,4,0.0034162600,-1.0000000000,0.1652,1.340000,0.2697,-0.2283,-0.3847,-0.576,-122.1299,-81.2373,-1.0924,0.1992,1.2858,-1.1538,0.0256,-2,2,1
ETHUSDT,2026-09-25 23:00:00+00:00,0.0145,0.0204,70.9091,0.0000,29.0909,0.2330,0.1012,0.4033,-0.1138,0.2454,8.9024,1.186,-2.7923,1,23,4,0.0000480700,-1.0000000000,0.1369,1.350000,0.3356,0.0899,0.0871,0.0832,0.7384,2.124,-0.8683,0.9428,1.8117,-1.0193,0.7432,1,2,0
BTCUSDT,2026-09-25 23:00:00+00:00,0.0149,0.0149,100.0000,0.0000,0.0000,0.1190,0.0634,0.3783,-0.0275,0.3837,8.5425,0.7359,-1.9207,1,23,4,0.0034162600,-1.0000000000,0.0382,1.330000,0.5486,0.1109,-0.0156,-0.1996,-107.3615,-86.4621,-0.7138,0.5724,1.2853,-0.7834,0.3916,1,2,0
BTCUSDT,2026-09-26 00:00:00+00:00,-0.0356,0.0357,99.6667,0.3333,0.0000,0.2820,0.0633,0.3222,0.0217,0.3665,5.9447,0.7359,-1.9207,1,0,5,0.0017002800,-1.0000000000,-0.1190,1.350000,0.6847,0.0777,-0.0267,-0.2051,-95.4927,-88.2682,-0.7178,0.5672,1.284,-0.7973,0.3778,-1,0,0
ETHUSDT,2026-09-26 00:00:00+00:00,-0.0256,0.0342,75.0000,25.0000,0.0000,0.3540,0.1011,0.3711,-0.0016,0.2238,6.8205,1.186,-2.7923,1,0,5,0.0034339900,1.0000000000,0.0489,1.340000,0.5804,0.0256,0.0265,0.0242,0.7145,1.8421,-0.92,0.8287,1.7479,-1.0779,0.6856,-1,0,0
ETHUSDT,2026-09-26 01:00:00+00:00,0.0774,0.1132,68.4211,19.4079,12.1711,0.8400,0.1013,0.3623,-0.0272,0.1837,5.7150,1.186,-2.7923,1,1,5,0.0034339900,1.0000000000,-0.5384,1.330000,0.7043,-0.0325,-0.0361,-0.0403,0.5457,1.5829,-0.9853,0.7364,1.7195,-1.1448,0.6198,-2,0,1
BTCUSDT,2026-09-26 01:00:00+00:00,0.0333,0.0402,82.7893,0.0000,17.2107,0.3110,0.0641,0.3120,0.0002,0.3087,4.8338,0.7359,-1.9207,1,1,5,0.0017002800,-1.0000000000,0.1011,1.350000,0.6687,-0.0618,-0.1653,-0.3463,-95.4838,-89.7114,-0.8599,0.4356,1.2928,-0.9536,0.2234,-2,0,1
BTCUSDT,2026-09-26 02:00:00+00:00,-0.0750,0.0820,91.4369,0.1451,8.4180,0.3860,0.0638,0.3112,-0.0137,0.2897,5.1253,0.7359,-1.9207,1,2,5,0.0017002800,-1.0000000000,0.0825,1.290000,0.5400,0.0238,-0.067,-0.2446,-88.2623,-89.4215,-0.7591,0.5375,1.2951,-0.8613,0.3146,1,0,0
ETHUSDT,2026-09-26 02:00:00+00:00,-0.1118,0.1122,99.6689,0.3311,0.0000,0.4160,0.1018,0.3623,0.0129,0.2020,5.7231,1.186,-2.7923,1,2,5,0.0034339900,1.0000000000,0.4993,1.320000,0.0854,-0.0153,-0.0207,-0.0259,0.4359,1.3535,-0.9624,0.7015,1.6618,-1.1312,0.6331,1,0,1
BTCUSDT,2026-09-26 03:00:00+00:00,-0.0154,0.0155,99.2308,0.0000,0.7692,0.0700,0.0653,0.3112,-0.0624,0.2542,4.9006,0.7359,-1.9207,1,3,5,0.0017002800,-1.0000000000,0.1179,1.290000,0.3250,0.0004,-0.082,-0.2573,-83.1541,-88.1681,-0.7816,0.5187,1.2986,-0.8847,0.2915,-1,0,0
ETHUSDT,2026-09-26 03:00:00+00:00,-0.0201,0.0205,98.1818,1.8182,0.0000,0.1950,0.1046,0.3606,-0.0455,0.0861,5.1015,1.186,-2.7923,1,3,5,0.0034339900,1.0000000000,0.5894,1.330000,0.4856,0.0077,0.0039,-0.0009,0.3984,1.1625,-0.9077,0.6393,1.5448,-1.106,0.6579,2,0,0
BTCUSDT,2026-09-26 04:00:00+00:00,0.0266,0.0266,100.0000,0.0000,0.0000,0.0940,0.0651,0.3109,-0.0927,0.2639,4.6843,0.7359,-1.9207,1,4,5,0.0017002800,-1.0000000000,0.1290,1.350000,0.5704,-0.0286,-0.1075,-0.2821,-80.6294,-86.6603,-0.813,0.4958,1.3067,-0.9213,0.2553,-2,0,1
ETHUSDT,2026-09-26 04:00:00+00:00,0.0231,0.0234,98.4127,0.0000,1.5873,0.1370,0.1036,0.3595,-0.0801,0.1348,4.6966,1.186,-2.7923,1,4,5,0.0034339900,1.0000000000,0.0245,1.330000,0.7145,-0.0418,-0.0509,-0.0584,0.236,0.9772,-0.9346,0.4982,1.4297,-1.1666,0.5984,-1,0,1
BTCUSDT,2026-09-26 05:00:00+00:00,0.0014,0.0017,85.7143,7.1429,7.1429,0.0670,0.0648,0.3108,-0.0305,0.3153,4.8014,0.7359,-1.9207,1,5,5,0.0017002800,-1.0000000000,0.1117,1.360000,0.4589,0.0024,-0.069,-0.2407,-75.6186,-84.452,-0.7226,0.5254,1.2468,-0.8894,0.2868,1,0,0
ETHUSDT,2026-09-26 05:00:00+00:00,0.0097,0.0097,100.0000,0.0000,0.0000,0.0420,0.1027,0.3592,-0.0314,0.2177,4.5075,1.186,-2.7923,1,5,5,0.0034339900,1.0000000000,0.4480,1.350000,0.3424,0.0056,-0.002,-0.0093,0.2106,0.8239,-0.884,0.5544,1.436,-1.1173,0.6468,1,0,0
BTCUSDT,2026-09-26 06:00:00+00:00,0.0144,0.0144,100.0000,0.0000,0.0000,0.1280,0.0647,0.3099,-0.0624,0.2840,4.4717,0.7359,-1.9207,1,6,5,0.0017002800,-1.0000000000,-0.0906,1.360000,0.5191,-0.0489,-0.1205,-0.2924,-75.0828,-82.5782,-0.7116,0.4539,1.1641,-0.9535,0.2235,-1,0,0
ETHUSDT,2026-09-26 06:00:00+00:00,-0.0071,0.0138,51.3514,35.1351,13.5135,0.2090,0.1018,0.3528,-0.0991,0.1501,3.6152,1.186,-2.7923,1,6,5,0.0034339900,1.0000000000,-0.0942,1.350000,0.8614,-0.1064,-0.1278,-0.1421,-0.1084,0.6374,-1.0026,0.447,1.4456,-1.2574,0.5092,-1,0,0
ETHUSDT,2026-09-26 07:00:00+00:00,0.0145,0.0212,68.4211,29.8246,1.7544,0.1240,0.1013,0.3525,0.0056,0.1852,3.7887,1.186,-2.7923,1,7,5,0.0034339900,1.0000000000,0.0773,1.360000,0.3071,-0.0851,-0.1162,-0.1365,-0.3572,0.4385,-0.8581,0.4101,1.2654,-1.2574,0.5092,-2,0,1
BTCUSDT,2026-09-26 07:00:00+00:00,0.0141,0.0142,99.1597,0.0000,0.8403,0.0490,0.0642,0.3097,0.0270,0.3229,4.5941,0.7359,-1.9207,1,7,5,0.0017002800,-1.0000000000,-0.0978,1.290000,0.3384,-0.0619,-0.1354,-0.3083,-75.706,-81.2037,-0.5543,0.338,0.8913,-0.9822,0.1952,-2,0,1
BTCUSDT,2026-09-26 08:00:00+00:00,-0.0528,0.0528,100.0000,0.0000,0.0000,1.1470,0.0641,0.3096,0.0565,0.3419,4.4639,0.7359,-1.9207,1,8,5,0.0020707300,1.0000000000,-0.0059,1.320000,0.8056,0.1009,0.0479,-0.1151,-62.7354,-77.5101,-0.1554,0.3853,0.5413,-0.7924,0.3827,1,1,1
ETHUSDT,2026-09-26 08:00:00+00:00,-0.0446,0.0851,52.4017,41.9214,5.6769,0.6550,0.1013,0.3521,0.0402,0.2012,3.9898,1.186,-2.7923,1,8,5,0.0025723200,-1.0000000000,-0.3814,1.340000,0.7688,0.0436,0.0214,0.003,-0.2488,0.301,-0.451,0.3938,0.8445,-1.1162,0.6479,1,1,1
ETHUSDT,2026-09-26 09:00:00+00:00,-0.0056,0.0059,93.7500,6.2500,0.0000,0.1020,0.0996,0.3515,-0.0275,0.0480,4.1901,1.186,-2.7923,1,9,5,0.0025723200,-1.0000000000,0.6959,1.400000,0.3700,0.0575,0.0451,0.0301,-0.1005,0.2207,-0.2196,0.2923,0.512,-1.0876,0.3975,2,1,0
BTCUSDT,2026-09-26 09:00:00+00:00,-0.0048,0.0050,95.2381,2.3810,2.3810,0.2170,0.0631,0.3095,-0.0229,0.1940,4.5236,0.7359,-1.9207,1,9,5,0.0020707300,1.0000000000,0.0340,1.320000,0.3244,0.2004,0.1796,0.0334,-41.8071,-70.3695,0.0522,0.4938,0.4428,-0.6415,0.5318,2,1,0
BTCUSDT,2026-09-26 10:00:00+00:00,0.0192,0.0192,100.0000,0.0000,0.0000,0.2560,0.0625,0.3085,-0.0291,0.1369,4.8164,0.7359,-1.9207,1,10,5,0.0020707300,1.0000000000,-0.3383,1.320000,0.2757,0.0081,-0.0097,-0.151,-37.7054,-63.8367,-0.1456,0.3026,0.4486,-0.8333,0.3423,-1,1,1
ETHUSDT,2026-09-26 10:00:00+00:00,-0.0034,0.0183,18.3673,44.8980,36.7347,0.3660,0.0989,0.3505,-0.0428,-0.0149,4.5021,1.186,-2.7923,1,10,5,0.0025723200,-1.0000000000,0.5983,1.390000,0.5799,-0.1815,-0.2175,-0.2444,-0.5918,0.0582,-0.4893,0.0368,0.5249,-1.3752,0.1141,-1,1,1
ETHUSDT,2026-09-26 11:00:00+00:00,-0.0417,0.0715,58.3333,38.0208,3.6458,0.8620,0.0922,0.3480,-0.0391,0.1541,3.9307,1.186,-2.7923,1,11,5,0.0025723200,-1.0000000000,-0.5177,1.390000,0.6234,-0.0425,-0.081,-0.1114,-0.6955,-0.0925,-0.3156,0.1561,0.4713,-1.2454,0.2421,1,1,1
BTCUSDT,2026-09-26 11:00:00+00:00,-0.0411,0.0571,72.0833,27.7083,0.2083,0.6930,0.0589,0.2997,-0.0243,0.2505,3.8655,0.7359,-1.9207,1,11,5,0.0020707300,1.0000000000,0.2097,1.320000,0.5830,0.1017,0.0994,-0.0305,-26.0769,-56.2847,-0.0488,0.4292,0.4789,-0.7133,0.4609,1,1,1
BTCUSDT,2026-09-26 12:00:00+00:00,-0.0132,0.0134,98.2301,0.8850,0.8850,0.2180,0.0598,0.2973,-0.0795,0.1883,4.3038,0.7359,-1.9207,1,12,5,0.0020707300,1.0000000000,-0.0051,1.310000,0.3783,0.1021,0.1139,-0.0044,-14.93,-48.0138,-0.0515,0.452,0.5045,-0.6119,0.4867,2,1,0
ETHUSDT,2026-09-26 12:00:00+00:00,0.0123,0.0130,94.2857,2.8571,2.8571,0.1570,0.0925,0.3454,-0.0953,0.0781,4.4237,1.186,-2.7923,1,12,5,0.0025723200,-1.0000000000,-0.2858,1.380000,0.4030,0.0556,0.0282,0.0007,-0.5288,-0.1798,-0.1923,0.2661,0.4586,-1.132,0.3538,2,1,0
BTCUSDT,2026-09-26 13:00:00+00:00,0.0149,0.0542,27.4725,72.0879,0.4396,1.6030,0.0569,0.2973,-0.0399,0.0779,4.2782,0.7359,-1.9207,1,13,5,0.0020707300,1.0000000000,-0.0763,1.280000,0.4600,-0.0093,0.0003,-0.1136,-13.6528,-41.1416,-0.1663,0.3123,0.479,-0.4821,0.3735,-1,1,0
ETHUSDT,2026-09-26 13:00:00+00:00,0.0112,0.1377,8.1081,84.8649,7.0270,5.2760,0.0906,0.3441,-0.0384,-0.0028,4.0305,1.186,-2.7923,1,13,5,0.0025723200,-1.0000000000,0.1959,1.370000,0.4016,0.0356,0.0155,-0.0101,-0.4161,-0.227,-0.2052,0.2539,0.4592,-1.0655,0.3427,-1,1,0
BTCUSDT,2026-09-26 14:00:00+00:00,-0.0222,0.0223,99.4652,0.5348,0.0000,0.4530,0.0469,0.2968,-0.0202,0.2443,4.4956,0.7359,-1.9207,1,14,5,0.0020707300,1.0000000000,0.3838,1.360000,0.6234,-0.1326,-0.142,-0.2596,-22.9706,-37.5074,-0.3191,0.1448,0.4634,-0.3209,0.2175,-2,1,1
ETHUSDT,2026-09-26 14:00:00+00:00,-0.0424,0.0510,83.2117,0.7299,16.0584,0.3820,0.0705,0.3439,-0.0216,0.2819,4.1748,1.186,-2.7923,1,14,5,0.0025723200,-1.0000000000,0.1350,1.380000,0.4841,-0.0699,-0.0977,-0.1278,-0.5862,-0.2989,-0.3256,0.1411,0.4663,-0.4574,0.2201,-2,1,1
ETHUSDT,2026-09-26 15:00:00+00:00,0.0179,0.0298,60.0000,0.0000,40.0000,0.5750,0.0710,0.3440,-0.0606,0.2610,4.1339,1.186,-2.7923,1,15,5,0.0025723200,-1.0000000000,-0.1007,1.380000,0.4003,0.0436,0.0243,-0.0033,-0.4464,-0.3284,-0.1946,0.2649,0.4596,-0.3014,0.3441,1,1,1
BTCUSDT,2026-09-26 15:00:00+00:00,0.0173,0.0358,48.1728,12.9568,38.8704,0.7390,0.0465,0.2965,-0.0616,0.1699,4.6062,0.7359,-1.9207,1,15,5,0.0020707300,1.0000000000,-0.1759,1.330000,0.1932,-0.016,-0.0267,-0.1411,-22.4707,-34.5001,-0.2085,0.2482,0.4569,-0.208,0.3298,1,1,1
BTCUSDT,2026-09-26 16:00:00+00:00,-0.0196,0.0208,94.2857,5.7143,0.0000,0.6730,0.0465,0.2965,-0.0032,0.1845,4.6004,-0.5363,-3.0871,1,16,5,-0.0005562200,-1.0000000000,-0.1193,1.290000,0.4430,0.0824,0.0839,-0.0211,-13.8457,-30.3692,-0.1049,0.3663,0.4719,-0.0888,0.4483,2,2,0
ETHUSDT,2026-09-26 16:00:00+00:00,-0.0479,0.0580,82.6923,8.3333,8.9744,0.7660,0.0710,0.3431,-0.0010,0.2570,3.8173,0.4675,-2.2239,1,16,5,0.0017845600,-1.0000000000,0.3858,1.350000,0.6539,0.1056,0.1025,0.0819,-0.142,-0.2911,-0.0948,0.3478,0.4432,-0.1416,0.4323,2,2,1
BTCUSDT,2026-09-26 17:00:00+00:00,0.0000,0.0001,0.0000,100.0000,0.0000,0.1720,0.0412,0.2965,-0.0096,0.0515,4.5777,-0.5363,-3.0871,1,17,5,-0.0005562200,-1.0000000000,-0.0122,1.280000,0.2912,0.0478,0.0557,-0.042,-8.4461,-25.9846,-0.1368,0.3304,0.4676,-0.1115,0.4258,-1,2,1
ETHUSDT,2026-09-26 17:00:00+00:00,0.0022,0.0279,8.0000,2.6667,89.3333,0.2420,0.0621,0.3431,-0.0612,0.0263,3.8086,0.4675,-2.2239,1,17,5,0.0017845600,-1.0000000000,-0.0952,1.350000,0.6390,0.0857,0.0945,0.0801,0.1014,-0.2126,-0.1065,0.34,0.447,-0.1401,0.4338,3,2,0
BTCUSDT,2026-09-26 18:00:00+00:00,-0.0076,0.0078,96.9697,1.5152,1.5152,0.2520,0.0358,0.2965,-0.0245,-0.0486,4.5020,-0.5363,-3.0871,1,18,5,-0.0005562200,-1.0000000000,-0.0817,1.320000,0.7190,0.0552,0.0699,-0.02,-2.6995,-21.3276,-0.0958,0.2895,0.3857,-0.0903,0.4216,1,2,0
ETHUSDT,2026-09-26 18:00:00+00:00,-0.0454,0.0454,100.0000,0.0000,0.0000,0.2160,0.0491,0.3431,-0.0702,-0.1553,3.8325,0.4675,-2.2239,1,18,5,0.0017845600,-1.0000000000,-0.4091,1.360000,0.5803,0.0034,0.0119,-0.0013,0.1162,-0.1469,-0.1521,0.1876,0.3397,-0.2217,0.3527,-1,2,0
BTCUSDT,2026-09-26 19:00:00+00:00,0.0214,0.0214,100.0000,0.0000,0.0000,0.4530,0.0284,0.2960,-0.0099,-0.1587,4.2450,-0.5363,-3.0871,1,19,5,-0.0005562200,-1.0000000000,-0.1300,1.340000,0.7012,-0.0479,-0.0411,-0.1299,-5.8803,-18.2381,-0.2073,0.1769,0.3841,-0.2055,0.3069,-1,2,0
ETHUSDT,2026-09-26 19:00:00+00:00,0.0272,0.0276,98.6486,0.0000,1.3514,0.2440,0.0411,0.3391,-0.0732,-0.3266,3.0876,0.4675,-2.2239,1,19,5,0.0017845600,-1.0000000000,-0.4229,1.360000,0.8416,-0.1051,-0.1117,-0.1308,-0.1623,-0.15,-0.2709,0.0616,0.3321,-0.3569,0.2183,-2,2,0
BTCUSDT,2026-09-26 20:00:00+00:00,0.0000,0.0001,0.0000,0.0000,100.0000,0.3450,0.0283,0.2960,-0.0058,-0.1030,4.2539,-0.5363,-3.0871,1,20,5,-0.0005562200,-1.0000000000,0.0867,1.340000,0.3470,-0.049,-0.0495,-0.1376,-9.1989,-16.4303,-0.2175,0.1664,0.3838,-0.2189,0.2936,-2,2,1
ETHUSDT,2026-09-26 20:00:00+00:00,-0.0354,0.0358,98.9583,1.0417,0.0000,0.1700,0.0379,0.3388,-0.0639,-0.2017,3.2918,0.4675,-2.2239,1,20,5,0.0017845600,-1.0000000000,0.0512,1.370000,0.8502,-0.1516,-0.1782,-0.2067,-0.559,-0.2318,-0.3559,0.0053,0.3606,-0.4414,0.1342,-3,2,0
ETHUSDT,2026-09-26 21:00:00+00:00,-0.0318,0.0321,98.8372,1.1628,0.0000,0.8820,0.0382,0.3387,-0.0514,-0.2371,3.3401,0.4675,-2.2239,1,21,5,0.0017845600,-1.0000000000,-0.8199,1.370000,0.5364,-0.3486,-0.4205,-0.4718,-1.4688,-0.4792,-0.7041,-0.1659,0.5359,-0.6371,0.0,-4,2,1
BTCUSDT,2026-09-26 21:00:00+00:00,0.0000,0.0001,0.0000,100.0000,0.0000,0.1580,0.0282,0.2958,0.0138,-0.0889,4.3715,-0.5363,-3.0871,1,21,5,-0.0005562200,-1.0000000000,-0.2866,1.310000,0.2623,-0.0268,-0.0309,-0.1173,-10.657,-15.2756,-0.1994,0.1681,0.3675,-0.2033,0.3091,1,2,1
ETHUSDT,2026-09-26 22:00:00+00:00,0.0570,0.0771,73.9130,0.0000,26.0870,0.6910,0.0372,0.3387,-0.0854,-0.3062,3.2662,0.4675,-2.2239,1,22,5,0.0017845600,-1.0000000000,-0.3044,1.370000,0.5429,0.0779,0.0235,-0.0243,-1.2124,-0.6258,-0.2518,0.2804,0.5322,-0.1898,0.4444,1,2,1
BTCUSDT,2026-09-26 22:00:00+00:00,0.0609,0.0609,100.0000,0.0000,0.0000,1.4830,0.0262,0.2958,0.0138,-0.1361,4.2646,-0.5363,-3.0871,1,22,5,-0.0005562200,-1.0000000000,0.6578,1.280000,0.5800,0.1373,0.1524,0.0782,1.6439,-11.8917,-0.0271,0.3709,0.3987,-0.0045,0.5069,2,2,1
ETHUSDT,2026-09-26 23:00:00+00:00,0.0558,0.0562,99.3377,0.0000,0.6623,0.2200,0.0386,0.3387,0.0170,-0.1958,3.2349,0.4675,-2.2239,1,23,5,0.0017845600,-1.0000000000,0.1995,1.350000,0.4400,0.144,0.1143,0.0749,-0.7784,-0.6563,-0.1517,0.3829,0.5352,-0.0874,0.5462,2,2,1
BTCUSDT,2026-09-26 23:00:00+00:00,0.0448,0.0449,99.7354,0.2646,0.0000,0.3480,0.0290,0.2958,0.0823,-0.0489,4.2999,-0.5363,-3.0871,1,23,5,-0.0005562200,-1.0000000000,-0.2837,1.280000,0.1932,0.2212,0.265,0.2088,20.628,-5.3878,0.0544,0.5295,0.4765,-0.0001,0.4906,3,2,1
ETHUSDT,2026-09-27 00:00:00+00:00,-0.0520,0.0653,79.5455,20.4545,0.0000,1.6270,0.0405,0.3385,0.0456,-0.1545,3.4289,0.4675,-2.2239,1,0,6,0.0029087800,1.0000000000,0.2451,1.330000,0.6501,0.2371,0.2424,0.2185,-0.1016,-0.5454,-0.0347,0.5477,0.5838,-0.0653,0.698,3,0,0
BTCUSDT,2026-09-27 00:00:00+00:00,-0.0416,0.0566,73.4310,26.3598,0.2092,4.6870,0.0303,0.2958,0.1057,-0.0190,4.3308,-0.5363,-3.0871,1,0,6,-0.0008751000,-1.0000000000,-0.0865,1.280000,0.5576,0.2538,0.3281,0.2929,41.7439,4.0386,0.0782,0.6463,0.5702,-0.0565,0.5864,4,0,0
BTCUSDT,2026-09-27 01:00:00+00:00,-0.0087,0.0223,38.8298,60.6383,0.5319,1.2430,0.0306,0.2952,0.0641,-0.0250,4.0170,-0.5363,-3.0871,1,1,6,-0.0008751000,-1.0000000000,0.0513,1.340000,0.5178,0.1027,0.1844,0.161,49.3642,13.1037,-0.0774,0.516,0.5947,-0.1823,0.4615,-1,0,1
ETHUSDT,2026-09-27 01:00:00+00:00,-0.0368,0.0594,61.8750,37.5000,0.6250,1.0010,0.0413,0.3385,0.0290,-0.1809,3.3754,0.4675,-2.2239,1,1,6,0.0029087800,1.0000000000,0.2315,1.350000,0.5533,0.1227,0.1442,0.1294,0.2495,-0.3864,-0.1317,0.4673,0.6,-0.1494,0.6146,-1,0,1
BTCUSDT,2026-09-27 02:00:00+00:00,-0.0176,0.0309,57.0881,42.9119,0.0000,1.3130,0.0298,0.2952,0.0554,-0.0670,3.9210,-0.5363,-3.0871,1,2,6,-0.0008751000,-1.0000000000,0.2471,1.340000,0.3913,0.2507,0.359,0.3569,68.9713,24.2772,0.0625,0.7339,0.674,-0.0309,0.6713,1,0,0
ETHUSDT,2026-09-27 02:00:00+00:00,-0.0041,0.0485,8.3969,66.4122,25.1908,1.5100,0.0377,0.3385,0.0240,-0.2951,3.2377,0.4675,-2.2239,1,2,6,0.0029087800,1.0000000000,0.3341,1.330000,0.4201,0.3648,0.434,0.4445,1.2405,-0.061,0.1049,0.84,0.7386,-0.0363,0.9462,1,0,0
ETHUSDT,2026-09-27 03:00:00+00:00,0.0208,0.0211,98.2456,1.7544,0.0000,0.7190,0.0315,0.3377,-0.0371,-0.1874,2.9018,0.4675,-2.2239,1,3,6,0.0029087800,1.0000000000,0.2338,1.320000,0.2986,0.2105,0.3023,0.3296,1.7835,0.3079,-0.0509,0.7461,0.7998,-0.1383,0.8452,-1,0,0
BTCUSDT,2026-09-27 03:00:00+00:00,0.0000,0.0001,0.0000,100.0000,0.0000,0.0760,0.0259,0.2948,-0.0231,-0.0096,3.6710,-0.5363,-3.0871,1,3,6,-0.0008751000,-1.0000000000,0.0880,1.330000,0.3190,0.1831,0.3066,0.3221,82.0792,35.8376,-0.0069,0.6963,0.7056,-0.0527,0.6497,-1,0,0
BTCUSDT,2026-09-27 04:00:00+00:00,0.0155,0.0289,53.6885,36.4754,9.8361,0.6820,0.0257,0.2924,-0.0679,0.0058,4.1317,-0.5363,-3.0871,1,4,6,-0.0008751000,-1.0000000000,-0.1065,1.300000,0.4720,0.1048,0.2313,0.2594,87.8957,46.2492,-0.0975,0.6431,0.7426,-0.105,0.5977,-2,0,0
ETHUSDT,2026-09-27 04:00:00+00:00,0.0122,0.0204,60.0000,0.0000,40.0000,0.2250,0.0319,0.3374,-0.0721,-0.1465,3.0895,0.4675,-2.2239,1,4,6,0.0029087800,1.0000000000,-0.1160,1.320000,0.5906,0.1199,0.2197,0.2584,2.0577,0.6578,-0.1444,0.6915,0.8382,-0.1992,0.7849,-2,0,0
ETHUSDT,2026-09-27 05:00:00+00:00,-0.0045,0.0052,85.7143,7.1429,7.1429,0.3020,0.0315,0.3367,-0.0079,-0.1574,3.3517,0.4675,-2.2239,1,5,6,0.0029087800,1.0000000000,-0.2243,1.330000,0.5408,-0.0484,0.0359,0.0752,1.8614,0.8985,-0.3301,0.5109,0.8417,-0.3802,0.6057,-3,0,1
BTCUSDT,2026-09-27 05:00:00+00:00,-0.0241,0.0375,64.2405,0.0000,35.7595,1.7040,0.0254,0.2924,-0.0108,-0.0053,4.1790,-0.5363,-3.0871,1,5,6,-0.0008751000,-1.0000000000,-0.2528,1.310000,0.3489,0.0059,0.1219,0.1558,84.8938,53.9781,-0.2104,0.5464,0.7581,-0.2026,0.5008,-3,0,1
ETHUSDT,2026-09-27 06:00:00+00:00,0.0322,0.0340,94.5652,4.3478,1.0870,0.6450,0.0314,0.3365,0.0244,-0.1716,3.4871,0.4675,-2.2239,1,6,6,0.0029087800,1.0000000000,0.8656,1.310000,0.5814,0.3561,0.4809,0.5458,2.7505,1.2689,0.0688,1.0141,0.9505,-0.0015,1.096,1,0,1
BTCUSDT,2026-09-27 06:00:00+00:00,0.0128,0.0129,99.0826,0.9174,0.0000,0.5600,0.0258,0.2923,-0.0262,-0.0308,4.2352,-0.5363,-3.0871,1,6,6,-0.0008751000,-1.0000000000,0.3385,1.340000,0.5151,0.1556,0.2821,0.3306,94.2821,62.0389,-0.0693,0.7292,0.8011,-0.0136,0.6885,1,0,1
ETHUSDT,2026-09-27 07:00:00+00:00,0.0388,0.0595,65.2174,0.0000,34.7826,0.7180,0.0323,0.3365,0.0607,-0.1323,3.4829,0.4675,-2.2239,1,7,6,0.0029087800,1.0000000000,0.7366,1.310000,0.2795,0.3644,0.5274,0.6197,3.6312,1.7414,0.059,1.1416,1.0891,0.0,1.1947,2,0,1
BTCUSDT,2026-09-27 07:00:00+00:00,0.0163,0.0262,62.4434,0.0000,37.5566,0.2250,0.0258,0.2915,0.0042,-0.0324,4.5000,-0.5363,-3.0871,1,7,6,-0.0008751000,-1.0000000000,0.4792,1.320000,0.2968,0.1632,0.3004,0.3641,103.8338,70.3979,-0.0741,0.785,0.8622,0.0,0.7367,2,0,1
BTCUSDT,2026-09-27 08:00:00+00:00,-0.0937,0.1058,88.5173,11.4827,0.0000,3.4390,0.0258,0.2914,0.0205,-0.0302,4.5962,-0.5363,-3.0871,1,8,6,-0.0018144400,-1.0000000000,0.1356,1.340000,0.7150,0.3008,0.4662,0.5538,124.525,81.2233,0.0427,1.0284,0.991,-0.1059,0.9119,3,1,1
ETHUSDT,2026-09-27 08:00:00+00:00,-0.0994,0.1465,67.8392,14.5729,17.5879,3.4160,0.0333,0.3355,0.0787,-0.1080,3.8393,0.4675,-2.2239,1,8,6,0.0042303000,1.0000000000,0.6908,1.290000,0.7609,0.51,0.7273,0.8571,4.8733,2.3678,0.1667,1.482,1.3263,-0.1208,1.4655,3,1,0
BTCUSDT,2026-09-27 09:00:00+00:00,-0.0335,0.0414,80.9117,0.2849,18.8034,1.2510,0.0302,0.2912,-0.0887,-0.0711,4.2949,-0.5363,-3.0871,1,9,6,-0.0018144400,-1.0000000000,0.0220,1.300000,0.3263,0.2929,0.4831,0.5947,143.7442,93.7275,0.0135,1.1057,1.0983,-0.0404,0.9768,4,1,1
ETHUSDT,2026-09-27 09:00:00+00:00,-0.0498,0.0571,87.0968,4.5161,8.3871,2.3440,0.0376,0.3355,-0.0329,-0.1628,3.6154,0.4675,-2.2239,1,9,6,0.0042303000,1.0000000000,0.3046,1.300000,0.2575,0.327,0.5694,0.7266,5.5707,3.0084,-0.0455,1.4044,1.4598,-0.2227,1.3652,-1,1,1
BTCUSDT,2026-09-27 10:00:00+00:00,-0.0420,0.0552,76.1194,0.0000,23.8806,2.5620,0.0308,0.2912,-0.0981,-0.0998,4.2701,-0.5363,-3.0871,1,10,6,-0.0018144400,-1.0000000000,-0.1339,1.300000,0.7471,0.3777,0.6019,0.7431,169.3372,108.8494,0.0822,1.2791,1.2051,-0.0421,1.1549,5,1,0
ETHUSDT,2026-09-27 10:00:00+00:00,-0.0630,0.0781,80.6604,0.4717,18.8679,0.7330,0.0386,0.3355,-0.0782,-0.2070,3.5067,0.4675,-2.2239,1,10,6,0.0042303000,1.0000000000,0.1559,1.300000,0.6305,0.3086,0.5709,0.7543,6.1813,3.643,-0.0908,1.4611,1.5627,-0.1636,1.4234,1,1,0
ETHUSDT,2026-09-27 11:00:00+00:00,-0.0166,0.0321,51.7241,0.0000,48.2759,0.6950,0.0400,0.3352,-0.1734,-0.2666,3.6459,0.4675,-2.2239,1,11,6,0.0042303000,1.0000000000,-0.1441,1.300000,0.6162,0.1079,0.3615,0.5586,6.2127,4.1569,-0.325,1.2729,1.6055,-0.3382,1.2516,-1,1,1
BTCUSDT,2026-09-27 11:00:00+00:00,-0.0433,0.0467,92.6768,0.0000,7.3232,2.6810,0.0313,0.2912,-0.1529,-0.1610,4.1938,-0.5363,-3.0871,1,11,6,-0.0018144400,-1.0000000000,-0.2423,1.300000,0.8339,0.2389,0.4754,0.6383,182.0902,123.4976,-0.0753,1.1825,1.2648,-0.1215,1.0764,-1,1,1
ETHUSDT,2026-09-27 12:00:00+00:00,0.0425,0.0428,99.1379,0.0000,0.8621,0.3530,0.0395,0.3343,-0.2288,-0.2415,3.9137,0.4675,-2.2239,1,12,6,0.0042303000,1.0000000000,0.3173,1.300000,0.3524,0.1226,0.3697,0.58,6.2647,4.5785,-0.3405,1.3067,1.6552,-0.2926,1.2964,1,1,0
BTCUSDT,2026-09-27 12:00:00+00:00,0.0504,0.0506,99.7669,0.2331,0.0000,0.5580,0.0314,0.2907,-0.2125,-0.1632,4.3684,-0.5363,-3.0871,1,12,6,-0.0018144400,-1.0000000000,0.0432,1.290000,0.3910,0.2776,0.5303,0.7167,197.3458,138.2672,-0.0615,1.2888,1.3586,-0.013,1.1836,1,1,0
ETHUSDT,2026-09-27 13:00:00+00:00,-0.2683,0.2690,99.7253,0.1374,0.1374,13.4280,0.0407,0.3053,-0.0869,-0.2113,5.6930,0.4675,-2.2239,1,13,6,0.0042303000,1.0000000000,0.1237,1.300000,0.3143,-0.2312,-0.0371,0.1637,5.3469,4.7322,-0.7627,0.8779,1.6415,-0.7059,0.8897,-1,1,1
BTCUSDT,2026-09-27 13:00:00+00:00,-0.1605,0.1630,98.4794,0.0724,1.4482,8.5890,0.0333,0.2807,-0.0684,-0.0996,5.3682,-0.5363,-3.0871,1,13,6,-0.0018144400,-1.0000000000,-0.3146,1.270000,0.1704,-0.052,0.1714,0.3608,183.8595,147.3857,-0.4254,0.906,1.3346,-0.3566,0.8441,-1,1,1
ETHUSDT,2026-09-27 14:00:00+00:00,-0.0266,0.0506,52.5547,46.7153,0.7299,0.7880,0.0656,0.3038,-0.3054,-0.4908,4.8907,0.4675,-2.2239,1,14,6,0.0042303000,1.0000000000,-0.5573,1.340000,0.5970,0.0851,0.2726,0.4803,5.2944,4.8446,-0.462,1.1777,1.6456,-0.3667,1.2235,1,1,0
BTCUSDT,2026-09-27 14:00:00+00:00,0.0001,0.0419,0.2809,68.5393,31.1798,2.4700,0.0454,0.2808,-0.1954,-0.2750,5.0171,-0.5363,-3.0871,1,14,6,-0.0018144400,-1.0000000000,0.6281,1.250000,0.7714,0.3181,0.5637,0.777,201.671,158.2428,-0.0678,1.339,1.4159,-0.0287,1.2898,1,1,0
BTCUSDT,2026-09-27 15:00:00+00:00,0.0108,0.0458,23.5142,69.2506,7.2351,2.0920,0.0454,0.2808,-0.1533,-0.2527,5.0730,-0.5363,-3.0871,1,15,6,-0.0018144400,-1.0000000000,-1.7472,1.210000,0.1773,-0.2099,-0.014,0.1913,174.0718,161.4086,-0.6353,0.6891,1.3248,-0.6112,0.6341,-1,1,0
ETHUSDT,2026-09-27 15:00:00+00:00,-0.0581,0.0949,61.1765,38.8235,0.0000,1.2800,0.0655,0.3027,-0.2690,-0.4750,5.1691,0.4675,-2.2239,1,15,6,0.0042303000,1.0000000000,-1.9551,1.340000,0.5081,-0.6064,-0.5173,-0.3454,3.3854,4.5528,-1.3082,0.3398,1.64,-1.2137,0.3899,-1,1,1
BTCUSDT,2026-09-27 16:00:00+00:00,0.0187,0.0518,36.1556,52.8604,10.9840,1.9260,0.0452,0.2808,-0.0992,-0.2592,5.0302,0.2741,0.4703,1,16,6,-0.0010743900,1.0000000000,0.3387,1.270000,0.2964,-0.2235,-0.0757,0.1174,145.7981,158.2865,-0.6759,0.5366,1.2116,-0.681,0.5531,-2,2,0
ETHUSDT,2026-09-27 16:00:00+00:00,0.0294,0.0744,39.5000,19.0000,41.5000,0.5670,0.0654,0.3027,-0.3105,-0.5510,5.1827,-0.0149,1.6439,1,16,6,0.0057382500,1.0000000000,0.6596,1.380000,0.4207,-0.3502,-0.317,-0.1702,2.2108,4.0844,-1.1207,0.4619,1.5774,-1.044,0.557,1,2,0
BTCUSDT,2026-09-27 17:00:00+00:00,0.0255,0.0366,69.5793,0.3236,30.0971,0.4340,0.0456,0.2801,-0.1309,-0.2209,5.2771,0.2741,0.4703,1,17,6,-0.0010743900,1.0000000000,-0.3233,1.280000,0.6638,-0.2015,-0.0946,0.0856,120.0783,150.6448,-0.6664,0.4204,1.0855,-0.7095,0.5249,-3,2,1
ETHUSDT,2026-09-27 17:00:00+00:00,0.0071,0.0447,15.8333,40.8333,43.3333,0.3410,0.0660,0.3023,-0.3236,-0.4737,5.3692,-0.0149,1.6439,1,17,6,0.0057382500,1.0000000000,0.3888,1.390000,0.4301,-0.3988,-0.423,-0.3058,0.9487,3.4572,-1.2154,0.219,1.4273,-1.1934,0.41,-1,2,1
BTCUSDT,2026-09-27 18:00:00+00:00,-0.0051,0.0052,97.7273,2.2727,0.0000,1.0250,0.0461,0.2800,0.0551,-0.1954,5.3037,0.2741,0.4703,1,18,6,-0.0010743900,1.0000000000,0.3535,1.270000,0.7304,-0.0478,0.0427,0.218,108.0997,142.1358,-0.5098,0.5026,1.0124,-0.567,0.6656,1,2,1
ETHUSDT,2026-09-27 18:00:00+00:00,-0.0204,0.0204,100.0000,0.0000,0.0000,0.1560,0.0661,0.3023,-0.0482,-0.4688,5.2873,-0.0149,1.6439,1,18,6,0.0057382500,1.0000000000,0.4942,1.390000,0.6969,-0.1996,-0.2488,-0.1505,0.2682,2.8194,-1.0574,0.3485,1.401,-1.0429,0.5581,1,2,1
ETHUSDT,2026-09-27 19:00:00+00:00,-0.0419,0.1020,41.0909,18.9091,40.0000,0.4320,0.0659,0.3022,-0.0420,-0.4438,5.3372,-0.0149,1.6439,1,19,6,0.0057382500,1.0000000000,-0.8032,1.400000,0.4232,0.0365,-0.0031,0.0909,0.2584,2.3072,-0.8048,0.5615,1.3647,-0.7955,0.8015,2,2,0
BTCUSDT,2026-09-27 19:00:00+00:00,-0.0412,0.0952,43.2466,28.6245,28.1289,1.3580,0.0461,0.2800,0.0499,-0.1929,5.3488,0.2741,0.4703,1,19,6,-0.0010743900,1.0000000000,-0.2713,1.220000,0.7937,0.1648,0.2694,0.4527,114.6339,136.6354,-0.2731,0.7174,0.9927,-0.3119,0.9176,2,2,0
ETHUSDT,2026-09-27 20:00:00+00:00,0.0361,0.0416,86.6071,13.3929,0.0000,0.2810,0.0653,0.3020,-0.0258,-0.5129,5.1061,-0.0149,1.6439,1,20,6,0.0057382500,1.0000000000,-0.3859,1.400000,0.3159,-0.1158,-0.1677,-0.0867,-0.1414,1.8175,-0.9897,0.391,1.3765,-0.9783,0.6216,-1,2,0
BTCUSDT,2026-09-27 20:00:00+00:00,0.0228,0.0228,100.0000,0.0000,0.0000,0.1950,0.0461,0.2796,-0.0021,-0.2555,5.0663,0.2741,0.4703,1,20,6,-0.0010743900,1.0000000000,0.3033,1.280000,0.4981,0.105,0.2144,0.4028,116.1734,132.543,-0.3219,0.6561,0.9796,-0.3456,0.8764,-1,2,0
ETHUSDT,2026-09-27 21:00:00+00:00,0.0432,0.0436,99.1453,0.8547,0.0000,0.7010,0.0663,0.3008,-0.0191,-0.4414,5.4591,-0.0149,1.6439,1,21,6,0.0057382500,1.0000000000,0.1057,1.400000,0.6239,-0.2462,-0.327,-0.2676,-0.8639,1.2812,-1.1948,0.23,1.418,-1.1719,0.4311,-2,2,0
BTCUSDT,2026-09-27 21:00:00+00:00,0.0259,0.0262,99.0950,0.4525,0.4525,0.3850,0.0466,0.2791,0.0020,-0.2327,5.2656,0.2741,0.4703,1,21,6,-0.0010743900,1.0000000000,-0.2647,1.280000,0.2845,-0.0969,-0.0104,0.1704,100.7953,126.1935,-0.5332,0.3826,0.9151,-0.5727,0.6366,-2,2,1
BTCUSDT,2026-09-27 22:00:00+00:00,-0.0547,0.1790,30.5611,58.0858,11.3531,1.8560,0.0471,0.2788,0.0024,-0.2068,5.0988,0.2741,0.4703,1,22,6,-0.0010743900,1.0000000000,0.3944,1.250000,0.4116,-0.0093,0.0679,0.2454,93.3418,119.6231,-0.4491,0.4485,0.8976,-0.4871,0.5843,1,2,0
ETHUSDT,2026-09-27 22:00:00+00:00,-0.0708,0.2106,33.6283,37.8761,28.4956,0.8500,0.0673,0.3001,0.0170,-0.3664,5.2051,-0.0149,1.6439,1,22,6,0.0057382500,1.0000000000,-0.8057,1.420000,0.6243,-0.3468,-0.4677,-0.4371,-1.8198,0.661,-1.4054,0.1359,1.5316,-1.3609,0.06,-3,2,0
ETHUSDT,2026-09-27 23:00:00+00:00,0.1589,0.1975,80.4924,14.2045,5.3030,2.8580,0.0664,0.3002,-0.0334,-0.4942,5.0916,-0.0149,1.6439,1,23,6,0.0057382500,1.0000000000,1.0753,1.420000,0.6956,-0.3668,-0.5268,-0.5274,-2.7857,-0.0283,-1.5484,0.1267,1.6632,-1.4737,0.1691,-4,2,1
BTCUSDT,2026-09-27 23:00:00+00:00,0.0705,0.1325,53.1839,7.5336,39.2825,1.4500,0.0456,0.2789,-0.0472,-0.3224,5.0320,0.2741,0.4703,1,23,6,-0.0010743900,1.0000000000,-0.9592,1.250000,0.6089,-0.3688,-0.3486,-0.1971,56.0932,106.9171,-0.9237,0.0423,0.9618,-0.941,0.1224,-1,2,1
BTCUSDT,2026-09-28 00:00:00+00:00,0.0066,0.0450,14.7368,0.0000,85.2632,0.7520,0.0472,0.2789,0.0645,-0.2967,5.0089,0.2741,0.4703,1,0,0,0.0045923500,1.0000000000,0.8353,1.260000,0.3368,-0.0827,-0.0757,0.0652,44.0836,94.3504,-0.6528,0.2934,0.9445,-0.674,0.3865,1,0,0
ETHUSDT,2026-09-28 00:00:00+00:00,0.0514,0.0826,62.1622,0.0000,37.8378,0.7800,0.0741,0.3004,0.1674,-0.3911,5.2350,-0.0149,1.6439,1,0,0,0.0038297800,-1.0000000000,-0.1116,1.450000,0.3967,0.0175,-0.1251,-0.1327,-2.6803,-0.5587,-1.1534,0.5382,1.6864,-1.0808,0.5557,1,0,0
ETHUSDT,2026-09-28 01:00:00+00:00,-0.0558,0.1306,42.6934,57.3066,0.0000,2.0480,0.0749,0.3001,0.1827,-0.2877,5.0895,-0.0149,1.6439,1,1,0,0.0038297800,-1.0000000000,-1.4147,1.460000,0.3778,-0.5143,-0.7148,-0.7629,-3.9743,-1.2418,-1.8801,0.0146,1.8772,-1.7484,0.0,-1,0,0
BTCUSDT,2026-09-28 01:00:00+00:00,-0.0979,0.1310,74.6824,12.6134,12.7042,5.7480,0.0470,0.2788,0.0483,-0.2485,4.8780,0.2741,0.4703,1,1,0,0.0045923500,1.0000000000,-0.0807,1.250000,0.4170,-0.4725,-0.5305,-0.4247,0.1572,75.5118,-1.2129,-0.1317,1.074,-1.185,0.0167,-1,0,0
ETHUSDT,2026-09-28 02:00:00+00:00,-0.0181,0.2451,7.3733,0.0000,92.6267,4.2930,0.0753,0.2896,0.0837,-0.3067,3.9817,-0.0149,1.6439,1,2,0,0.0038297800,-1.0000000000,-0.6327,1.510000,0.5391,-0.8926,-1.1978,-1.3124,-6.2105,-2.2356,-2.5959,-0.2925,2.2706,-2.3573,0.2271,-2,0,0
BTCUSDT,2026-09-28 02:00:00+00:00,-0.0563,0.1789,31.4629,0.0000,68.5371,7.5950,0.0501,0.2782,-0.0755,-0.3377,4.4924,0.2741,0.4703,1,2,0,0.0045923500,1.0000000000,0.1278,1.230000,0.6083,-0.7735,-0.932,-0.8828,-67.078,46.9938,-1.8607,-0.3744,1.4698,-1.6828,0.1227,-2,0,0
ETHUSDT,2026-09-28 03:00:00+00:00,0.1173,0.1440,81.4136,18.5864,0.0000,1.2460,0.0753,0.2788,0.1364,-0.3207,2.9282,-0.0149,1.6439,1,3,0,0.0038297800,-1.0000000000,1.8016,1.520000,0.4921,-0.7178,-1.0931,-1.2653,-7.9012,-3.3687,-2.6378,-0.064,2.5395,-2.3619,0.2226,-3,0,0
BTCUSDT,2026-09-28 03:00:00+00:00,0.1319,0.1420,92.9054,7.0946,0.0000,1.0420,0.0508,0.2755,-0.0771,-0.3764,3.8981,0.2741,0.4703,1,3,0,0.0045923500,1.0000000000,0.5801,1.300000,0.5255,-0.7237,-0.9666,-0.9742,-127.6541,12.0642,-2.1124,-0.2676,1.8231,-1.8151,0.1317,-3,0,0
ETHUSDT,2026-09-28 04:00:00+00:00,-0.1301,0.1698,76.6667,20.0000,3.3333,1.0700,0.0794,0.2758,0.0948,-0.2242,3.5613,-0.0149,1.6439,1,4,0,0.0038297800,-1.0000000000,0.0970,1.530000,0.3948,-0.8046,-1.2565,-1.4939,-9.7397,-4.6429,-2.9218,-0.1065,2.7733,-2.6546,0.0057,-4,0,1
BTCUSDT,2026-09-28 04:00:00+00:00,-0.1015,0.1427,71.1522,8.4104,20.4373,1.3640,0.0587,0.2749,-0.0157,-0.2445,4.2621,0.2741,0.4703,1,4,0,0.0045923500,1.0000000000,0.7338,1.330000,0.4817,-0.8458,-1.1827,-1.2573,-195.6444,-29.4775,-2.5711,-0.3057,2.2332,-2.1523,0.0292,-4,0,1
ETHUSDT,2026-09-28 05:00:00+00:00,0.0504,0.0888,56.7797,43.2203,0.0000,0.5130,0.0828,0.2761,-0.0867,-0.3665,3.4342,-0.0149,1.6439,1,5,0,0.0038297800,-1.0000000000,0.3066,1.530000,0.5976,-0.3064,-0.7572,-1.0274,-10.1821,-5.7507,-2.4029,0.4236,2.7988,-2.2253,0.4239,1,0,0
BTCUSDT,2026-09-28 05:00:00+00:00,0.0469,0.0719,65.1667,34.8333,0.0000,0.8840,0.0612,0.2748,-0.1238,-0.3615,4.2952,0.2741,0.4703,1,5,0,0.0045923500,1.0000000000,0.3253,1.330000,0.7939,-0.4208,-0.7835,-0.8995,-225.5679,-68.6956,-2.258,0.1721,2.4051,-1.8284,0.3462,1,0,0
ETHUSDT,2026-09-28 06:00:00+00:00,-0.0475,0.0589,80.7692,18.5897,0.6410,0.9840,0.0839,0.2754,0.0195,-0.3116,3.2118,-0.0149,1.6439,1,6,0,0.0038297800,-1.0000000000,0.3471,1.520000,0.6001,-0.5344,-1.0186,-1.3371,-11.1744,-6.8355,-2.6779,0.2131,2.8557,-2.5938,0.0649,-1,0,1
BTCUSDT,2026-09-28 06:00:00+00:00,-0.0451,0.0482,93.5162,0.0000,6.4838,0.9290,0.0624,0.2745,0.0210,-0.2905,4.1640,0.2741,0.4703,1,6,0,0.0045923500,1.0000000000,-0.6346,1.350000,0.7207,-0.7103,-1.1384,-1.3151,-277.2736,-110.4112,-2.7574,-0.0551,2.6648,-2.302,0.0031,-1,0,1
BTCUSDT,2026-09-28 07:00:00+00:00,0.0443,0.0597,74.1935,25.6048,0.2016,0.2420,0.0625,0.2743,0.0322,-0.3484,4.2427,0.2741,0.4703,1,7,0,0.0045923500,1.0000000000,0.3452,1.330000,0.5043,-0.5091,-0.9674,-1.1921,-309.7498,-150.2789,-2.6665,0.2007,2.8323,-2.2268,0.0766,1,0,0
ETHUSDT,2026-09-28 07:00:00+00:00,0.0657,0.0846,77.6786,13.3929,8.9286,0.3950,0.0836,0.2754,-0.0099,-0.3913,3.1009,-0.0149,1.6439,1,7,0,0.0038297800,-1.0000000000,0.1373,1.520000,0.6114,-0.3926,-0.8862,-1.2424,-11.7329,-7.815,-2.5327,0.3761,2.8778,-2.5493,0.1083,1,0,0
ETHUSDT,2026-09-28 08:00:00+00:00,0.1540,0.2263,68.0602,1.6722,30.2676,1.4400,0.0845,0.2751,-0.0615,-0.3644,3.3135,-0.0149,1.6439,1,8,0,-0.0006190800,-1.0000000000,-0.1286,1.530000,0.5050,-0.4163,-0.9224,-1.3175,-12.3055,-8.7131,-2.5303,0.3543,2.8535,-2.6798,0.2222,-1,1,1
BTCUSDT,2026-09-28 08:00:00+00:00,0.1417,0.1973,71.8215,3.4230,24.7555,2.3000,0.0633,0.2738,-0.0554,-0.3204,4.4756,0.2741,0.4703,1,8,0,-0.0007606800,-1.0000000000,-0.2794,1.350000,0.4343,-0.5269,-1.016,-1.29,-341.5241,-188.528,-2.7707,0.2276,2.9606,-2.379,0.1903,-1,1,0
BTCUSDT,2026-09-28 09:00:00+00:00,0.0001,0.0787,0.1531,76.1103,23.7366,0.6110,0.0682,0.2728,0.1878,-0.0850,4.2671,0.2741,0.4703,1,9,0,-0.0007606800,-1.0000000000,0.4367,1.340000,0.5996,-0.5237,-1.0404,-1.3631,-370.9345,-225.0093,-2.8893,0.2906,3.1391,-2.5091,0.0634,-2,1,0
ETHUSDT,2026-09-28 09:00:00+00:00,0.0377,0.0785,48.0769,51.4423,0.4808,1.3830,0.0890,0.2744,0.2226,-0.1110,3.1591,-0.0149,1.6439,1,9,0,-0.0006190800,-1.0000000000,0.0631,1.530000,0.3125,-0.2206,-0.7101,-1.1296,-12.3179,-9.434,-2.2939,0.5827,2.8523,-2.4335,0.3618,1,1,0
ETHUSDT,2026-09-28 10:00:00+00:00,0.1739,0.1879,92.5403,7.4597,0.0000,0.7170,0.0889,0.2741,0.2099,-0.0235,2.9982,-0.0149,1.6439,1,10,0,-0.0006190800,-1.0000000000,0.3184,1.530000,0.6892,-0.3557,-0.8501,-1.3024,-12.6588,-10.079,-2.3443,0.4213,2.7392,-2.6624,0.1736,-1,1,1
BTCUSDT,2026-09-28 10:00:00+00:00,0.0906,0.0986,91.9018,8.0982,0.0000,0.6180,0.0679,0.2728,0.1410,-0.0514,4.3157,0.2741,0.4703,1,10,0,-0.0007606800,-1.0000000000,-0.1093,1.390000,0.5518,-0.6245,-1.1805,-1.5585,-406.6134,-261.3301,-3.0555,0.2133,3.223,-2.771,0.0905,-3,1,1
BTCUSDT,2026-09-28 11:00:00+00:00,0.0892,0.1277,69.8772,30.1228,0.0000,1.3320,0.0698,0.2700,0.2767,0.0812,3.8776,0.2741,0.4703,1,11,0,-0.0007606800,-1.0000000000,0.5120,1.430000,0.6190,-0.2332,-0.7688,-1.1745,-408.0198,-290.668,-2.6539,0.6639,3.2851,-2.4309,0.4212,1,1,1
ETHUSDT,2026-09-28 11:00:00+00:00,0.1495,0.1691,88.4187,11.5813,0.0000,2.2900,0.0944,0.2420,0.4313,0.2134,1.4830,-0.0149,1.6439,1,11,0,-0.0006190800,-1.0000000000,-0.4118,1.490000,0.5654,0.1505,-0.276,-0.7239,-11.632,-10.3896,-1.7259,0.9955,2.7115,-1.9101,0.7146,1,1,1
ETHUSDT,2026-09-28 12:00:00+00:00,-0.1421,0.1499,94.7500,0.2500,5.0000,0.7140,0.0983,0.2131,0.5151,0.3795,3.1124,-0.0149,1.6439,1,12,0,-0.0006190800,-1.0000000000,-0.7028,1.390000,0.6382,0.2701,-0.0802,-0.5142,-10.297,-10.3711,-1.4399,1.1817,2.6182,-1.7192,0.9005,2,1,1
BTCUSDT,2026-09-28 12:00:00+00:00,-0.0649,0.0715,90.7407,0.0000,9.2593,0.3800,0.0711,0.2636,0.3216,0.2137,4.7052,0.2741,0.4703,1,12,0,-0.0007606800,-1.0000000000,0.3903,1.450000,0.6867,-0.1792,-0.6905,-1.1195,-403.8657,-313.3076,-2.5743,0.7756,3.32,-2.4215,0.4303,2,1,1
ETHUSDT,2026-09-28 13:00:00+00:00,-0.1747,0.1937,90.2111,0.1919,9.5969,0.9640,0.1030,0.2104,0.2190,0.1949,2.4919,-0.0149,1.6439,1,13,0,-0.0006190800,-1.0000000000,-1.6324,1.310000,0.4501,0.8406,0.6394,0.262,-7.4568,-9.7882,-0.642,1.954,2.6131,-0.8991,1.6763,3,1,0
BTCUSDT,2026-09-28 13:00:00+00:00,-0.1366,0.1475,92.6136,0.0000,7.3864,0.8590,0.0720,0.2621,0.1150,0.0984,4.2368,0.2741,0.4703,1,13,0,-0.0007606800,-1.0000000000,-0.3340,1.440000,0.4687,0.269,-0.1567,-0.5757,-361.7624,-322.9985,-1.9537,1.3111,3.2544,-1.8945,0.9427,3,1,1
ETHUSDT,2026-09-28 14:00:00+00:00,-0.2090,0.2294,91.0859,2.2690,6.6451,2.8900,0.0939,0.2107,0.0066,0.2885,2.1661,-0.0149,1.6439,1,14,0,-0.0006190800,-1.0000000000,0.8897,1.340000,0.5199,0.6365,0.5402,0.2081,-5.244,-8.8794,-0.652,1.8957,2.5636,-0.9449,1.6316,-1,1,0
BTCUSDT,2026-09-28 14:00:00+00:00,-0.1817,0.1822,99.7374,0.0000,0.2626,1.3310,0.0699,0.2622,-0.0217,0.1223,3.9619,0.2741,0.4703,1,14,0,-0.0007606800,-1.0000000000,-0.3293,1.380000,0.5028,0.231,-0.1245,-0.534,-323.3366,-323.0661,-1.8067,1.3337,3.133,-1.8744,0.9622,4,1,0
BTCUSDT,2026-09-28 15:00:00+00:00,0.0301,0.1235,24.3902,34.9268,40.6829,1.5750,0.0792,0.2626,-0.2940,-0.0595,3.8327,0.2741,0.4703,1,15,0,-0.0007606800,-1.0000000000,-1.1393,1.350000,0.4768,-0.2367,-0.5939,-1.0232,-324.5182,-323.3565,-2.1485,0.8263,2.9553,-2.1639,0.4392,-1,1,1
ETHUSDT,2026-09-28 15:00:00+00:00,0.1039,0.1662,62.5282,12.8668,24.6050,1.8800,0.1036,0.2112,-0.3763,0.1061,2.0389,-0.0149,1.6439,1,15,0,-0.0006190800,-1.0000000000,-2.4362,1.350000,0.5254,0.0618,-0.0178,-0.3396,-4.6487,-8.0333,-1.0659,1.294,2.3626,-1.0923,1.078,-2,1,1
BTCUSDT,2026-09-28 16:00:00+00:00,0.0252,0.1164,21.6495,49.0722,29.2784,0.8950,0.0795,0.2623,-0.3531,-0.0402,3.6635,0.4175,0.1528,0,16,0,0.0070950800,1.0000000000,0.8590,1.380000,0.3267,0.1352,-0.1697,-0.5902,-294.8307,-317.6514,-1.5101,1.1674,2.6729,-1.7503,0.8422,1,2,1
ETHUSDT,2026-09-28 16:00:00+00:00,-0.0534,0.1480,36.1111,45.2020,18.6869,0.6720,0.1045,0.2113,-0.4219,0.2681,2.0880,-0.0238,0.4287,0,16,0,0.0029311700,1.0000000000,0.5445,1.290000,0.4831,0.2398,0.2003,-0.0968,-3.6212,-7.1508,-0.7235,1.488,2.22,-0.8515,1.3136,1,2,1
ETHUSDT,2026-09-28 17:00:00+00:00,-0.0968,0.1537,62.9540,0.2421,36.8039,0.6560,0.1053,0.2112,-0.3332,0.1853,2.1183,-0.0238,0.4287,0,17,0,0.0029311700,1.0000000000,0.5529,1.270000,0.5865,0.4452,0.4702,0.2124,-2.0953,-6.1397,-0.3858,1.7924,2.1936,-0.5314,1.6269,2,2,1
BTCUSDT,2026-09-28 17:00:00+00:00,-0.1206,0.1516,79.5114,0.0788,20.4098,0.8630,0.0795,0.2622,-0.2630,-0.0337,3.5880,0.4175,0.1528,0,17,0,0.0070950800,1.0000000000,-1.4199,1.380000,0.5926,0.3356,0.1049,-0.292,-249.2336,-303.9678,-1.0395,1.3798,2.4235,-1.4607,1.1244,2,2,1
BTCUSDT,2026-09-28 18:00:00+00:00,-0.0197,0.0361,54.4554,11.8812,33.6634,0.4860,0.0828,0.2623,-0.2470,-0.1798,3.3593,0.4175,0.1528,0,18,0,0.0070950800,1.0000000000,-0.0190,1.380000,0.3802,0.4892,0.3468,-0.0137,-192.1539,-281.605,-0.5579,1.5445,2.1128,-1.1798,1.3982,3,2,1
ETHUSDT,2026-09-28 18:00:00+00:00,-0.0961,0.1132,84.9180,15.0820,0.0000,0.9360,0.1073,0.2114,-0.2553,0.0814,2.0662,-0.0238,0.4287,0,18,0,0.0029311700,1.0000000000,-0.8143,1.280000,0.6619,0.5935,0.697,0.4897,-0.2361,-4.959,-0.1615,2.1211,2.3052,-0.2318,1.92,3,2,1
BTCUSDT,2026-09-28 19:00:00+00:00,-0.1092,0.1278,85.4613,14.5387,0.0000,0.7560,0.0828,0.1813,-0.0850,-0.1944,0.8696,0.4175,0.1528,0,19,0,0.0070950800,1.0000000000,-0.0067,1.310000,0.7087,0.4669,0.4013,0.078,-138.8938,-253.0628,-0.3836,1.5976,1.9933,-1.0838,1.4918,4,2,0
ETHUSDT,2026-09-28 19:00:00+00:00,-0.1619,0.1846,87.7510,12.2490,0.0000,0.7730,0.1091,0.1871,-0.1424,0.0057,0.6821,-0.0238,0.4287,0,19,0,0.0029311700,1.0000000000,-0.6054,1.310000,0.5928,0.5433,0.7114,0.5528,1.4083,-3.6855,-0.1798,2.2514,2.4566,-0.1849,2.0045,4,2,0
BTCUSDT,2026-09-28 20:00:00+00:00,0.0187,0.1105,16.9381,41.4767,41.5852,0.5350,0.0850,0.1612,-0.2243,-0.2624,-0.3241,0.4175,0.1528,0,20,0,0.0070950800,1.0000000000,-1.4564,1.310000,0.4313,-0.1408,-0.22,-0.5451,-138.5322,-230.1567,-0.7802,0.8404,1.621,-1.6509,0.8555,-1,2,1
ETHUSDT,2026-09-28 20:00:00+00:00,0.0142,0.1605,8.8578,62.0047,29.1375,0.5050,0.1135,0.1738,-0.4082,-0.1143,-0.3926,-0.0238,0.4287,0,20,0,0.0029311700,1.0000000000,-1.9489,1.310000,0.3310,-0.2052,-0.0791,-0.2372,0.9663,-2.7552,-0.8988,1.4393,2.3445,-0.9905,1.2165,-1,2,1
BTCUSDT,2026-09-28 21:00:00+00:00,0.1102,0.1103,99.8914,0.0000,0.1086,0.3740,0.0850,0.1599,-0.2308,-0.2665,-0.0435,0.4175,0.1528,0,21,0,0.0070950800,1.0000000000,0.8888,1.310000,0.6371,0.1151,0.0589,-0.2492,-117.7164,-207.6686,-0.393,1.0718,1.4697,-1.362,1.1373,1,2,0
ETHUSDT,2026-09-28 21:00:00+00:00,0.1547,0.1633,94.7489,5.0228,0.2283,0.5140,0.1133,0.1732,-0.3406,-0.1362,-0.1916,-0.0238,0.4287,0,21,0,0.0029311700,1.0000000000,0.0581,1.310000,0.5579,0.2426,0.3898,0.2608,1.6963,-1.8649,-0.4606,1.9569,2.4358,-0.478,1.7177,1,2,0
BTCUSDT,2026-09-28 22:00:00+00:00,-0.0587,0.0819,71.6593,25.1101,3.2305,1.2220,0.0881,0.1549,0.0000,-0.1822,-0.4598,0.4175,0.1528,0,22,0,0.0070950800,1.0000000000,-0.6557,1.320000,0.7214,-0.351,-0.4502,-0.7735,-136.8411,-193.5031,-0.9083,0.5385,1.4442,-1.924,0.5891,-1,2,1
ETHUSDT,2026-09-28 22:00:00+00:00,-0.0786,0.1324,59.3220,17.7966,22.8814,0.6020,0.1174,0.1715,-0.0891,-0.0247,-0.3832,-0.0238,0.4287,0,22,0,0.0029311700,1.0000000000,-0.3259,1.310000,0.6159,-0.2559,-0.1562,-0.2897,1.0475,-1.2824,-1.0446,1.3619,2.4104,-1.0445,1.1636,-1,2,1
BTCUSDT,2026-09-28 23:00:00+00:00,0.0103,0.0104,98.8506,1.1494,0.0000,0.1730,0.0882,0.1493,-0.0390,-0.1862,-1.0503,0.4175,0.1528,0,23,0,0.0070950800,1.0000000000,0.9518,1.330000,0.5556,0.0968,0.0202,-0.2877,-118.923,-178.5871,-0.4383,1.0072,1.4497,-1.0958,1.0567,1,2,0
ETHUSDT,2026-09-28 23:00:00+00:00,0.0130,0.0227,57.3770,1.6393,40.9836,1.0050,0.1176,0.1715,-0.0716,-0.0325,-0.5363,-0.0238,0.4287,0,23,0,0.0029311700,1.0000000000,0.6784,1.300000,0.4980,0.2702,0.3971,0.2922,1.7965,-0.6666,-0.5304,1.9111,2.4585,-0.4462,1.7488,1,2,1
BTCUSDT,2026-09-29 00:00:00+00:00,-0.0047,0.0415,11.2717,29.4798,59.2486,0.3040,0.0868,0.1486,0.0805,-0.2464,-0.8420,0.4175,0.1528,0,0,1,0.0054375400,-1.0000000000,0.0635,1.360000,0.3779,0.0066,-0.0622,-0.3619,-109.4324,-164.7561,-0.5451,0.9093,1.4571,-1.1854,0.969,-1,0,0
ETHUSDT,2026-09-29 00:00:00+00:00,0.0324,0.0800,40.4651,0.0000,59.5349,0.5250,0.1128,0.1714,0.1033,-0.1784,-0.4494,-0.0238,0.4287,0,0,1,0.0061948900,1.0000000000,0.7026,1.300000,0.3115,0.2654,0.4169,0.3399,2.4952,-0.0342,-0.5316,1.8816,2.4296,-0.3842,1.8095,2,0,0
ETHUSDT,2026-09-29 01:00:00+00:00,-0.0415,0.1244,33.3333,41.1411,25.5255,1.3690,0.1125,0.1684,0.1215,-0.1974,0.0010,-0.0238,0.4287,0,1,1,0.0061948900,1.0000000000,0.2491,1.390000,0.5573,-0.1981,-0.0867,-0.166,1.9165,0.3559,-1.0634,1.3305,2.3971,-0.9006,1.3044,-1,0,0
BTCUSDT,2026-09-29 01:00:00+00:00,-0.0686,0.1157,59.2516,7.5884,33.1601,1.7350,0.0867,0.1485,0.0571,-0.2577,-0.7791,0.4175,0.1528,0,1,1,0.0054375400,-1.0000000000,-0.4010,1.380000,0.4369,-0.3531,-0.464,-0.7797,-130.4409,-157.8931,-0.9725,0.491,1.46,-1.2413,0.5254,-2,0,0
ETHUSDT,2026-09-29 02:00:00+00:00,0.0236,0.0980,24.1379,70.8812,4.9808,0.5140,0.1123,0.1631,-0.0747,-0.1831,-0.5847,-0.0238,0.4287,0,2,1,0.0061948900,1.0000000000,0.2651,1.430000,0.7967,-0.4556,-0.4161,-0.5163,0.6532,0.4154,-1.4116,0.8782,2.2837,-1.2747,0.9385,-2,0,0
BTCUSDT,2026-09-29 02:00:00+00:00,0.0064,0.0458,13.9474,86.0526,0.0000,0.4040,0.0857,0.1477,-0.1217,-0.2284,-1.0535,0.4175,0.1528,0,2,1,0.0054375400,-1.0000000000,0.0908,1.380000,0.6662,-0.3401,-0.4874,-0.8186,-150.1684,-156.3482,-1.047,0.4309,1.4734,-1.1828,0.454,-3,0,0
ETHUSDT,2026-09-29 03:00:00+00:00,0.1050,0.1442,72.8460,9.3995,17.7546,0.3410,0.1124,0.1630,0.0275,-0.1414,-0.5005,-0.0238,0.4287,0,3,1,0.0061948900,1.0000000000,0.3652,1.440000,0.5297,-0.5343,-0.5712,-0.7001,-0.7924,0.1738,-1.6026,0.6107,2.2024,-1.4887,0.7291,-3,0,1
BTCUSDT,2026-09-29 03:00:00+00:00,0.0716,0.1188,60.3046,11.5736,28.1218,0.5250,0.0852,0.1476,-0.0566,-0.1657,-0.9632,0.4175,0.1528,0,3,1,0.0054375400,-1.0000000000,0.1128,1.350000,0.5389,-0.3,-0.4749,-0.8202,-166.2186,-158.3222,-1.085,0.4192,1.4991,-1.218,0.4193,-4,0,1
BTCUSDT,2026-09-29 04:00:00+00:00,-0.0349,0.0660,52.9197,18.7956,28.2847,0.2280,0.0819,0.1452,0.0047,-0.2260,-1.2368,0.4175,0.1528,0,4,1,0.0054375400,-1.0000000000,1.0406,1.360000,0.3963,-0.2218,-0.4109,-0.766,-175.3915,-161.7361,-1.0628,0.4457,1.5038,-1.195,0.442,1,0,1
ETHUSDT,2026-09-29 04:00:00+00:00,-0.0514,0.0878,58.5470,19.2308,22.2222,0.5830,0.1119,0.1581,0.1195,-0.1537,-0.9204,-0.0238,0.4287,0,4,1,0.0061948900,1.0000000000,0.2412,1.440000,0.4376,-0.3191,-0.396,-0.5422,-1.6296,-0.1869,-1.4185,0.6368,2.0473,-1.3519,0.8629,1,0,1
ETHUSDT,2026-09-29 05:00:00+00:00,0.0724,0.0982,73.6641,16.4122,9.9237,0.4680,0.1093,0.1521,0.0357,-0.0750,-0.4055,-0.0238,0.4287,0,5,1,0.0061948900,1.0000000000,-0.0439,1.440000,0.6578,-0.0763,-0.1566,-0.3056,-1.7922,-0.5079,-1.1529,0.7498,1.8989,-1.1259,1.084,2,0,1
BTCUSDT,2026-09-29 05:00:00+00:00,0.0571,0.0572,99.7899,0.0000,0.2101,0.2270,0.0798,0.1406,-0.0255,-0.1594,-0.7955,0.4175,0.1528,0,5,1,0.0054375400,-1.0000000000,0.3760,1.400000,0.5936,0.0193,-0.1496,-0.4984,-164.2901,-162.2469,-0.8096,0.6505,1.4589,-0.9467,0.6863,2,0,1
ETHUSDT,2026-09-29 06:00:00+00:00,-0.0060,0.0781,7.6555,76.5550,15.7895,0.9080,0.1099,0.1493,0.1496,-0.0530,-0.7136,-0.0238,0.4287,0,6,1,0.0061948900,1.0000000000,0.2641,1.270000,0.4515,0.1239,0.068,-0.071,-1.4063,-0.6876,-0.8279,0.7736,1.6011,-0.8923,1.3125,3,0,1
BTCUSDT,2026-09-29 06:00:00+00:00,-0.0018,0.0580,3.0992,59.2975,37.6033,1.6760,0.0801,0.1402,0.1002,-0.1492,-0.5897,0.4175,0.1528,0,6,1,0.0054375400,-1.0000000000,-0.4933,1.340000,0.5237,0.187,0.0593,-0.2717,-139.4489,-157.6873,-0.5662,0.7556,1.323,-0.7301,0.8993,3,0,1
BTCUSDT,2026-09-29 07:00:00+00:00,-0.1192,0.1299,91.7507,0.0917,8.1577,1.0490,0.0797,0.1402,0.0920,-0.1059,-0.6409,0.4175,0.1528,0,7,1,0.0054375400,-1.0000000000,-0.3411,1.340000,0.6572,0.5939,0.5594,0.2749,-81.1757,-142.385,-0.0915,1.2891,1.3889,-0.1697,1.4507,4,0,1
ETHUSDT,2026-09-29 07:00:00+00:00,-0.1759,0.1933,91.0134,1.9120,7.0746,1.8720,0.1095,0.1489,0.1200,-0.0115,-0.8517,-0.0238,0.4287,0,7,1,0.0061948900,1.0000000000,1.6256,1.130000,0.4166,0.8553,0.9216,0.8418,0.9511,-0.3599,0.0077,1.6771,1.6836,-0.18,2.2465,4,0,1
ETHUSDT,2026-09-29 08:00:00+00:00,0.0837,0.1107,75.6667,24.3333,0.0000,1.5150,0.1139,0.1486,-0.1609,-0.2531,-0.8093,-0.0238,0.4287,0,8,1,0.0057289900,-1.0000000000,3.1433,1.080000,0.3388,1.0526,1.2561,1.2512,3.7924,0.4706,0.2404,2.1837,1.9671,-0.0269,2.7004,5,1,0
BTCUSDT,2026-09-29 08:00:00+00:00,0.0992,0.1064,93.2811,6.7189,0.0000,0.6940,0.0822,0.1382,-0.0988,-0.2694,-0.4325,0.4175,0.1528,0,8,1,0.0025490100,-1.0000000000,-0.1960,1.300000,0.3167,0.6293,0.6838,0.4499,-21.6,-118.228,-0.0103,1.4716,1.4928,-0.0071,1.6417,5,1,0
BTCUSDT,2026-09-29 09:00:00+00:00,-0.0159,0.0621,25.5278,0.0000,74.4722,0.8230,0.0793,0.1381,0.0353,-0.3119,-0.4450,0.4175,0.1528,0,9,1,0.0025490100,-1.0000000000,-0.3251,1.300000,0.7647,0.3102,0.4022,0.1998,9.0726,-92.7679,-0.3066,1.2391,1.553,-0.2502,1.4027,-1,1,1
ETHUSDT,2026-09-29 09:00:00+00:00,-0.0517,0.1414,36.5535,0.0000,63.4465,1.7000,0.1105,0.1468,-0.0258,-0.3234,-0.4108,-0.0238,0.4287,0,9,1,0.0057289900,-1.0000000000,0.3425,1.100000,0.6414,0.6403,0.9131,0.9602,5.4248,1.4614,-0.1381,1.9796,2.1374,-0.2819,2.4524,-1,1,1
BTCUSDT,2026-09-29 10:00:00+00:00,-0.0705,0.0789,89.4578,0.1506,10.3916,0.7760,0.0792,0.1370,-0.0377,-0.3279,-0.2338,0.4175,0.1528,0,10,1,0.0025490100,-1.0000000000,1.1161,1.280000,0.5300,0.554,0.7129,0.5597,58.743,-62.4657,-0.0476,1.6608,1.7222,-0.0707,1.7808,1,1,0
ETHUSDT,2026-09-29 10:00:00+00:00,-0.0556,0.0652,85.3107,0.0000,14.6893,0.6810,0.1103,0.1460,-0.1499,-0.4128,-0.2595,-0.0238,0.4287,0,10,1,0.0057289900,-1.0000000000,0.5635,1.070000,0.4589,0.7646,1.1161,1.2247,7.3295,2.635,-0.0073,2.363,2.3986,-0.0556,2.7621,1,1,0
BTCUSDT,2026-09-29 11:00:00+00:00,0.0044,0.0160,27.6119,52.2388,20.1493,0.2240,0.0769,0.1371,-0.1064,-0.4890,-0.2779,0.4175,0.1528,0,11,1,0.0025490100,-1.0000000000,0.1677,1.320000,0.4090,0.2965,0.4816,0.3616,84.6324,-33.0461,-0.2935,1.4244,1.7277,-0.2553,1.2891,-1,1,1
ETHUSDT,2026-09-29 11:00:00+00:00,0.0376,0.0380,99.0291,0.0000,0.9709,0.3740,0.1030,0.1457,-0.1995,-0.6423,-0.1799,-0.0238,0.4287,0,11,1,0.0057289900,-1.0000000000,0.4581,1.070000,0.5345,0.6105,1.0133,1.1752,8.7351,3.8551,-0.1726,2.3552,2.5557,-0.0571,2.207,-1,1,1
ETHUSDT,2026-09-29 12:00:00+00:00,0.0355,0.1296,27.4011,0.8475,71.7514,1.1510,0.0973,0.1316,0.0140,-0.7542,-0.9506,-0.0238,0.4287,0,12,1,0.0057289900,-1.0000000000,0.7647,1.040000,0.3700,0.9846,1.4828,1.7217,11.097,5.3034,0.1587,3.0504,2.9388,-0.0011,2.7848,1,1,1
BTCUSDT,2026-09-29 12:00:00+00:00,0.0600,0.1173,51.1628,0.0000,48.8372,1.1680,0.0737,0.1144,0.0172,-0.5738,-1.2501,0.4175,0.1528,0,12,1,0.0025490100,-1.0000000000,0.0474,1.290000,0.3852,0.5864,0.8339,0.7665,133.4114,0.2454,-0.0129,1.8944,1.9254,0.0,1.7212,1,1,0
ETHUSDT,2026-09-29 13:00:00+00:00,-0.0651,0.1831,35.5289,43.5130,20.9581,0.8800,0.0953,0.1237,-0.0342,-0.5766,-0.3306,-0.0238,0.4287,0,13,1,0.0057289900,-1.0000000000,0.8580,1.010000,0.5610,0.8375,1.4043,1.7136,12.9582,6.8344,-0.0388,3.1887,3.2791,-0.1449,2.8459,2,1,0
BTCUSDT,2026-09-29 13:00:00+00:00,-0.0475,0.1261,37.6294,33.5842,28.7865,0.4920,0.0750,0.1046,-0.0220,-0.4489,-0.5807,0.4175,0.1528,0,13,1,0.0025490100,-1.0000000000,0.1279,1.280000,0.3796,0.3624,0.6372,0.6085,161.094,32.4151,-0.2492,1.7867,2.0516,-0.1341,1.5893,-1,1,0
BTCUSDT,2026-09-29 14:00:00+00:00,0.0427,0.0972,43.8875,56.1125,0.0000,1.8500,0.0712,0.0998,-0.0536,-0.3598,-0.2179,0.4175,0.1528,0,14,1,0.0025490100,-1.0000000000,0.2799,1.230000,0.3771,0.2481,0.5318,0.5345,177.4209,61.4163,-0.3665,1.7542,2.1355,-0.1867,1.5377,-2,1,0
ETHUSDT,2026-09-29 14:00:00+00:00,0.1159,0.1952,59.3985,37.5940,3.0075,1.4700,0.0905,0.1216,-0.0476,-0.4670,-0.0877,-0.0238,0.4287,0,14,1,0.0057289900,-1.0000000000,-0.3693,1.040000,0.4240,0.5328,1.1216,1.4831,13.8922,8.2459,-0.3925,3.0651,3.5045,-0.3181,2.6779,-1,1,0
BTCUSDT,2026-09-29 15:00:00+00:00,-0.1168,0.1614,72.3908,7.1799,20.4293,2.9330,0.0629,0.0995,0.0596,-0.1354,-0.2786,0.4175,0.1528,0,15,1,0.0025490100,-1.0000000000,-1.9360,1.380000,0.6797,-0.3592,-0.1485,-0.1543,141.572,77.4474,-1.04,1.0732,2.1136,-0.8869,0.8496,-3,1,0
ETHUSDT,2026-09-29 15:00:00+00:00,-0.1081,0.2266,47.7199,15.7980,36.4821,4.1080,0.0853,0.1219,0.1239,-0.1421,0.0271,-0.0238,0.4287,0,15,1,0.0057289900,-1.0000000000,-1.8809,1.270000,0.6024,-0.2282,0.2804,0.6465,12.6899,9.1347,-1.2566,2.2593,3.5337,-1.1431,1.8775,-2,1,0
ETHUSDT,2026-09-29 16:00:00+00:00,0.0883,0.1571,56.1905,18.3333,25.4762,2.3860,0.0844,0.1178,-0.0218,-0.3541,-0.5005,-0.5636,-0.6021,0,16,1,0.0059841600,1.0000000000,-4.8373,1.350000,0.6061,-1.1269,-0.8128,-0.5032,9.0897,9.1257,-2.4461,1.0947,3.517,-2.3344,0.7218,-3,2,0
BTCUSDT,2026-09-29 16:00:00+00:00,0.0559,0.1169,47.7858,38.0021,14.2122,1.3960,0.0662,0.0999,-0.0616,-0.2823,-0.4074,-1.3025,-0.6187,0,16,1,0.0032938500,1.0000000000,0.1275,1.380000,0.6603,-0.7932,-0.7086,-0.7545,70.1111,75.9802,-1.6871,0.4924,2.1665,-1.5225,0.2249,-4,2,0
BTCUSDT,2026-09-29 17:00:00+00:00,0.0019,0.0667,2.8881,24.9097,72.2022,0.7750,0.0672,0.0957,-0.0657,-0.2516,-0.7256,-1.3025,-0.6187,0,17,1,0.0032938500,1.0000000000,0.5674,1.400000,0.4397,-0.6973,-0.7154,-0.8002,8.171,62.4183,-1.771,0.4882,2.2448,-1.6014,0.1473,-5,2,1
ETHUSDT,2026-09-29 17:00:00+00:00,0.0127,0.0845,15.0442,23.4513,61.5044,0.4680,0.0864,0.1178,0.0310,-0.2124,-0.4920,-0.5636,-0.6021,0,17,1,0.0059841600,1.0000000000,-0.0809,1.380000,0.5740,-0.9052,-0.7431,-0.4878,6.1559,8.5318,-2.4515,1.1324,3.5604,-2.339,0.7174,-4,2,1
BTCUSDT,2026-09-29 18:00:00+00:00,0.2328,0.2707,85.9875,14.0125,0.0000,7.0970,0.0632,0.0942,-0.0163,-0.1291,-0.5027,-1.3025,-0.6187,0,18,1,0.0032938500,1.0000000000,-0.0565,1.440000,0.4934,-0.3559,-0.4208,-0.526,-23.8022,45.1742,-1.5121,0.7216,2.2249,-1.3467,0.3976,1,2,1
ETHUSDT,2026-09-29 18:00:00+00:00,0.2698,0.3652,73.8730,26.1270,0.0000,3.2540,0.0845,0.1130,0.1088,-0.1029,-0.0475,-0.5636,-0.6021,0,18,1,0.0059841600,1.0000000000,-0.0571,1.380000,0.5880,-0.5868,-0.5197,-0.3044,4.1509,7.6556,-2.2695,1.2609,3.5127,-2.1648,0.8863,1,2,1
ETHUSDT,2026-09-29 19:00:00+00:00,-0.0007,0.0416,1.7857,79.4643,18.7500,0.3200,0.0984,0.1148,0.2627,0.2630,0.1559,-0.5636,-0.6021,0,19,1,0.0059841600,1.0000000000,-1.0590,1.360000,0.4442,-0.0307,0.0258,0.233,3.7046,6.8654,-1.7225,1.7825,3.506,-1.6078,1.4267,2,2,0
BTCUSDT,2026-09-29 19:00:00+00:00,-0.0439,0.0440,99.7283,0.0000,0.2717,0.3110,0.0790,0.0959,0.1738,0.1234,-0.2759,-1.3025,-0.6187,0,19,1,0.0032938500,1.0000000000,-0.5140,1.440000,0.4287,0.0438,-0.009,-0.1102,-21.2992,31.8795,-1.0996,1.1246,2.2245,-0.932,0.8052,2,2,0
ETHUSDT,2026-09-29 20:00:00+00:00,0.0089,0.0814,10.9589,33.3333,55.7078,0.3930,0.0917,0.1127,0.3701,0.4242,-0.1315,-0.5636,-0.6021,0,20,1,0.0059841600,1.0000000000,-1.1372,1.360000,0.4212,-0.1796,-0.1526,0.0382,2.8971,6.0717,-1.9201,1.5909,3.5052,-1.8047,1.2357,-1,2,0
BTCUSDT,2026-09-29 20:00:00+00:00,0.0071,0.0546,12.9386,0.0000,87.0614,0.1650,0.0760,0.0948,0.2467,0.1887,-0.5079,-1.3025,-0.6187,0,20,1,0.0032938500,1.0000000000,-0.3040,1.420000,0.2523,0.0306,-0.0133,-0.1113,-19.4703,21.6096,-1.1107,1.1101,2.2207,-0.9377,0.7996,-1,2,1
ETHUSDT,2026-09-29 21:00:00+00:00,0.0190,0.0353,53.6842,33.6842,12.6316,0.1050,0.0917,0.1127,0.2907,0.4189,-0.1019,-0.5636,-0.6021,0,21,1,0.0059841600,1.0000000000,0.2355,1.370000,0.3559,-0.1583,-0.1553,0.0192,2.1924,5.2959,-1.9377,1.5208,3.4513,-1.8232,1.2177,-2,2,0
BTCUSDT,2026-09-29 21:00:00+00:00,0.0000,0.0001,0.0000,100.0000,0.0000,0.0440,0.0760,0.0948,0.1979,0.1771,-0.4933,-1.3025,-0.6187,0,21,1,0.0032938500,1.0000000000,0.1783,1.380000,0.4043,0.0296,-0.0062,-0.1007,-17.3848,13.8107,-1.1005,1.0532,2.1532,-0.9312,0.806,1,2,0
ETHUSDT,2026-09-29 22:00:00+00:00,0.0829,0.1374,60.3261,22.8261,16.8478,0.4390,0.0871,0.1126,0.2970,0.2832,-0.1334,-0.5636,-0.6021,0,22,1,0.0059841600,1.0000000000,-0.7065,1.400000,0.5744,-0.3661,-0.4133,-0.2686,0.9763,4.4319,-2.2158,1.1417,3.3396,-2.1275,0.9225,-3,2,1
BTCUSDT,2026-09-29 22:00:00+00:00,0.0623,0.0623,100.0000,0.0000,0.0000,0.2490,0.0729,0.0946,0.1960,0.0669,-0.3981,-1.3025,-0.6187,0,22,1,0.0032938500,1.0000000000,0.3558,1.380000,0.5016,-0.0322,-0.0692,-0.164,-20.2114,7.0063,-1.1549,0.908,2.0603,-1.0017,0.7367,-1,2,1
BTCUSDT,2026-09-29 23:00:00+00:00,0.0240,0.0243,99.0148,0.4926,0.4926,0.2490,0.0727,0.0944,0.0255,0.1879,-0.4263,-1.3025,-0.6187,0,23,1,0.0032938500,1.0000000000,-0.2169,1.390000,0.5931,0.0426,0.0148,-0.0754,-16.4999,2.305,-1.045,0.8973,1.9408,-0.9155,0.8215,1,2,1
ETHUSDT,2026-09-29 23:00:00+00:00,0.0112,0.0246,45.4545,10.6061,43.9394,0.1140,0.0861,0.1128,0.1101,0.4447,-0.0610,-0.5636,-0.6021,0,23,1,0.0059841600,1.0000000000,-0.6111,1.430000,0.5269,-0.2818,-0.3631,-0.2448,0.0419,3.5539,-2.1485,1.0213,3.152,-2.1134,0.9362,1,2,0
ETHUSDT,2026-09-30 00:00:00+00:00,-0.0067,0.0658,10.2273,75.5682,14.2045,0.5290,0.0861,0.1127,0.1220,0.4429,0.0004,-0.5636,-0.6021,0,0,2,0.0057579800,-1.0000000000,-0.8448,1.430000,0.4430,-0.3573,-0.4801,-0.3935,-1.0417,2.6348,-2.2765,0.7678,3.0216,-2.2812,0.7734,-1,0,0
BTCUSDT,2026-09-30 00:00:00+00:00,0.0238,0.0304,78.3465,21.6535,0.0000,0.1890,0.0728,0.0944,0.0934,0.2016,-0.4432,-1.3025,-0.6187,0,0,2,0.0100000000,1.0000000000,-0.7005,1.390000,0.4204,0.0828,0.0689,-0.0138,-9.3357,-0.0231,-0.9552,0.854,1.8083,-0.8539,0.8819,2,0,0
BTCUSDT,2026-09-30 01:00:00+00:00,-0.0423,0.0658,64.2987,16.5756,19.1257,0.4060,0.0728,0.0942,0.1101,0.2301,-0.3357,-1.3025,-0.6187,0,1,2,0.0100000000,1.0000000000,-0.2630,1.430000,0.6666,-0.196,-0.2354,-0.3285,-25.4339,-5.1053,-1.276,0.5,1.7691,-1.1848,0.5568,-1,0,1
ETHUSDT,2026-09-30 01:00:00+00:00,-0.0666,0.0771,86.4078,0.0000,13.5922,0.2290,0.0862,0.1115,0.1064,0.4038,-0.2193,-0.5636,-0.6021,0,1,2,0.0057579800,-1.0000000000,1.3253,1.500000,0.7580,-0.4882,-0.6667,-0.6212,-2.4156,1.6247,-2.5313,0.5111,3.0119,-2.5391,0.5232,-2,0,1
ETHUSDT,2026-09-30 02:00:00+00:00,0.0416,0.0913,45.4918,24.1803,30.3279,0.3740,0.0871,0.1116,0.0208,0.3787,-0.3095,-0.5636,-0.6021,0,2,2,0.0057579800,-1.0000000000,1.0199,1.520000,0.4991,-0.3151,-0.5201,-0.5061,-3.2643,0.6469,-2.4414,0.621,3.0348,-2.4427,0.6167,1,0,1
BTCUSDT,2026-09-30 02:00:00+00:00,0.0393,0.0535,73.5426,0.0000,26.4574,0.2430,0.0718,0.0939,0.0678,0.2564,-0.4772,-1.3025,-0.6187,0,2,2,0.0100000000,1.0000000000,0.2240,1.410000,0.4741,-0.0956,-0.1444,-0.242,-32.6752,-10.6193,-1.1975,0.5701,1.7621,-1.1075,0.6327,1,0,0
BTCUSDT,2026-09-30 03:00:00+00:00,-0.0076,0.0520,14.5497,85.4503,0.0000,1.7930,0.0720,0.0940,0.0448,0.2893,-0.4486,-1.3025,-0.6187,0,3,2,0.0100000000,1.0000000000,-0.0884,1.380000,0.4011,-0.1678,-0.2352,-0.3424,-45.5625,-17.6079,-1.2955,0.5019,1.7903,-1.2229,0.5193,-1,0,0
ETHUSDT,2026-09-30 03:00:00+00:00,-0.0363,0.0973,37.3077,62.3077,0.3846,0.2410,0.0872,0.1116,-0.0205,0.3967,-0.2312,-0.5636,-0.6021,0,3,2,0.0057579800,-1.0000000000,0.3745,1.530000,0.3616,-0.2517,-0.4725,-0.4859,-3.8913,-0.2607,-2.4363,0.7225,3.132,-2.4424,0.617,2,0,0
ETHUSDT,2026-09-30 04:00:00+00:00,0.0127,0.0371,34.3434,17.1717,48.4848,0.3310,0.0858,0.1066,-0.0680,0.2554,-0.6967,-0.5636,-0.6021,0,4,2,0.0057579800,-1.0000000000,0.0952,1.540000,0.3290,-0.2488,-0.4836,-0.5239,-4.4641,-1.1014,-2.434,0.7597,3.1672,-2.503,0.3134,-1,0,1
BTCUSDT,2026-09-30 04:00:00+00:00,0.0175,0.0360,48.6667,42.0000,9.3333,0.1160,0.0710,0.0930,0.0132,0.2101,-0.6276,-1.3025,-0.6187,0,4,2,0.0100000000,1.0000000000,0.5080,1.420000,0.2543,-0.1869,-0.2737,-0.3923,-59.5037,-25.9871,-1.3168,0.4802,1.7895,-1.2894,0.3571,-2,0,1
ETHUSDT,2026-09-30 05:00:00+00:00,0.1349,0.1499,90.0000,9.7500,0.2500,0.4770,0.0848,0.1055,-0.0486,0.3195,-0.8751,-0.5636,-0.6021,0,5,2,0.0057579800,-1.0000000000,0.3083,1.560000,0.5708,-0.1457,-0.3788,-0.4391,-4.7201,-1.8252,-2.3194,0.9058,3.2025,-2.4347,0.2196,1,0,1
BTCUSDT,2026-09-30 05:00:00+00:00,0.1487,0.1630,91.2242,8.7758,0.0000,0.3240,0.0704,0.0832,0.0069,0.2625,-1.1441,-1.3025,-0.6187,0,5,2,0.0100000000,1.0000000000,0.0661,1.390000,0.3362,-0.1388,-0.2366,-0.3641,-68.8627,-34.5622,-1.282,0.5353,1.8105,-1.2759,0.3704,1,0,1
ETHUSDT,2026-09-30 06:00:00+00:00,0.0123,0.1268,9.7345,38.6431,51.6224,0.3510,0.0875,0.0986,0.1529,0.3820,-0.2312,-0.5636,-0.6021,0,6,2,0.0057579800,-1.0000000000,0.3011,1.600000,0.6554,-0.0611,-0.2812,-0.3551,-4.7193,-2.404,-2.1428,1.02,3.1451,-2.3638,0.2042,2,0,0
BTCUSDT,2026-09-30 06:00:00+00:00,0.0104,0.0846,12.3404,36.1702,51.4894,0.1710,0.0751,0.0748,0.1979,0.3541,-0.4938,-1.3025,-0.6187,0,6,2,0.0100000000,1.0000000000,0.9493,1.450000,0.5909,-0.0532,-0.1493,-0.2801,-70.6083,-41.7714,-1.1199,0.6127,1.7282,-1.2028,0.4423,2,0,0
ETHUSDT,2026-09-30 07:00:00+00:00,0.0376,0.0992,37.8788,0.0000,62.1212,0.5620,0.0874,0.0982,0.1236,0.4003,-0.0992,-0.5636,-0.6021,0,7,2,0.0057579800,-1.0000000000,1.3427,1.590000,0.5750,-0.4239,-0.6827,-0.7928,-5.6596,-3.0551,-2.5188,0.6528,3.1423,-2.8434,0.0992,-1,0,1
BTCUSDT,2026-09-30 07:00:00+00:00,-0.0623,0.1124,55.4126,0.0000,44.5874,2.2540,0.0751,0.0748,0.1690,0.3663,-0.4556,-1.3025,-0.6187,0,7,2,0.0100000000,1.0000000000,0.1433,1.460000,0.3616,-0.4268,-0.5727,-0.7316,-102.9364,-54.0044,-1.5662,0.221,1.7752,-1.6885,0.0501,-1,0,1
BTCUSDT,2026-09-30 08:00:00+00:00,-0.0283,0.0407,69.6165,30.3835,0.0000,1.7060,0.0716,0.0688,0.1143,0.4232,-0.1334,-1.3025,-0.6187,0,8,2,0.0033720100,-1.0000000000,0.5300,1.470000,0.2881,-0.0863,-0.2303,-0.3956,-106.0079,-64.4051,-1.0557,0.4865,1.5378,-1.3656,0.3676,1,1,0
ETHUSDT,2026-09-30 08:00:00+00:00,-0.0352,0.0550,63.9456,7.4830,28.5714,0.7070,0.0777,0.0916,0.1975,0.6138,0.3982,-0.5636,-0.6021,0,8,2,0.0061508100,1.0000000000,0.1762,1.600000,0.2059,-0.0253,-0.2631,-0.3834,-5.499,-3.5439,-1.8172,0.9627,2.7681,-2.4416,0.4894,1,1,0
BTCUSDT,2026-09-30 09:00:00+00:00,0.0379,0.0497,76.2712,0.2421,23.4867,0.2430,0.0701,0.0685,0.0685,0.2957,-0.2495,-1.3025,-0.6187,0,9,2,0.0033720100,-1.0000000000,0.4234,1.440000,0.4371,-0.2273,-0.3895,-0.5707,-120.3049,-75.5851,-1.0775,0.2548,1.3268,-1.566,0.1706,-1,1,1
ETHUSDT,2026-09-30 09:00:00+00:00,0.0330,0.0685,48.0874,24.0437,27.8689,0.1480,0.0776,0.0913,0.1496,0.4949,0.2671,-0.5636,-0.6021,0,9,2,0.0061508100,1.0000000000,-0.0209,1.600000,0.2210,-0.0666,-0.2921,-0.4244,-5.4342,-3.922,-1.4763,0.7406,2.2088,-2.501,0.4317,-1,1,1
ETHUSDT,2026-09-30 10:00:00+00:00,0.1105,0.1224,90.2736,8.2067,1.5198,1.0790,0.0761,0.0913,0.0477,0.5796,0.2690,-0.5636,-0.6021,0,10,2,0.0061508100,1.0000000000,-1.1773,1.510000,0.4665,0.5311,0.4,0.2966,-3.7547,-3.8885,-0.3204,1.193,1.52,-1.7528,1.1585,1,1,0
BTCUSDT,2026-09-30 10:00:00+00:00,0.1421,0.1440,98.6711,1.3289,0.0000,2.1800,0.0700,0.0686,-0.0423,0.3495,-0.2096,-1.3025,-0.6187,0,10,2,0.0033720100,-1.0000000000,-0.6853,1.400000,0.4472,0.4463,0.3608,0.2086,-77.8207,-76.0322,-0.123,0.9317,1.059,-0.7703,0.9526,1,1,1
BTCUSDT,2026-09-30 11:00:00+00:00,-0.1669,0.1669,100.0000,0.0000,0.0000,2.9360,0.0721,0.0694,0.0894,0.5621,-0.1135,-1.3025,-0.6187,0,11,2,0.0033720100,-1.0000000000,0.0331,1.380000,0.5259,0.3731,0.3463,0.2197,-42.3003,-69.2858,-0.1275,0.9628,1.0948,-0.75,0.9726,2,1,1
ETHUSDT,2026-09-30 11:00:00+00:00,-0.2290,0.2294,99.8382,0.0000,0.1618,1.5520,0.0761,0.0916,0.1459,0.7457,0.3177,-0.5636,-0.6021,0,11,2,0.0061508100,1.0000000000,0.4935,1.440000,0.6262,0.352,0.2808,0.1973,-2.5924,-3.6293,-0.2335,0.9933,1.2315,-1.8459,1.0681,-1,1,1
ETHUSDT,2026-09-30 12:00:00+00:00,0.0037,0.0768,4.8309,53.1401,42.0290,0.8460,0.0921,0.0932,-0.1207,0.4791,0.0339,-0.5636,-0.6021,0,12,2,0.0061508100,1.0000000000,-0.7751,1.260000,0.5400,0.5323,0.5404,0.4911,-0.9757,-3.0986,-0.0259,1.3333,1.3682,-1.5257,1.3792,1,1,1
BTCUSDT,2026-09-30 12:00:00+00:00,0.0105,0.0643,16.3265,42.1150,41.5584,0.6440,0.0815,0.0705,-0.0152,0.3908,-0.3185,-1.3025,-0.6187,0,12,2,0.0033720100,-1.0000000000,-0.2044,1.290000,0.5617,0.4454,0.4818,0.3878,-1.6562,-55.7599,-0.0256,1.1336,1.1657,-0.5643,1.1551,3,1,1
ETHUSDT,2026-09-30 13:00:00+00:00,-0.0586,0.1557,37.6471,48.2353,14.1176,3.9280,0.0921,0.0932,-0.0818,0.4473,0.0310,-0.5636,-0.6021,0,13,2,0.0061508100,1.0000000000,1.5651,1.240000,0.3497,1.3502,1.5415,1.5824,2.83,-1.9128,0.6793,2.7413,2.0979,-0.3464,2.5247,2,1,0
BTCUSDT,2026-09-30 13:00:00+00:00,-0.0970,0.1507,64.3580,35.5642,0.0778,3.8610,0.0810,0.0705,0.0236,0.3413,-0.2989,-1.3025,-0.6187,0,13,2,0.0033720100,-1.0000000000,0.8617,1.250000,0.4468,1.5567,1.8016,1.8151,132.6098,-18.086,0.896,2.9584,2.1029,-0.1508,2.6449,4,1,0
ETHUSDT,2026-09-30 14:00:00+00:00,-0.0561,0.2289,24.5161,5.6452,69.8387,2.0560,0.0919,0.0932,-0.1734,0.4538,0.0213,-0.5636,-0.6021,0,14,2,0.0061508100,1.0000000000,-1.3803,1.440000,0.4201,0.4709,0.7104,0.7904,4.1123,-0.7078,-0.2172,2.0181,2.2555,-0.9068,1.7722,-1,1,0
BTCUSDT,2026-09-30 14:00:00+00:00,-0.1403,0.2317,60.5612,0.1531,39.2857,2.1350,0.0831,0.0708,-0.1113,0.2918,-0.3590,-1.3025,-0.6187,0,14,2,0.0033720100,-1.0000000000,-2.8854,1.320000,0.4973,0.6015,0.908,0.9727,181.2021,21.7717,-0.0833,2.1874,2.2949,-0.9694,1.8491,-1,1,0
ETHUSDT,2026-09-30 15:00:00+00:00,0.0078,0.1382,5.6757,69.4595,24.8649,1.2940,0.0907,0.0914,-0.3400,0.2818,-0.2823,-0.5636,-0.6021,0,15,2,0.0061508100,1.0000000000,-0.4922,1.510000,0.5041,-0.5275,-0.3793,-0.3231,2.6449,-0.0373,-1.3092,0.9244,2.2292,-2.0527,0.6567,-2,1,1
BTCUSDT,2026-09-30 15:00:00+00:00,-0.0923,0.1396,66.1249,33.7896,0.0855,1.3470,0.0882,0.0704,-0.3937,0.1088,-0.6648,-1.3025,-0.6187,0,15,2,0.0033720100,-1.0000000000,-0.5602,1.320000,0.5300,-0.2798,-0.0367,0.024,153.3186,48.081,-1.0479,1.2463,2.2965,-1.9358,0.9097,-2,1,1
BTCUSDT,2026-09-30 16:00:00+00:00,0.0170,0.0278,61.1111,0.4274,38.4615,0.4570,0.0869,0.0707,-0.3191,0.1333,-0.7952,-0.2815,-1.1693,0,16,2,0.0036751900,1.0000000000,0.5397,1.340000,0.3748,0.1874,0.4328,0.5155,164.123,71.2894,-0.5921,1.7514,2.3572,-1.4132,1.4176,1,2,1
ETHUSDT,2026-09-30 16:00:00+00:00,-0.0239,0.0507,47.0588,30.8824,22.0588,0.6510,0.0872,0.0906,-0.1032,0.3977,-0.4263,0.0277,-0.5598,0,16,2,0.0036783100,-1.0000000000,0.8896,1.510000,0.3695,-0.2892,-0.194,-0.1512,1.8185,0.3339,-1.1207,1.096,2.2164,-1.8841,0.8209,1,2,1
BTCUSDT,2026-09-30 17:00:00+00:00,-0.0463,0.0689,67.1256,6.0241,26.8503,0.4390,0.0863,0.0677,-0.3126,0.0944,-0.5101,-0.2815,-1.1693,0,17,2,0.0036751900,1.0000000000,0.2288,1.330000,0.3958,0.3072,0.5718,0.6835,183.9599,93.8235,-0.4826,1.9511,2.4516,-1.2135,1.6118,2,2,0
ETHUSDT,2026-09-30 17:00:00+00:00,-0.0249,0.0675,36.8132,18.1319,45.0549,0.7580,0.0863,0.0871,-0.1308,0.2855,-0.1270,0.0277,-0.5598,0,17,2,0.0036783100,-1.0000000000,0.6163,1.480000,0.4251,0.1392,0.2443,0.2991,2.1427,0.6956,-0.6753,1.5552,2.2404,-1.4136,1.2789,2,2,0
BTCUSDT,2026-09-30 18:00:00+00:00,-0.0099,0.0906,10.9067,70.4336,18.6597,0.5440,0.0869,0.0672,-0.2619,0.0462,-0.6659,-0.2815,-1.1693,0,18,2,0.0036751900,1.0000000000,-0.2398,1.300000,0.4719,-0.0365,0.1999,0.319,173.6969,109.7982,-0.874,1.5857,2.4684,-1.5717,1.2636,-1,2,0
ETHUSDT,2026-09-30 18:00:00+00:00,-0.0190,0.0958,19.8444,80.1556,0.0000,0.7680,0.0866,0.0867,-0.0971,0.2479,-0.2696,0.0277,-0.5598,0,18,2,0.0036783100,-1.0000000000,-1.4484,1.500000,0.6376,-0.2755,-0.217,-0.1764,1.3368,0.8239,-1.163,1.0782,2.2402,-1.9046,0.8009,-1,2,0
ETHUSDT,2026-09-30 19:00:00+00:00,0.0176,0.1012,17.3432,21.4022,61.2546,0.9440,0.0677,0.0867,-0.0600,-0.0409,-0.2646,0.0277,-0.5598,0,19,2,0.0036783100,-1.0000000000,-0.1895,1.540000,0.5650,-0.2952,-0.2823,-0.2594,0.4908,0.7573,-1.2539,0.9924,2.2433,-1.9998,0.7083,-2,2,0
BTCUSDT,2026-09-30 19:00:00+00:00,-0.0350,0.0969,36.1624,21.4022,42.4354,0.3520,0.0724,0.0671,-0.1315,-0.1965,-0.6302,-0.2815,-1.1693,0,19,2,0.0036751900,1.0000000000,-0.7116,1.310000,0.6437,-0.1216,0.0769,0.1959,155.9467,119.0279,-1.011,1.4582,2.4748,-1.689,1.1496,-2,2,0
BTCUSDT,2026-09-30 20:00:00+00:00,-0.0409,0.1249,32.7586,67.2414,0.0000,1.0110,0.0722,0.0669,-0.0742,-0.1876,-0.7335,-0.2815,-1.1693,0,20,2,0.0036751900,1.0000000000,-0.4370,1.340000,0.4881,-0.4355,-0.3136,-0.2167,112.1271,117.6477,-1.4333,1.0519,2.4805,-2.1184,0.7322,-3,2,1
ETHUSDT,2026-09-30 20:00:00+00:00,-0.0352,0.1016,34.6863,65.3137,0.0000,1.9320,0.0678,0.0862,-0.0502,-0.0226,-0.3576,0.0277,-0.5598,0,20,2,0.0036783100,-1.0000000000,0.1016,1.550000,0.5624,-0.565,-0.6302,-0.6439,-1.0496,0.3959,-1.6733,0.6258,2.2872,-2.4177,0.3014,-3,2,1
ETHUSDT,2026-09-30 21:00:00+00:00,0.0332,0.0645,51.4451,47.9769,0.5780,0.5250,0.0681,0.0857,-0.0615,-0.0667,-0.2580,0.0277,-0.5598,0,21,2,0.0036783100,-1.0000000000,0.2597,1.540000,0.3341,-0.0128,-0.0736,-0.0908,-1.0766,0.1014,-1.124,1.1287,2.2527,-1.8587,0.8456,1,2,1
BTCUSDT,2026-09-30 21:00:00+00:00,0.0607,0.0878,69.2098,30.7902,0.0000,0.2550,0.0724,0.0668,-0.1321,-0.2356,-0.7070,-0.2815,-1.1693,0,21,2,0.0036751900,1.0000000000,0.1180,1.350000,0.5523,-0.2002,-0.1169,-0.0305,88.8345,111.8851,-1.2527,1.2037,2.4558,-1.93,0.9153,1,2,1
BTCUSDT,2026-09-30 22:00:00+00:00,-0.0001,0.0313,0.3817,99.6183,0.0000,0.1520,0.0738,0.0670,-0.0251,-0.1749,-0.6463,-0.2815,-1.1693,0,22,2,0.0036751900,1.0000000000,0.0639,1.370000,0.7949,-0.1297,-0.0717,0.0072,72.1097,103.93,-1.2221,1.2157,2.4377,-1.8913,0.953,2,2,0
ETHUSDT,2026-09-30 22:00:00+00:00,-0.0302,0.0522,57.8571,42.1429,0.0000,0.3230,0.0684,0.0857,-0.0034,-0.0525,-0.2139,0.0277,-0.5598,0,22,2,0.0036783100,-1.0000000000,0.0341,1.540000,0.6484,0.0002,-0.055,-0.0747,-1.0575,-0.1304,-1.1174,1.111,2.2284,-1.8454,0.8586,2,2,1
ETHUSDT,2026-09-30 23:00:00+00:00,0.0849,0.1151,73.7864,13.5922,12.6214,0.3850,0.0662,0.0857,-0.0146,-0.1656,-0.2755,0.0277,-0.5598,0,23,2,0.0036783100,-1.0000000000,-0.1414,1.510000,0.3482,0.1653,0.1378,0.1267,-0.5878,-0.2219,-0.9271,1.2759,2.2069,-1.6351,1.0633,3,2,0
BTCUSDT,2026-09-30 23:00:00+00:00,0.0392,0.0680,57.6450,31.4587,10.8963,0.1730,0.0724,0.0670,-0.0153,-0.2373,-0.6643,-0.2815,-1.1693,0,23,2,0.0036751900,1.0000000000,-0.2614,1.380000,0.4359,-0.1418,-0.1083,-0.0387,55.0175,94.1475,-1.2729,1.1316,2.4028,-1.9396,0.906,-1,2,0
BTCUSDT,2026-10-01 00:00:00+00:00,-0.0718,0.1320,54.3971,32.1850,13.4180,1.5230,0.0727,0.0668,0.0589,-0.2221,-0.5407,-0.2815,-1.1693,0,0,3,0.0053019000,1.0000000000,0.0570,1.390000,0.5385,-0.2642,-0.2698,-0.2181,28.459,81.0098,-1.4585,0.9128,2.3649,-2.1315,0.7195,-2,0,0
ETHUSDT,2026-10-01 00:00:00+00:00,-0.0615,0.1147,53.5714,27.5974,18.8312,0.6760,0.0686,0.0855,0.0527,-0.0919,-0.0776,0.0277,-0.5598,0,0,3,0.0016796500,-1.0000000000,-0.2612,1.510000,0.5131,-0.0121,-0.0388,-0.0517,-0.6,-0.2975,-1.1119,1.0541,2.1653,-1.8188,0.8844,-1,0,1
BTCUSDT,2026-10-01 01:00:00+00:00,0.0017,0.0394,4.2553,80.2432,15.5015,0.3310,0.0734,0.0668,0.0280,-0.3177,-0.6663,-0.2815,-1.1693,0,1,3,0.0053019000,1.0000000000,0.3036,1.420000,0.6817,-0.2597,-0.3002,-0.2676,3.3143,65.4707,-1.5146,0.8275,2.3341,-2.193,0.6596,-3,0,1
ETHUSDT,2026-10-01 01:00:00+00:00,0.0101,0.0552,18.2432,43.2432,38.5135,0.2580,0.0696,0.0855,0.0264,-0.1467,-0.1957,0.0277,-0.5598,0,1,3,0.0016796500,-1.0000000000,0.4203,1.510000,0.5613,0.0136,-0.0089,-0.0217,-0.5405,-0.3461,-1.0863,1.0448,2.1306,-1.7892,0.9132,1,0,1
ETHUSDT,2026-10-01 02:00:00+00:00,0.0926,0.0926,100.0000,0.0000,0.0000,0.3630,0.0685,0.0848,0.0033,-0.0700,-0.3247,0.0277,-0.5598,0,2,3,0.0016796500,-1.0000000000,0.6139,1.490000,0.6600,0.2231,0.2332,0.2341,0.0818,-0.2605,-0.8397,1.2675,2.1117,-1.5191,1.1761,2,0,0
BTCUSDT,2026-10-01 02:00:00+00:00,0.0666,0.0674,98.7567,1.0657,0.1776,0.2690,0.0732,0.0663,-0.0310,-0.2737,-0.7657,-0.2815,-1.1693,0,2,3,0.0053019000,1.0000000000,0.5916,1.430000,0.5044,-0.1522,-0.2097,-0.1903,-11.805,50.0156,-1.4411,0.8729,2.3075,-2.1222,0.7285,1,0,0
BTCUSDT,2026-10-01 03:00:00+00:00,0.0440,0.0549,80.1310,2.6201,17.2489,0.2770,0.0742,0.0660,0.0357,-0.2464,-0.5855,-0.2815,-1.1693,0,3,3,0.0053019000,1.0000000000,0.8464,1.460000,0.5184,-0.1532,-0.2264,-0.2206,-26.1326,34.7859,-1.4376,0.7267,2.1567,-2.1623,0.6895,-1,0,1
ETHUSDT,2026-10-01 03:00:00+00:00,0.0793,0.0797,99.5327,0.4673,0.0000,0.8060,0.0706,0.0848,0.1261,-0.0190,-0.1364,0.0277,-0.5598,0,3,3,0.0016796500,-1.0000000000,0.9390,1.490000,0.6417,0.0962,0.1185,0.1262,0.3475,-0.1389,-0.9153,1.0399,1.9564,-1.6237,1.0743,-1,0,1
ETHUSDT,2026-10-01 04:00:00+00:00,0.0293,0.0404,72.4771,0.0000,27.5229,0.6770,0.0719,0.0849,0.1205,0.0966,-0.1350,0.0277,-0.5598,0,4,3,0.0016796500,-1.0000000000,0.3579,1.450000,0.5592,0.3041,0.3657,0.3939,1.1628,0.1214,-0.6521,1.2576,1.9155,-1.335,1.3554,1,0,1
BTCUSDT,2026-10-01 04:00:00+00:00,0.0346,0.0352,98.3051,1.6949,0.0000,0.7380,0.0750,0.0660,0.0405,-0.1948,-0.5917,-0.2815,-1.1693,0,4,3,0.0053019000,1.0000000000,0.6739,1.480000,0.5109,0.1279,0.079,0.089,-16.1758,24.5936,-1.1072,0.9602,2.0659,-1.843,0.9999,1,0,1
BTCUSDT,2026-10-01 05:00:00+00:00,-0.0043,0.1111,3.8544,4.7109,91.4347,2.7750,0.0753,0.0660,0.1469,-0.1777,-0.5412,-0.2815,-1.1693,0,5,3,0.0053019000,1.0000000000,-0.2598,1.440000,0.2416,0.3931,0.4025,0.4349,16.2197,22.9188,-0.7181,1.1805,1.903,-1.4722,1.3603,2,0,1
ETHUSDT,2026-10-01 05:00:00+00:00,-0.0307,0.0986,31.0861,49.0637,19.8502,0.8690,0.0721,0.0849,0.2113,0.1132,-0.0762,0.0277,-0.5598,0,5,3,0.0016796500,-1.0000000000,0.1926,1.340000,0.2631,0.5371,0.6662,0.731,2.5836,0.6138,-0.3436,1.5544,1.9095,-0.9616,1.7189,2,0,1
BTCUSDT,2026-10-01 06:00:00+00:00,-0.0220,0.0263,83.3333,0.0000,16.6667,0.6490,0.0680,0.0658,0.1409,-0.3307,-0.6110,-0.2815,-1.1693,0,6,3,0.0053019000,1.0000000000,0.3587,1.390000,0.2347,0.4792,0.553,0.6156,55.3043,29.3959,-0.5555,1.3685,1.9318,-1.2625,1.5642,3,0,0
ETHUSDT,2026-10-01 06:00:00+00:00,-0.0383,0.0622,61.5385,2.9586,35.5030,1.4300,0.0671,0.0845,0.1705,-0.0524,-0.2065,0.0277,-0.5598,0,6,3,0.0016796500,-1.0000000000,1.6756,1.340000,0.4394,0.7198,0.9348,1.0501,4.4571,1.3825,-0.1143,1.9569,2.0904,-0.5936,2.0771,3,0,0
ETHUSDT,2026-10-01 07:00:00+00:00,-0.0759,0.0932,81.4229,18.1818,0.3953,0.7690,0.0674,0.0845,0.0396,-0.1030,-0.2761,0.0277,-0.5598,0,7,3,0.0016796500,-1.0000000000,0.5243,1.410000,0.2040,0.4645,0.7237,0.8757,5.5709,2.2202,-0.3516,1.8284,2.1963,-0.7345,1.9399,-1,0,0
BTCUSDT,2026-10-01 07:00:00+00:00,-0.0523,0.0617,84.7784,15.2216,0.0000,0.7580,0.0678,0.0658,0.0523,-0.3631,-0.6334,-0.2815,-1.1693,0,7,3,0.0053019000,1.0000000000,-0.3439,1.450000,0.4270,0.1934,0.287,0.3636,69.3016,37.3771,-0.8119,1.1136,1.9284,-1.5041,1.3293,-1,0,0
BTCUSDT,2026-10-01 08:00:00+00:00,0.0580,0.0981,59.1687,37.6528,3.1785,0.9790,0.0675,0.0659,-0.0440,-0.3531,-0.6443,-0.2815,-1.1693,0,8,3,0.0021072200,-1.0000000000,-0.4056,1.520000,0.4185,-0.4267,-0.3991,-0.3477,31.0168,36.105,-1.5505,0.4532,1.9928,-2.2432,0.4904,-2,1,1
ETHUSDT,2026-10-01 08:00:00+00:00,0.0579,0.1319,43.9093,49.0085,7.0822,2.6190,0.0682,0.0847,-0.1156,-0.2165,-0.3032,0.0277,-0.5598,0,8,3,0.0080503000,1.0000000000,-3.8035,1.540000,0.4790,-0.6517,-0.502,-0.3826,3.6352,2.5032,-1.6268,0.6232,2.2388,-2.0291,0.3795,-2,1,1
ETHUSDT,2026-10-01 09:00:00+00:00,0.0302,0.0741,40.7035,36.1809,23.1156,0.9520,0.0693,0.0848,-0.0870,-0.1234,-0.2260,0.0277,-0.5598,0,9,3,0.0080503000,1.0000000000,1.9688,1.470000,0.6568,-0.2442,-0.1418,-0.0356,2.8151,2.5656,-1.0026,0.8453,1.8465,-1.6778,0.7224,1,1,0
BTCUSDT,2026-10-01 09:00:00+00:00,0.0114,0.0528,21.5420,78.4580,0.0000,0.7780,0.0690,0.0661,-0.0206,-0.2668,-0.5788,-0.2815,-1.1693,0,9,3,0.0021072200,-1.0000000000,0.5092,1.480000,0.5345,-0.2358,-0.243,-0.2075,9.4192,30.7678,-1.0428,0.4051,1.4432,-2.109,0.621,1,1,1
BTCUSDT,2026-10-01 10:00:00+00:00,-0.0845,0.1604,52.7178,23.9017,23.3805,0.9570,0.0684,0.0659,-0.0049,-0.2933,-0.6244,-0.2815,-1.1693,0,10,3,0.0021072200,-1.0000000000,-0.4691,1.470000,0.2947,-0.0584,-0.0729,-0.043,3.2316,25.2606,-0.73,0.5146,1.2432,-1.9431,0.3545,2,1,1
ETHUSDT,2026-10-01 10:00:00+00:00,-0.1279,0.2067,61.8705,18.1655,19.9640,1.3470,0.0692,0.0843,-0.0261,-0.1262,-0.3191,0.0277,-0.5598,0,10,3,0.0080503000,1.0000000000,-0.6778,1.470000,0.3481,-0.2028,-0.1374,-0.0431,2.1205,2.4766,-0.9185,0.8199,1.7375,-1.6873,0.7132,-1,1,1
ETHUSDT,2026-10-01 11:00:00+00:00,-0.1599,0.1603,99.7691,0.2309,0.0000,0.9370,0.0690,0.0846,-0.1157,-0.3646,-0.5125,0.0277,-0.5598,0,11,3,0.0080503000,1.0000000000,-0.2705,1.410000,0.3967,0.1353,0.2131,0.3154,2.3507,2.4514,-0.5701,1.1415,1.7165,-1.3098,1.0817,1,1,1
BTCUSDT,2026-10-01 11:00:00+00:00,-0.1202,0.1202,100.0000,0.0000,0.0000,1.5430,0.0618,0.0659,-0.0674,-0.5199,-0.7790,-0.2815,-1.1693,0,11,3,0.0021072200,-1.0000000000,0.3244,1.470000,0.3142,0.1101,0.112,0.1471,11.4535,22.4992,-0.5414,0.6994,1.2418,-1.7434,0.5497,3,1,1
ETHUSDT,2026-10-01 12:00:00+00:00,0.0543,0.0780,69.6682,30.3318,0.0000,0.8210,0.0610,0.0848,-0.1997,-0.2955,-0.8069,0.0277,-0.5598,0,12,3,0.0080503000,1.0000000000,0.4318,1.300000,0.4622,0.4102,0.5365,0.665,3.3203,2.6252,-0.2735,1.5046,1.7892,-0.9269,1.4556,2,1,0
BTCUSDT,2026-10-01 12:00:00+00:00,0.0814,0.0817,99.7080,0.1460,0.1460,0.5520,0.0578,0.0662,-0.1353,-0.4732,-0.9844,-0.2815,-1.1693,0,12,3,0.0021072200,-1.0000000000,0.1876,1.470000,0.2222,0.1929,0.2209,0.2671,26.5476,23.3089,-0.38,0.8195,1.2021,-1.6099,0.6802,4,1,0
ETHUSDT,2026-10-01 13:00:00+00:00,-0.0487,0.2188,22.2411,23.7691,53.9898,2.1110,0.0624,0.0845,-0.2033,-0.2449,-0.6339,0.0277,-0.5598,0,13,3,0.0080503000,1.0000000000,-0.0671,1.300000,0.3866,-0.1623,-0.0688,0.0514,2.7211,2.6443,-0.8819,0.9028,1.7849,-1.5482,0.849,-1,1,0
BTCUSDT,2026-10-01 13:00:00+00:00,-0.1137,0.1368,83.1441,7.9476,8.9083,1.5330,0.0610,0.0661,-0.1119,-0.4023,-0.7966,-0.2815,-1.1693,0,13,3,0.0021072200,-1.0000000000,-0.0973,1.410000,0.5963,-0.171,-0.1688,-0.1338,10.8925,20.8256,-0.6833,0.3897,1.0714,-2.024,0.2755,-1,1,1
ETHUSDT,2026-10-01 14:00:00+00:00,-0.3876,0.5779,67.0732,6.6110,26.3158,8.8450,0.0621,0.0842,-0.2822,-0.2350,-0.7819,0.0277,-0.5598,0,14,3,0.0080503000,1.0000000000,-1.2296,1.400000,0.5987,-0.2703,-0.2221,-0.119,1.8449,2.4844,-1.0575,0.7101,1.7646,-1.1666,0.6751,-2,1,1
BTCUSDT,2026-10-01 14:00:00+00:00,-0.3064,0.4820,63.5757,5.3412,31.0831,8.0120,0.0620,0.0662,-0.2370,-0.4190,-0.9916,-0.2815,-1.1693,0,14,3,0.0021072200,-1.0000000000,1.6718,1.400000,0.4784,-0.1047,-0.117,-0.09,1.1754,16.8956,-0.6064,0.4336,1.0391,-1.1462,0.3154,1,1,1
BTCUSDT,2026-10-01 15:00:00+00:00,-0.0577,0.1140,50.6263,49.2693,0.1044,0.6830,0.0815,0.0700,-0.4589,-0.5851,-1.2361,-0.2815,-1.1693,0,15,3,0.0021072200,-1.0000000000,0.0884,1.370000,0.5389,0.2266,0.2464,0.2862,19.5067,17.4178,-0.231,0.824,1.0581,-0.4205,0.7017,2,1,1
ETHUSDT,2026-10-01 15:00:00+00:00,-0.0673,0.1231,54.6828,44.7130,0.6042,0.6220,0.0976,0.0891,-0.5419,-0.5665,-1.1129,0.0277,-0.5598,0,15,3,0.0080503000,1.0000000000,0.2321,1.530000,0.6792,-0.1715,-0.1511,-0.0606,1.257,2.239,-0.9959,0.728,1.7216,-1.1102,0.7305,1,1,0
BTCUSDT,2026-10-01 16:00:00+00:00,-0.0025,0.0779,3.2061,52.9771,43.8168,0.5850,0.0806,0.0701,-0.3964,-0.5505,-1.3006,1.2093,-0.3901,1,16,3,0.0062504900,1.0000000000,0.5037,1.300000,0.5582,0.3368,0.4008,0.4617,46.7292,23.2801,-0.1019,1.0122,1.1192,-0.2248,0.8953,3,2,1
ETHUSDT,2026-10-01 16:00:00+00:00,0.0276,0.1052,26.2411,30.1418,43.6170,0.4350,0.0977,0.0888,-0.4493,-0.6416,-1.2826,0.2295,-0.3078,1,16,3,0.0040266100,-1.0000000000,-0.0395,1.530000,0.4223,-0.2866,-0.3071,-0.2375,0.3833,1.8678,-1.1311,0.4352,1.5609,-1.2986,0.5455,-1,2,0
ETHUSDT,2026-10-01 17:00:00+00:00,0.0672,0.0866,77.5862,21.9828,0.4310,0.4950,0.0983,0.0881,-0.4760,-0.5901,-1.0984,0.2295,-0.3078,1,17,3,0.0040266100,-1.0000000000,-0.3244,1.360000,0.4170,-0.2688,-0.3241,-0.2756,-0.4109,1.4121,-1.1831,0.3934,1.5703,-1.3485,0.4965,-2,2,1
BTCUSDT,2026-10-01 17:00:00+00:00,0.0251,0.0409,61.3372,15.1163,23.5465,0.5540,0.0803,0.0696,-0.4803,-0.5700,-1.1883,1.2093,-0.3901,1,17,3,0.0062504900,1.0000000000,-0.2109,1.210000,0.6648,0.3256,0.4281,0.511,72.2553,33.0751,-0.105,1.0956,1.2066,-0.1542,0.9651,4,2,1
ETHUSDT,2026-10-01 18:00:00+00:00,-0.1733,0.1737,99.7868,0.2132,0.0000,1.5330,0.1000,0.0882,-0.3601,-0.4980,-0.9832,0.2295,-0.3078,1,18,3,0.0040266100,-1.0000000000,0.8096,1.340000,0.4458,0.213,0.192,0.2493,0.1186,1.1534,-0.6538,0.8884,1.544,-0.8078,1.0274,1,2,1
BTCUSDT,2026-10-01 18:00:00+00:00,-0.1389,0.1646,84.3951,0.0000,15.6049,1.6210,0.0807,0.0696,-0.3415,-0.4986,-1.1025,1.2093,-0.3901,1,18,3,0.0062504900,1.0000000000,1.9925,1.200000,0.3999,0.7797,0.9786,1.1134,135.4492,53.5499,0.3071,1.8583,1.5682,-0.1391,1.6099,5,2,0
ETHUSDT,2026-10-01 19:00:00+00:00,-0.0452,0.0748,60.3960,25.2475,14.3564,0.7700,0.1046,0.0888,-0.1458,-0.6523,-1.0493,0.2295,-0.3078,1,19,3,0.0040266100,-1.0000000000,-0.3068,1.340000,0.3751,0.2612,0.2778,0.3485,0.7771,1.0781,-0.5614,0.9854,1.55,-0.6931,1.14,2,2,1
BTCUSDT,2026-10-01 19:00:00+00:00,-0.0442,0.0730,60.5816,39.4184,0.0000,1.2370,0.0840,0.0697,-0.1740,-0.6276,-1.1181,1.2093,-0.3901,1,19,3,0.0062504900,1.0000000000,-0.1576,1.180000,0.5791,0.6071,0.8707,1.0497,181.9965,79.2392,0.1024,1.8979,1.8137,-0.1602,1.5893,-1,2,0
BTCUSDT,2026-10-01 20:00:00+00:00,0.1116,0.1223,91.2077,8.6957,0.0966,0.7670,0.0841,0.0695,-0.1605,-0.6368,-1.0712,1.2093,-0.3901,1,20,3,0.0062504900,1.0000000000,-0.0765,1.180000,0.3964,0.4815,0.7868,1.0035,216.0322,106.5978,-0.0498,1.898,1.966,-0.1655,1.5841,-2,2,0
ETHUSDT,2026-10-01 20:00:00+00:00,0.0989,0.1445,68.4615,18.2051,13.3333,0.5670,0.1042,0.0884,-0.1237,-0.7151,-0.9688,0.2295,-0.3078,1,20,3,0.0040266100,-1.0000000000,-0.5085,1.330000,0.3648,0.3268,0.3864,0.4762,1.6024,1.183,-0.4462,1.0943,1.5454,-0.5444,1.286,3,2,0
BTCUSDT,2026-10-01 21:00:00+00:00,0.0001,0.0002,50.0000,50.0000,0.0000,0.0640,0.0884,0.0698,-0.0464,-0.4843,-0.8779,1.2093,-0.3901,1,21,3,0.0062504900,1.0000000000,-0.3072,1.170000,0.2716,0.2589,0.5722,0.8133,229.5311,131.1845,-0.2944,1.6963,2.0048,-0.3244,1.4279,-3,2,1
ETHUSDT,2026-10-01 21:00:00+00:00,-0.0004,0.0174,2.1277,21.2766,76.5957,0.0420,0.1073,0.0884,-0.0524,-0.5810,-0.7679,0.2295,-0.3078,1,21,3,0.0040266100,-1.0000000000,-0.1143,1.330000,0.5143,0.1172,0.1874,0.2846,1.8414,1.3147,-0.6375,0.8753,1.5146,-0.7263,0.7975,-1,2,0
ETHUSDT,2026-10-01 22:00:00+00:00,0.1586,0.2121,74.7811,14.8862,10.3327,0.7420,0.1068,0.0884,-0.1200,-0.6146,-0.8133,0.2295,-0.3078,1,22,3,0.0040266100,-1.0000000000,-0.5612,1.320000,0.6462,0.0611,0.1334,0.2343,1.92,1.4357,-0.687,0.8241,1.5122,-0.7674,0.757,-2,2,1
BTCUSDT,2026-10-01 22:00:00+00:00,0.1163,0.1278,91.0185,4.4444,4.5370,0.3660,0.0869,0.0698,-0.0714,-0.5449,-0.8572,1.2093,-0.3901,1,22,3,0.0062504900,1.0000000000,-0.4614,1.170000,0.5409,0.224,0.5393,0.8015,238.9193,152.7314,-0.3506,1.6673,2.0313,-0.3032,1.4488,1,2,1
BTCUSDT,2026-10-01 23:00:00+00:00,-0.0732,0.0862,84.9315,0.0000,15.0685,0.2090,0.0912,0.0701,0.1838,-0.4285,-0.6517,1.2093,-0.3901,1,23,3,0.0062504900,1.0000000000,0.0724,1.170000,0.6274,0.2242,0.5413,0.8239,247.3651,171.6582,-0.3615,1.6538,2.0284,-0.2465,1.5044,2,2,1
ETHUSDT,2026-10-01 23:00:00+00:00,-0.0429,0.0733,58.5859,7.5758,33.8384,0.2320,0.1129,0.0892,0.2119,-0.4258,-0.6238,0.2295,-0.3078,1,23,3,0.0040266100,-1.0000000000,0.3540,1.300000,0.3644,0.1786,0.2685,0.3806,2.3091,1.6104,-0.5454,0.9611,1.5097,-0.604,0.918,1,2,1
BTCUSDT,2026-10-02 00:00:00+00:00,-0.0534,0.0803,66.5198,0.1468,33.3333,0.3900,0.0910,0.0703,0.1548,-0.5409,-0.7570,1.2093,-0.3901,1,0,4,0.0003218100,-1.0000000000,0.0736,1.160000,0.6718,0.3125,0.6429,0.9505,262.443,189.8151,-0.2958,1.7973,2.109,-0.0794,1.6687,3,0,0
ETHUSDT,2026-10-02 00:00:00+00:00,-0.0418,0.0706,59.1623,0.5236,40.3141,0.3240,0.1109,0.0892,0.2142,-0.5536,-0.7028,0.2295,-0.3078,1,0,4,0.0014869700,-1.0000000000,0.4260,1.270000,0.5588,0.2412,0.3558,0.4835,2.8532,1.859,-0.45,1.082,1.5369,-0.4801,1.04,2,0,1
ETHUSDT,2026-10-02 01:00:00+00:00,-0.0469,0.0779,60.1896,10.4265,29.3839,0.2250,0.1107,0.0893,0.0735,-0.5339,-0.7591,0.2295,-0.3078,1,1,4,0.0014869700,-1.0000000000,0.6877,1.240000,0.4292,0.2472,0.385,0.5296,3.3938,2.1659,-0.3809,1.149,1.5358,-0.4117,1.1073,3,0,1
BTCUSDT,2026-10-02 01:00:00+00:00,-0.0353,0.0716,49.2586,6.9193,43.8221,0.1090,0.0907,0.0703,-0.0102,-0.5225,-0.8326,1.2093,-0.3901,1,1,4,0.0003218100,-1.0000000000,0.5261,1.150000,0.6049,0.1784,0.5033,0.8277,265.1947,204.891,-0.4616,1.7076,2.1829,-0.1693,1.5803,-1,0,1
ETHUSDT,2026-10-02 02:00:00+00:00,0.0041,0.1024,3.9568,25.5396,70.5036,1.0530,0.1106,0.0892,0.0270,-0.5909,-0.8651,0.2295,-0.3078,1,2,4,0.0014869700,-1.0000000000,0.6155,1.240000,0.4517,0.4644,0.6526,0.8281,4.5022,2.6332,-0.0367,1.4741,1.5217,-0.0762,1.4377,4,0,1
BTCUSDT,2026-10-02 02:00:00+00:00,0.0382,0.0958,39.8524,0.0000,60.1476,0.4970,0.0906,0.0702,-0.0456,-0.5595,-0.9202,1.2093,-0.3901,1,2,4,0.0003218100,-1.0000000000,0.4671,1.110000,0.5059,0.3155,0.6533,1.0014,278.9825,219.7093,-0.3434,1.9413,2.3032,0.0,1.7933,1,0,1
BTCUSDT,2026-10-02 03:00:00+00:00,0.0671,0.0671,100.0000,0.0000,0.0000,2.5190,0.0896,0.0703,-0.1237,-0.5879,-0.8425,1.2093,-0.3901,1,3,4,0.0003218100,-1.0000000000,0.8520,1.110000,0.6326,0.5332,0.9119,1.2971,310.5373,237.8749,-0.1576,2.3174,2.502,0.0,2.1391,2,0,1
ETHUSDT,2026-10-02 03:00:00+00:00,0.0467,0.0673,69.3989,15.8470,14.7541,0.9410,0.1081,0.0892,-0.1275,-0.6794,-0.8651,0.2295,-0.3078,1,3,4,0.0014869700,-1.0000000000,2.0308,1.160000,0.5819,0.5585,0.8053,1.0194,5.8291,3.2724,0.1147,1.7551,1.6559,-0.0107,1.6691,5,0,0
BTCUSDT,2026-10-02 04:00:00+00:00,0.0979,0.1072,91.3755,8.5153,0.1092,2.7720,0.0904,0.0705,0.0166,-0.5648,-0.7503,1.2093,-0.3901,1,4,4,0.0003218100,-1.0000000000,2.1120,1.040000,0.5616,0.7527,1.1982,1.635,359.6969,262.2393,0.0574,2.6655,2.6441,-0.0091,2.5402,3,0,1
ETHUSDT,2026-10-02 04:00:00+00:00,0.0368,0.0894,41.1523,14.8148,44.0329,0.8050,0.1069,0.0891,-0.0379,-0.7120,-0.7496,0.2295,-0.3078,1,4,4,0.0014869700,-1.0000000000,0.6127,1.060000,0.5610,0.3871,0.6645,0.9081,6.6394,3.9458,-0.058,1.6262,1.6974,-0.0857,1.5954,-1,0,1
ETHUSDT,2026-10-02 05:00:00+00:00,-0.0357,0.0788,45.3704,3.7037,50.9259,0.8110,0.1071,0.0891,0.0407,-0.7045,-0.6530,0.2295,-0.3078,1,5,4,0.0014869700,-1.0000000000,2.5186,1.110000,0.4300,0.9308,1.3079,1.6145,8.9026,4.9371,0.4047,2.5142,2.1408,-0.0387,2.3624,1,0,0
BTCUSDT,2026-10-02 05:00:00+00:00,-0.0227,0.0949,23.9659,15.9367,60.0973,1.6100,0.0930,0.0709,0.1679,-0.5015,-0.6276,1.2093,-0.3901,1,5,4,0.0003218100,-1.0000000000,0.2722,1.040000,0.4391,1.5674,2.1812,2.7197,478.0972,305.4109,0.7545,4.0126,3.3376,-0.0379,3.725,4,0,0
ETHUSDT,2026-10-02 06:00:00+00:00,0.0989,0.1317,75.1397,17.0391,7.8212,1.9130,0.1071,0.0889,0.0519,-0.7095,-0.7660,0.2295,-0.3078,1,6,4,0.0014869700,-1.0000000000,0.2254,1.110000,0.4793,0.2063,0.5796,0.9091,9.0993,5.7696,-0.3627,1.8127,2.1913,-0.7182,1.6991,-1,0,1
BTCUSDT,2026-10-02 06:00:00+00:00,0.0946,0.1423,66.4759,0.0000,33.5241,0.8250,0.0929,0.0709,0.1805,-0.5199,-0.6830,1.2093,-0.3901,1,6,4,0.0003218100,-1.0000000000,-0.7243,1.030000,0.3764,0.7457,1.4089,2.0098,521.1071,348.5501,-0.1237,3.3547,3.5355,-0.6836,3.1036,-1,0,0
BTCUSDT,2026-10-02 07:00:00+00:00,-0.0149,0.0969,15.3661,27.6110,57.0228,1.0390,0.0958,0.0712,0.2369,-0.4033,-0.5639,1.2093,-0.3901,1,7,4,0.0003218100,-1.0000000000,-0.2433,1.030000,0.7184,0.4929,1.1639,1.8082,539.9234,386.8248,-0.4331,3.1634,3.6462,-0.8149,2.9772,-2,0,1
ETHUSDT,2026-10-02 07:00:00+00:00,-0.0422,0.1114,37.8289,1.6447,60.5263,0.7550,0.1101,0.0892,0.1467,-0.5723,-0.6249,0.2295,-0.3078,1,7,4,0.0014869700,-1.0000000000,1.7384,1.100000,0.4717,0.3067,0.6873,1.0424,9.5359,6.5228,-0.3034,1.9947,2.3176,-0.5395,1.8736,1,0,1
BTCUSDT,2026-10-02 08:00:00+00:00,0.0201,0.0908,22.1228,36.1893,41.6880,1.5500,0.0955,0.0712,0.1549,-0.3659,-0.5739,1.2093,-0.3901,1,8,4,0.0070967100,1.0000000000,-0.4587,1.030000,0.6304,0.5435,1.2265,1.914,561.3797,421.7358,-0.4351,3.2855,3.7744,-0.626,3.159,1,1,1
ETHUSDT,2026-10-02 08:00:00+00:00,-0.0015,0.1063,1.3746,77.3196,21.3058,1.0790,0.1097,0.0893,0.0578,-0.5386,-0.6656,0.2295,-0.3078,1,8,4,0.0075329200,1.0000000000,0.7023,1.040000,0.6636,0.5304,0.9475,1.3413,10.5494,7.3281,-0.1133,2.4043,2.5467,-0.1801,2.2243,2,1,1
ETHUSDT,2026-10-02 09:00:00+00:00,-0.0745,0.1170,63.6646,31.3665,4.9689,0.9610,0.1085,0.0888,0.0195,-0.5980,-0.7757,0.2295,-0.3078,1,9,4,0.0075329200,1.0000000000,0.5840,1.080000,0.4738,0.8167,1.3053,1.7561,12.3049,8.3235,0.1115,2.9363,2.8685,-0.1113,2.5922,3,1,0
BTCUSDT,2026-10-02 09:00:00+00:00,-0.0471,0.0644,73.1532,26.8468,0.0000,0.3640,0.0946,0.0709,0.0771,-0.4038,-0.6489,1.2093,-0.3901,1,9,4,0.0070967100,1.0000000000,0.0943,1.030000,0.6189,0.5007,1.1894,1.917,577.4885,452.8863,-0.4834,3.1998,3.7339,-0.5427,3.079,2,1,1
BTCUSDT,2026-10-02 10:00:00+00:00,0.0540,0.0778,69.3452,23.2143,7.4405,0.9630,0.0946,0.0708,0.0527,-0.4623,-0.7483,1.2093,-0.3901,1,10,4,0.0070967100,1.0000000000,0.0000,1.030000,0.5194,0.5936,1.2991,2.0704,600.2405,482.3572,-0.3752,3.2533,3.6814,-0.2988,3.314,3,1,0
ETHUSDT,2026-10-02 10:00:00+00:00,0.0226,0.0546,41.3333,58.0000,0.6667,0.2820,0.1083,0.0889,-0.0193,-0.7027,-0.9075,0.2295,-0.3078,1,10,4,0.0075329200,1.0000000000,0.0000,1.100000,0.4624,0.5473,1.0668,1.5611,13.2473,9.3083,-0.2024,2.765,3.006,-0.245,2.462,-1,1,0
BTCUSDT,2026-10-02 11:00:00+00:00,-0.0363,0.0827,43.8990,56.1010,0.0000,0.2140,0.0946,0.0706,0.0121,-0.3238,-0.5999,1.2093,-0.3901,1,11,4,0.0070967100,1.0000000000,0.0000,1.030000,0.4593,0.337,1.0254,1.8261,599.2999,505.7457,-0.6486,2.9226,3.6123,-0.4727,3.1464,-1,1,1
ETHUSDT,2026-10-02 11:00:00+00:00,-0.0547,0.0974,56.1798,43.0712,0.7491,0.3900,0.1067,0.0879,-0.0956,-0.5522,-0.7125,0.2295,-0.3078,1,11,4,0.0075329200,1.0000000000,0.0000,1.100000,0.6315,0.2634,0.7726,1.2925,13.3553,10.1177,-0.5303,2.4648,3.0243,-0.4649,2.2481,-2,1,1
BTCUSDT,2026-10-02 12:00:00+00:00,-0.0995,0.0995,100.0000,0.0000,0.0000,0.7790,0.0921,0.0706,-0.0093,-0.2399,-0.6573,1.2093,-0.3901,1,12,4,0.0070967100,1.0000000000,,0.990000,0.2541,0.3244,0.9941,1.8193,596.4638,523.8893,-0.674,2.8339,3.5462,-0.4036,3.213,1,1,1
ETHUSDT,2026-10-02 12:00:00+00:00,-0.0831,0.1082,76.7677,5.7239,17.5084,0.8850,0.1031,0.0880,-0.1081,-0.4470,-0.8015,0.2295,-0.3078,1,12,4,0.0075329200,1.0000000000,,1.130000,0.2901,0.2753,0.7753,1.3186,13.4648,10.7871,-0.5253,2.3988,2.9517,-0.3836,2.3273,1,1,1
ETHUSDT,2026-10-02 13:00:00+00:00,0.0258,0.0970,26.5918,1.8727,71.5356,0.8260,0.1027,0.0879,-0.1897,-0.5844,-0.9778,0.2295,-0.3078,1,13,4,0.0075329200,1.0000000000,,1.110000,0.4354,0.5582,1.087,1.6686,14.3281,11.4953,-0.2154,2.6608,2.9117,-0.0018,2.7411,2,1,0
BTCUSDT,2026-10-02 13:00:00+00:00,0.0543,0.1162,46.7262,0.1984,53.0754,0.8050,0.0918,0.0706,-0.1289,-0.4208,-0.8540,1.2093,-0.3901,1,13,4,0.0070967100,1.0000000000,,0.980000,0.4903,0.747,1.4539,2.3246,629.7795,545.0674,-0.2427,3.3092,3.6072,-0.0002,3.8046,2,1,0
ETHUSDT,2026-10-02 14:00:00+00:00,0.0434,0.1458,29.7500,11.5000,58.7500,1.0520,0.1031,0.0854,-0.0894,-0.5099,-0.6785,0.2295,-0.3078,1,14,4,0.0075329200,1.0000000000,,1.110000,0.4777,0.1611,0.6655,1.2641,14.0554,12.0073,-0.6455,2.2017,2.8696,-0.3607,2.392,-1,1,0
BTCUSDT,2026-10-02 14:00:00+00:00,0.0339,0.1092,31.0053,0.1058,68.8889,1.1200,0.0906,0.0698,-0.0275,-0.2528,-0.6482,1.2093,-0.3901,1,14,4,0.0070967100,1.0000000000,,0.970000,0.3658,0.3591,1.0526,1.9515,627.9638,561.6467,-0.6804,2.9454,3.6674,-0.3006,3.5156,-1,1,0
ETHUSDT,2026-10-02 15:00:00+00:00,0.0395,0.1396,28.3069,19.5767,52.1164,3.4490,0.0699,0.0855,-0.0686,-0.0789,-0.6136,0.2295,-0.3078,1,15,4,0.0075329200,1.0000000000,,1.350000,0.4974,-0.9058,-0.5649,-0.0145,10.8816,11.7822,-1.9276,0.8714,2.7843,-1.6609,1.1275,-2,1,0
BTCUSDT,2026-10-02 15:00:00+00:00,-0.0274,0.1193,22.9941,61.1546,15.8513,1.9760,0.0666,0.0697,-0.0476,0.0875,-0.6665,1.2093,-0.3901,1,15,4,0.0070967100,1.0000000000,,1.000000,0.5806,-0.5773,-0.0187,0.8533,545.3007,558.3775,-1.7671,1.7818,3.5492,-1.3884,1.9425,-2,1,0
BTCUSDT,2026-10-02 16:00:00+00:00,0.1172,0.1610,72.8332,11.1435,16.0233,3.1570,0.0657,0.0697,-0.0387,0.1178,-0.6966,0.0231,0.9477,0,16,4,0.0046273900,-1.0000000000,,1.050000,0.3004,-0.6823,-0.2661,0.5588,455.6552,537.833,-2.0238,1.4112,3.4245,-1.6662,1.5153,-3,2,0
ETHUSDT,2026-10-02 16:00:00+00:00,0.1487,0.2062,72.1223,11.3309,16.5468,2.5350,0.0691,0.0855,0.0256,0.0279,-0.5960,0.0388,0.2961,1,16,4,0.0021334700,-1.0000000000,,1.450000,0.5129,-1.0042,-0.8301,-0.3466,7.5251,10.9308,-2.2858,0.5409,2.8023,-2.0129,0.7852,-3,2,0
ETHUSDT,2026-10-02 17:00:00+00:00,0.0391,0.0848,46.0526,3.0702,50.8772,0.5670,0.0750,0.0851,0.2574,0.1490,-0.6301,0.0388,0.2961,1,17,4,0.0021334700,-1.0000000000,,1.520000,0.5788,-1.1095,-1.1019,-0.6983,3.9968,9.544,-2.7018,0.22,2.886,-2.3993,0.4093,-4,2,0
BTCUSDT,2026-10-02 17:00:00+00:00,0.0381,0.0729,52.1739,0.0000,47.8261,0.3100,0.0694,0.0698,0.1780,0.2375,-0.6928,0.0231,0.9477,0,17,4,0.0046273900,-1.0000000000,,1.130000,0.7152,-0.7617,-0.4863,0.2808,362.0155,502.6695,-2.2556,1.0369,3.2725,-1.9388,1.1823,-4,2,0
ETHUSDT,2026-10-02 18:00:00+00:00,0.1040,0.2035,51.0989,39.5604,9.3407,1.3340,0.0742,0.0839,0.2707,0.1209,-0.7748,0.0388,0.2961,1,18,4,0.0021334700,-1.0000000000,,1.600000,0.5109,-1.0047,-1.1348,-0.811,0.8765,7.8105,-2.8919,0.1546,3.0053,-2.5476,0.1229,-5,2,0
BTCUSDT,2026-10-02 18:00:00+00:00,0.0704,0.1432,49.1763,40.8567,9.9671,1.0850,0.0696,0.0694,0.1618,0.2505,-0.7548,0.0231,0.9477,0,18,4,0.0046273900,-1.0000000000,,1.160000,0.5405,-0.9477,-0.8254,-0.1322,256.1347,453.3626,-2.6621,0.5744,3.2031,-2.3665,0.3676,-5,2,0
ETHUSDT,2026-10-02 19:00:00+00:00,0.1374,0.1550,88.6199,11.1380,0.2421,1.2400,0.0668,0.0838,0.3313,0.3982,-0.7967,0.0388,0.2961,1,19,4,0.0021334700,-1.0000000000,,1.640000,0.6730,-1.3697,-1.6755,-1.4575,-3.0682,5.6347,-3.7663,-0.2663,3.4308,-3.2658,0.1376,-6,2,0
BTCUSDT,2026-10-02 19:00:00+00:00,0.0552,0.0682,81.0105,1.3937,17.5958,0.5860,0.0631,0.0691,0.1983,0.4598,-0.7869,0.0231,0.9477,0,19,4,0.0046273900,-1.0000000000,,1.170000,0.6877,-1.2806,-1.3434,-0.7495,126.769,388.0438,-3.3832,0.0337,3.3606,-3.0288,0.0672,-6,2,1
ETHUSDT,2026-10-02 20:00:00+00:00,0.0026,0.0930,2.8226,75.8065,21.3710,0.7460,0.0697,0.0841,0.4292,0.5808,-0.5616,0.0388,0.2961,1,20,4,0.0021334700,-1.0000000000,,1.670000,0.5421,-1.1192,-1.5499,-1.4285,-6.1853,3.2707,-3.9247,-0.0269,3.8222,-3.2956,0.1088,-7,2,0
BTCUSDT,2026-10-02 20:00:00+00:00,0.0907,0.0914,99.2208,0.6494,0.1299,1.4760,0.0621,0.0693,0.2809,0.5592,-0.6974,0.0231,0.9477,0,20,4,0.0046273900,-1.0000000000,,1.200000,0.6511,-0.9618,-1.1499,-0.6452,29.1785,316.2708,-3.3577,0.2202,3.5226,-2.9491,0.1445,1,2,1
ETHUSDT,2026-10-02 21:00:00+00:00,0.1616,0.1887,85.6574,0.0000,14.3426,0.5540,0.0680,0.0841,0.2831,0.4845,-0.5590,0.0388,0.2961,1,21,4,0.0021334700,-1.0000000000,,1.710000,0.6543,-0.9609,-1.4838,-1.4515,-8.7293,0.8707,-4.1201,0.1582,4.1952,-3.3794,0.1884,-8,2,1
BTCUSDT,2026-10-02 21:00:00+00:00,0.0737,0.1024,71.9907,0.0000,28.0093,0.5070,0.0610,0.0696,0.2544,0.5383,-0.5926,0.0231,0.9477,0,21,4,0.0046273900,-1.0000000000,,1.210000,0.4875,-0.6376,-0.8954,-0.4621,-36.6212,245.6924,-3.2148,0.438,3.6028,-2.7811,0.3074,2,2,1
BTCUSDT,2026-10-02 22:00:00+00:00,-0.0037,0.0355,10.3333,76.3333,13.3333,0.1710,0.0616,0.0698,0.2900,0.6119,-0.5661,0.0231,0.9477,0,22,4,0.0046273900,-1.0000000000,,1.290000,0.3065,-0.4994,-0.8018,-0.4312,-86.8629,179.1813,-3.2359,0.5355,3.7212,-2.7675,0.3207,3,2,1
ETHUSDT,2026-10-02 22:00:00+00:00,0.0199,0.0544,36.5517,42.0690,21.3793,0.3150,0.0734,0.0850,0.4056,0.6465,-0.4347,0.0388,0.2961,1,22,4,0.0021334700,-1.0000000000,,1.750000,0.5847,-0.7587,-1.3375,-1.3825,-10.5966,-1.4228,-4.1794,0.4306,4.5251,-3.3666,0.2008,1,2,1
BTCUSDT,2026-10-02 23:00:00+00:00,0.0001,0.0002,50.0000,0.0000,50.0000,0.1040,0.0588,0.0698,0.2159,0.4919,-0.5435,0.0231,0.9477,0,23,4,0.0046273900,-1.0000000000,,1.300000,0.5543,-0.3647,-0.6892,-0.3725,-122.3164,118.8818,-3.225,0.6931,3.8692,-2.723,0.3638,4,2,0
ETHUSDT,2026-10-02 23:00:00+00:00,0.0000,0.0004,0.0000,100.0000,0.0000,0.1570,0.0681,0.0850,0.3215,0.5078,-0.3614,0.0388,0.2961,1,23,4,0.0021334700,-1.0000000000,,1.800000,0.5354,-0.5347,-1.1334,-1.241,-11.7483,-3.4879,-4.1079,0.7444,4.7721,-3.2739,0.2902,2,2,0
ETHUSDT,2026-10-03 00:00:00+00:00,-0.0442,0.0600,73.7500,6.8750,19.3750,0.3920,0.0670,0.0850,0.1841,0.5507,-0.3759,0.0388,0.2961,1,0,5,0.0007181900,-1.0000000000,,1.860000,0.3920,-0.4501,-1.0559,-1.2193,-12.5757,-5.3054,-4.145,0.9229,4.9875,-3.3026,0.2625,-1,0,1
BTCUSDT,2026-10-03 00:00:00+00:00,-0.0143,0.0186,77.0701,22.9299,0.0000,0.1690,0.0557,0.0697,0.1608,0.5652,-0.5583,0.0231,0.9477,0,0,5,-0.0000937100,-1.0000000000,,1.340000,0.1010,-0.3388,-0.6802,-0.4144,-152.6483,64.5758,-3.3049,0.7826,4.0366,-2.7832,0.3054,-1,0,1
BTCUSDT,2026-10-03 01:00:00+00:00,-0.0256,0.0278,92.3404,7.6596,0.0000,0.1560,0.0540,0.0697,0.0558,0.6043,-0.5370,0.0231,0.9477,0,1,5,-0.0000937100,-1.0000000000,,1.340000,0.7118,-0.1519,-0.4825,-0.2549,-164.6536,18.7299,-3.0007,1.0166,3.9779,-2.6306,0.4535,1,0,1
ETHUSDT,2026-10-03 01:00:00+00:00,-0.0475,0.0512,92.7007,6.5693,0.7299,0.6580,0.0671,0.0850,0.1373,0.5483,-0.3945,0.0388,0.2961,1,1,5,0.0007181900,-1.0000000000,,1.830000,0.3903,-0.1212,-0.6868,-0.8824,-12.4464,-6.7336,-3.7137,1.3431,4.9976,-2.9955,0.559,1,0,1
BTCUSDT,2026-10-03 02:00:00+00:00,0.0009,0.0011,88.8889,0.0000,11.1111,0.0260,0.0536,0.0697,-0.0435,0.6140,-0.5959,0.0231,0.9477,0,2,5,-0.0000937100,-1.0000000000,,1.350000,0.6498,-0.1155,-0.4317,-0.2376,-171.6725,-19.3506,-2.9219,1.1243,4.0101,-2.6228,0.461,2,0,0
ETHUSDT,2026-10-03 02:00:00+00:00,0.0004,0.0105,3.5714,92.8571,3.5714,0.1100,0.0671,0.0848,-0.0718,0.5477,-0.5194,0.0388,0.2961,1,2,5,0.0007181900,-1.0000000000,,1.810000,0.7212,0.0349,-0.4737,-0.6882,-11.8515,-7.7572,-3.484,1.608,5.0447,-2.826,0.7227,2,0,0
ETHUSDT,2026-10-03 03:00:00+00:00,0.0542,0.0654,82.8571,15.4286,1.7143,0.8750,0.0671,0.0844,-0.0913,0.5440,-0.4072,0.0388,0.2961,1,3,5,0.0007181900,-1.0000000000,,1.810000,0.4765,-0.0067,-0.4702,-0.7032,-11.3429,-8.4743,-3.4392,1.6597,5.0539,-2.8705,0.6797,-1,0,1
BTCUSDT,2026-10-03 03:00:00+00:00,0.0022,0.0024,95.0000,0.0000,5.0000,0.0970,0.0537,0.0695,-0.0389,0.5767,-0.5200,0.0231,0.9477,0,3,5,-0.0000937100,-1.0000000000,,1.340000,0.2827,-0.1302,-0.4357,-0.2739,-178.4062,-51.1617,-2.904,1.1736,4.0427,-2.6714,0.4139,-1,0,1
BTCUSDT,2026-10-03 04:00:00+00:00,0.0048,0.0050,97.6190,2.3810,0.0000,0.1170,0.0531,0.0694,-0.0368,0.5118,-0.5024,0.0231,0.9477,0,4,5,-0.0000937100,-1.0000000000,,1.330000,0.7862,-0.0039,-0.2817,-0.1425,-173.1929,-75.5679,-2.6658,1.3571,3.9967,-2.5428,0.5386,1,0,0
ETHUSDT,2026-10-03 04:00:00+00:00,0.0000,0.0004,0.0000,100.0000,0.0000,0.1720,0.0673,0.0845,-0.0371,0.5515,-0.3329,0.0388,0.2961,1,4,5,0.0007181900,-1.0000000000,,1.780000,0.7433,0.1014,-0.3055,-0.5464,-10.5296,-8.8854,-3.1433,1.8401,4.951,-2.7331,0.8123,1,0,0
BTCUSDT,2026-10-03 05:00:00+00:00,-0.0231,0.0231,100.0000,0.0000,0.0000,0.1150,0.0507,0.0694,-0.0177,0.4187,-0.5242,0.0231,0.9477,0,5,5,-0.0000937100,-1.0000000000,,1.330000,0.6834,-0.1352,-0.4066,-0.2957,-178.2629,-96.1069,-2.6993,1.2526,3.9234,-2.712,0.3744,-1,0,1
ETHUSDT,2026-10-03 05:00:00+00:00,-0.0452,0.0456,99.1803,0.8197,0.0000,0.2840,0.0674,0.0845,0.0071,0.5147,-0.3560,0.0388,0.2961,1,5,5,0.0007181900,-1.0000000000,,1.780000,0.8234,-0.1421,-0.5325,-0.7949,-10.3682,-9.1819,-3.1545,1.5749,4.6923,-3.0202,0.5352,-1,0,1
ETHUSDT,2026-10-03 06:00:00+00:00,-0.0064,0.0097,65.3846,0.0000,34.6154,0.0430,0.0677,0.0846,0.0094,0.5052,-0.4109,0.0388,0.2961,1,6,5,0.0007181900,-1.0000000000,,1.780000,0.4440,-0.0323,-0.3912,-0.6653,-9.9067,-9.3269,-2.7609,1.6481,4.3847,-2.9155,0.6363,1,0,1
BTCUSDT,2026-10-03 06:00:00+00:00,0.0195,0.0196,99.3976,0.6024,0.0000,0.1530,0.0507,0.0694,-0.0152,0.4183,-0.5487,0.0231,0.9477,0,6,5,-0.0000937100,-1.0000000000,,1.340000,0.3159,-0.015,-0.2635,-0.1721,-172.354,-111.3563,-2.3724,1.3672,3.7209,-2.5926,0.4903,1,0,0
BTCUSDT,2026-10-03 07:00:00+00:00,-0.0071,0.0073,96.7742,1.6129,1.6129,0.0320,0.0481,0.0694,0.0034,0.3432,-0.5436,0.0231,0.9477,0,7,5,-0.0000937100,-1.0000000000,,1.330000,0.7429,-0.0946,-0.3337,-0.2647,-172.7246,-123.63,-2.2807,1.2679,3.5308,-2.6986,0.3875,-1,0,1
ETHUSDT,2026-10-03 07:00:00+00:00,-0.0011,0.0217,5.1724,0.0000,94.8276,0.1260,0.0659,0.0846,0.0026,0.3999,-0.4102,0.0388,0.2961,1,7,5,0.0007181900,-1.0000000000,,1.770000,0.5605,0.0471,-0.2725,-0.5511,-9.2376,-9.309,-2.391,1.6915,4.0683,-2.8217,0.7268,2,0,1
ETHUSDT,2026-10-03 08:00:00+00:00,0.0194,0.0392,49.5238,0.0000,50.4762,0.2120,0.0649,0.0846,-0.0527,0.4410,-0.4258,0.0388,0.2961,1,8,5,0.0043978400,1.0000000000,,1.770000,0.5030,0.0955,-0.1817,-0.4596,-8.4533,-9.1379,-1.9771,1.6539,3.6251,-2.7473,0.7986,3,1,1
BTCUSDT,2026-10-03 08:00:00+00:00,0.0595,0.0598,99.6040,0.1980,0.1980,0.4620,0.0480,0.0694,-0.0059,0.3510,-0.5648,0.0231,0.9477,0,8,5,0.0030987700,1.0000000000,,1.330000,0.6089,-0.0465,-0.2701,-0.2192,-168.5895,-132.6219,-1.999,1.2628,3.2498,-2.6612,0.4238,1,1,1
BTCUSDT,2026-10-03 09:00:00+00:00,0.0136,0.0138,98.2906,0.8547,0.8547,0.2740,0.0488,0.0695,0.0488,0.3904,-0.4525,0.0231,0.9477,0,9,5,0.0030987700,1.0000000000,,1.340000,0.3164,-0.0232,-0.2296,-0.1938,-162.2479,-138.5471,-1.4685,1.0316,2.4946,-2.6432,0.4412,2,1,0
ETHUSDT,2026-10-03 09:00:00+00:00,0.0071,0.0280,25.3333,74.6667,0.0000,0.4650,0.0648,0.0845,-0.0333,0.4619,-0.3618,0.0388,0.2961,1,9,5,0.0043978400,1.0000000000,,1.740000,0.3781,0.1077,-0.1296,-0.4038,-7.6587,-8.842,-1.3615,1.3873,2.7492,-2.7071,0.8375,4,1,0
BTCUSDT,2026-10-03 10:00:00+00:00,0.0000,0.0001,0.0000,0.0000,100.0000,0.0550,0.0470,0.0695,0.0855,0.4511,-0.4341,0.0231,0.9477,0,10,5,0.0030987700,1.0000000000,,1.340000,0.7634,-0.0539,-0.2489,-0.2287,-158.4059,-142.5189,-0.9334,0.6462,1.5774,-2.6885,0.3973,-1,1,1
ETHUSDT,2026-10-03 10:00:00+00:00,-0.0063,0.0075,85.0000,0.0000,15.0000,0.6670,0.0618,0.0845,0.0190,0.5435,-0.3491,0.0388,0.2961,1,10,5,0.0043978400,1.0000000000,,1.730000,0.6326,0.0023,-0.2133,-0.4891,-7.1731,-8.5083,-0.8226,0.8831,1.7062,-2.8148,0.7335,-1,1,1
BTCUSDT,2026-10-03 11:00:00+00:00,0.0001,0.0001,100.0000,0.0000,0.0000,0.0510,0.0465,0.0695,0.0660,0.3971,-0.4533,0.0231,0.9477,0,11,5,0.0030987700,1.0000000000,,1.340000,0.6161,-0.0033,-0.1809,-0.1718,-150.2323,-144.0615,-0.6244,0.5601,1.1841,-2.6374,0.4469,1,1,1
ETHUSDT,2026-10-03 11:00:00+00:00,-0.0108,0.0112,96.6667,0.0000,3.3333,0.0610,0.0621,0.0845,0.0191,0.5146,-0.3520,0.0388,0.2961,1,11,5,0.0043978400,1.0000000000,,1.730000,0.4096,0.0908,-0.0927,-0.3627,-6.4731,-8.1012,-0.477,0.862,1.3416,-2.7006,0.8438,1,1,1
ETHUSDT,2026-10-03 12:00:00+00:00,0.0030,0.0108,27.5862,68.9655,3.4483,0.1380,0.0604,0.0845,0.0094,0.5585,-0.3211,0.0388,0.2961,1,12,5,0.0043978400,1.0000000000,,1.720000,0.3025,0.1066,-0.0456,-0.3075,-5.76,-7.633,-0.2856,0.8185,1.1071,-2.657,0.8859,2,1,0
BTCUSDT,2026-10-03 12:00:00+00:00,0.0155,0.0156,99.2424,0.0000,0.7576,0.2150,0.0454,0.0694,0.0732,0.4335,-0.4121,0.0231,0.9477,0,12,5,0.0030987700,1.0000000000,,1.310000,0.4696,0.046,-0.1092,-0.1066,-138.016,-142.8524,-0.3418,0.4884,0.8308,-2.575,0.5073,2,1,1
ETHUSDT,2026-10-03 13:00:00+00:00,-0.0272,0.0280,97.3333,1.3333,1.3333,0.3610,0.0564,0.0845,-0.0070,0.6446,-0.3304,0.0388,0.2961,1,13,5,0.0043978400,1.0000000000,,1.710000,0.7882,0.0095,-0.1276,-0.3867,-5.3383,-7.1741,-0.317,0.6956,1.0145,-2.7542,0.792,-1,1,0
BTCUSDT,2026-10-03 13:00:00+00:00,-0.0138,0.0326,42.2383,57.7617,0.0000,0.6050,0.0382,0.0694,0.0292,0.5485,-0.3834,0.0231,0.9477,0,13,5,0.0030987700,1.0000000000,,1.270000,0.6300,0.2169,0.1058,0.1143,-111.6277,-136.6075,0.0168,0.6198,0.6049,-2.344,0.7315,3,1,0
ETHUSDT,2026-10-03 14:00:00+00:00,-0.0250,0.0250,100.0000,0.0000,0.0000,0.1400,0.0575,0.0845,-0.0413,0.5916,-0.3688,0.0388,0.2961,1,14,5,0.0043978400,1.0000000000,,1.710000,0.4718,-0.0094,-0.1354,-0.3921,-4.9925,-6.7377,-0.3015,0.6599,0.963,-2.4238,0.7709,-2,1,0
BTCUSDT,2026-10-03 14:00:00+00:00,-0.0355,0.0356,99.6689,0.0000,0.3311,1.1850,0.0383,0.0694,0.0018,0.4804,-0.4121,0.0231,0.9477,0,14,5,0.0030987700,1.0000000000,,1.260000,0.2266,0.1461,0.065,0.0769,-92.0023,-127.6864,-0.0146,0.5839,0.6002,-2.0724,0.6974,-1,1,0
BTCUSDT,2026-10-03 15:00:00+00:00,-0.0738,0.0739,99.8405,0.0000,0.1595,0.8360,0.0397,0.0694,-0.0337,0.4110,-0.4254,0.0231,0.9477,0,15,5,0.0030987700,1.0000000000,,1.260000,0.3640,0.0767,0.0133,0.0255,-78.984,-117.946,-0.0653,0.4761,0.5425,-1.1294,0.6474,-2,1,1
ETHUSDT,2026-10-03 15:00:00+00:00,-0.1007,0.1007,100.0000,0.0000,0.0000,0.5130,0.0582,0.0844,-0.0600,0.5232,-0.3514,0.0388,0.2961,1,15,5,0.0043978400,1.0000000000,,1.690000,0.7146,-0.0242,-0.1421,-0.3969,-4.7094,-6.3321,-0.3298,0.6011,0.9322,-1.1457,0.7501,-3,1,1
BTCUSDT,2026-10-03 16:00:00+00:00,0.0029,0.0029,100.0000,0.0000,0.0000,0.3440,0.0428,0.0696,-0.1076,0.3646,-0.5165,1.5109,2.7621,1,16,5,0.0033632200,1.0000000000,,1.260000,0.7836,0.1265,0.0862,0.1028,-62.3642,-106.8296,-0.004,0.5192,0.5246,-0.6877,0.7284,1,2,1
ETHUSDT,2026-10-03 16:00:00+00:00,-0.0030,0.0034,88.8889,11.1111,0.0000,0.1980,0.0629,0.0848,-0.1499,0.3830,-0.4700,0.6565,0.9267,1,16,5,0.0012224700,-1.0000000000,,1.690000,0.5635,0.0149,-0.0901,-0.3399,-4.3422,-5.9341,-0.2906,0.5951,0.887,-0.7495,0.7927,1,2,0
BTCUSDT,2026-10-03 17:00:00+00:00,-0.0035,0.0229,15.4639,84.5361,0.0000,0.3490,0.0372,0.0696,-0.1202,0.2503,-0.4940,1.5109,2.7621,1,17,5,0.0033632200,1.0000000000,,1.270000,0.8259,0.1019,0.0792,0.0996,-48.5765,-95.179,-0.0359,0.5103,0.5475,-0.3997,0.7292,2,2,1
ETHUSDT,2026-10-03 17:00:00+00:00,0.0007,0.0015,50.0000,25.0000,25.0000,0.1050,0.0566,0.0847,-0.1559,0.2313,-0.4251,0.6565,0.9267,1,17,5,0.0012224700,-1.0000000000,,1.700000,0.6531,0.0039,-0.0911,-0.3363,-4.0265,-5.5526,-0.282,0.5068,0.7897,-0.3585,0.7827,-1,2,1
ETHUSDT,2026-10-03 18:00:00+00:00,-0.0346,0.0450,76.8595,6.6116,16.5289,1.0850,0.0563,0.0847,-0.1280,0.1929,-0.4266,0.6565,0.9267,1,18,5,0.0012224700,-1.0000000000,,1.700000,0.4812,0.2005,0.1417,-0.0852,-3.2044,-5.083,-0.0425,0.6775,0.7223,-0.0439,1.0275,1,2,0
BTCUSDT,2026-10-03 18:00:00+00:00,-0.0126,0.0232,54.3147,8.6294,37.0558,0.5470,0.0369,0.0696,-0.1099,0.2087,-0.4975,1.5109,2.7621,1,18,5,0.0033632200,1.0000000000,,1.270000,0.7185,0.2027,0.2097,0.2412,-26.9459,-81.5324,0.0515,0.6694,0.6201,-0.0146,0.8797,3,2,0
BTCUSDT,2026-10-03 19:00:00+00:00,-0.0113,0.0114,98.9691,1.0309,0.0000,0.1870,0.0347,0.0696,-0.0870,0.1257,-0.5025,1.5109,2.7621,1,19,5,0.0033632200,1.0000000000,,1.320000,0.7912,0.099,0.1189,0.156,-15.0445,-68.2348,-0.0637,0.5831,0.6485,-0.0937,0.8014,-1,2,0
ETHUSDT,2026-10-03 19:00:00+00:00,-0.0238,0.0242,98.4615,0.0000,1.5385,0.5980,0.0532,0.0847,-0.1376,0.0543,-0.4158,0.6565,0.9267,1,19,5,0.0012224700,-1.0000000000,,1.700000,0.8474,0.0503,0.0037,-0.2145,-2.819,-4.6302,-0.1617,0.4615,0.6241,-0.1755,0.8911,-1,2,1
BTCUSDT,2026-10-03 20:00:00+00:00,0.0154,0.0156,99.2424,0.0000,0.7576,0.1820,0.0333,0.0696,-0.0245,0.0592,-0.5352,1.5109,2.7621,1,20,5,0.0033632200,1.0000000000,,1.320000,0.6637,0.0134,0.0333,0.0708,-11.1246,-56.8128,-0.1563,0.4698,0.6271,-0.1761,0.6661,-2,2,0
ETHUSDT,2026-10-03 20:00:00+00:00,0.0086,0.0194,44.2308,55.7692,0.0000,0.3980,0.0453,0.0846,-0.0607,-0.1069,-0.4668,0.6565,0.9267,1,20,5,0.0012224700,-1.0000000000,,1.690000,0.8066,0.0799,0.0484,-0.1584,-2.3788,-4.1799,-0.0675,0.3983,0.4665,-0.1259,0.9402,1,2,1
BTCUSDT,2026-10-03 21:00:00+00:00,0.0145,0.0145,100.0000,0.0000,0.0000,0.8620,0.0279,0.0696,-0.0120,-0.0161,-0.5198,1.5109,2.7621,1,21,5,0.0033632200,1.0000000000,,1.290000,0.6845,-0.0797,-0.0724,-0.0404,-15.561,-48.5624,-0.2735,0.346,0.6197,-0.2893,0.403,-3,2,1
ETHUSDT,2026-10-03 21:00:00+00:00,0.0242,0.0369,65.6566,34.3434,0.0000,0.8610,0.0453,0.0846,-0.0491,-0.1009,-0.4228,0.6565,0.9267,1,21,5,0.0012224700,-1.0000000000,,1.680000,0.4767,0.1148,0.1018,-0.0909,-1.8704,-3.718,-0.024,0.4372,0.4621,-0.0622,1.0032,2,2,0
BTCUSDT,2026-10-03 22:00:00+00:00,0.0694,0.1273,54.5455,31.1688,14.2857,25.2980,0.0235,0.0696,0.0060,-0.0753,-0.5053,1.5109,2.7621,1,22,5,0.0033632200,1.0000000000,,1.260000,0.6772,-0.0548,-0.0556,-0.0281,-18.1015,-42.4702,-0.2665,0.3456,0.6123,-0.278,0.3142,1,2,1
ETHUSDT,2026-10-03 22:00:00+00:00,0.0458,0.1997,22.9478,55.2239,21.8284,22.6550,0.0301,0.0846,-0.0256,-0.2383,-0.3668,0.6565,0.9267,1,22,5,0.0012224700,-1.0000000000,,1.670000,0.5948,0.0662,0.0635,-0.1181,-1.5193,-3.2782,-0.0777,0.4019,0.4804,-0.1102,0.8036,-1,2,0
ETHUSDT,2026-10-03 23:00:00+00:00,0.0000,0.0004,0.0000,100.0000,0.0000,0.0300,0.0316,0.0846,0.0548,-0.2124,-0.3780,0.6565,0.9267,1,23,5,0.0012224700,-1.0000000000,,1.670000,0.2122,0.053,0.0577,-0.1135,-1.227,-2.868,-0.0943,0.3892,0.4842,-0.1102,0.7224,-2,2,1
BTCUSDT,2026-10-03 23:00:00+00:00,0.0080,0.0080,100.0000,0.0000,0.0000,0.0790,0.0276,0.0697,0.0880,-0.0022,-0.4968,1.5109,2.7621,1,23,5,0.0033632200,1.0000000000,,1.260000,0.3149,-0.0374,-0.0433,-0.0192,-19.3433,-37.8448,-0.26,0.3337,0.5939,-0.27,0.3222,2,2,0
ETHUSDT,2026-10-04 00:00:00+00:00,-0.0138,0.0138,100.0000,0.0000,0.0000,0.3170,0.0316,0.0844,0.0786,-0.2124,-0.4338,0.6565,0.9267,1,0,6,0.0036530200,1.0000000000,,1.670000,0.4714,0.0516,0.0629,-0.098,-0.9592,-2.4862,-0.101,0.4016,0.5034,-0.0987,0.7339,1,0,1
BTCUSDT,2026-10-04 00:00:00+00:00,0.0127,0.0127,100.0000,0.0000,0.0000,0.8410,0.0277,0.0696,0.1073,0.0057,-0.5336,1.5109,2.7621,1,0,6,0.0027910800,-1.0000000000,,1.260000,0.5813,-0.0396,-0.0504,-0.0302,-20.9174,-34.4593,-0.2752,0.317,0.5923,-0.2822,0.31,-1,0,1
ETHUSDT,2026-10-04 01:00:00+00:00,0.0007,0.0769,0.9662,93.2367,5.7971,2.2700,0.0308,0.0844,0.0562,-0.1820,-0.3956,0.6565,0.9267,1,1,6,0.0036530200,1.0000000000,,1.660000,0.4507,0.2266,0.2678,0.1288,-0.2407,-2.0371,0.0842,0.6113,0.529,-0.0717,0.6809,2,0,1
BTCUSDT,2026-10-04 01:00:00+00:00,0.0106,0.0264,40.1786,59.8214,0.0000,0.9950,0.0276,0.0695,0.1046,0.0327,-0.4793,1.5109,2.7621,1,1,6,0.0027910800,-1.0000000000,,1.320000,0.2095,0.0054,-0.0036,0.0156,-18.7772,-31.3229,-0.2264,0.3322,0.5588,-0.2357,0.2973,1,0,1
BTCUSDT,2026-10-04 02:00:00+00:00,0.0241,0.0242,99.5122,0.4878,0.0000,0.3060,0.0271,0.0695,0.1007,0.0689,-0.4600,1.5109,2.7621,1,2,6,0.0027910800,-1.0000000000,,1.330000,0.3908,0.027,0.0224,0.0422,-14.9719,-28.0527,-0.2046,0.347,0.552,-0.2073,0.3255,2,0,0
ETHUSDT,2026-10-04 02:00:00+00:00,0.0200,0.0293,68.3544,31.6456,0.0000,1.2550,0.0296,0.0843,0.0327,-0.1338,-0.3581,0.6565,0.9267,1,2,6,0.0036530200,1.0000000000,,1.650000,0.4054,0.2438,0.3145,0.1989,0.4933,-1.5311,0.092,0.6938,0.6042,-0.0093,0.7587,3,0,0
BTCUSDT,2026-10-04 03:00:00+00:00,-0.0041,0.0042,97.2222,2.7778,0.0000,0.0430,0.0274,0.0696,0.0554,0.0921,-0.4183,1.5109,2.7621,1,3,6,0.0027910800,-1.0000000000,,1.330000,0.2408,-0.0074,-0.0125,0.0057,-14.269,-25.296,-0.2332,0.2766,0.5099,-0.2436,0.2894,-1,0,1
ETHUSDT,2026-10-04 03:00:00+00:00,-0.0145,0.0197,73.5849,1.8868,24.5283,0.4440,0.0301,0.0843,0.0069,-0.1142,-0.3340,0.6565,0.9267,1,3,6,0.0036530200,1.0000000000,,1.650000,0.3835,0.1022,0.1805,0.0796,0.813,-1.0622,-0.0586,0.5675,0.6277,-0.1256,0.6433,-1,0,1
BTCUSDT,2026-10-04 04:00:00+00:00,0.0001,0.0015,7.6923,0.0000,92.3077,0.7850,0.0274,0.0696,0.0433,0.0858,-0.4224,1.5109,2.7621,1,4,6,0.0027910800,-1.0000000000,,1.330000,0.5218,0.031,0.0305,0.0498,-10.4365,-22.3241,-0.1835,0.2915,0.4752,-0.1974,0.3354,1,0,0
ETHUSDT,2026-10-04 04:00:00+00:00,0.0000,0.0004,0.0000,0.0000,100.0000,0.0740,0.0275,0.0843,-0.0076,-0.1829,-0.3693,0.6565,0.9267,1,4,6,0.0036530200,1.0000000000,,1.630000,0.6796,0.1512,0.2429,0.1599,1.2409,-0.6016,-0.0225,0.6581,0.6828,-0.0386,0.7296,1,0,0
BTCUSDT,2026-10-04 05:00:00+00:00,0.0064,0.0065,98.1818,1.8182,0.0000,0.3850,0.0274,0.0696,0.0307,0.0811,-0.4378,1.5109,2.7621,1,5,6,0.0027910800,-1.0000000000,,1.310000,0.2422,0.0075,0.0081,0.0271,-8.7748,-19.6142,-0.1978,0.239,0.4369,-0.219,0.3139,-1,0,1
ETHUSDT,2026-10-04 05:00:00+00:00,0.0000,0.0015,0.0000,25.0000,75.0000,0.1270,0.0275,0.0843,0.0062,-0.1829,-0.3815,0.6565,0.9267,1,5,6,0.0036530200,1.0000000000,,1.630000,0.7727,0.0545,0.1453,0.0738,1.3834,-0.2046,-0.1337,0.569,0.7043,-0.1219,0.6469,-1,0,1
ETHUSDT,2026-10-04 06:00:00+00:00,-0.0041,0.0045,91.6667,8.3333,0.0000,0.1550,0.0264,0.0843,0.0055,-0.1377,-0.3770,0.6565,0.9267,1,6,6,0.0036530200,1.0000000000,,1.630000,0.2132,0.1172,0.2157,0.1593,1.677,0.1717,-0.0764,0.6415,0.7199,-0.0297,0.6408,1,0,
BTCUSDT,2026-10-04 06:00:00+00:00,0.0151,0.0153,98.4615,0.7692,0.7692,0.2130,0.0269,0.0695,0.0265,0.1106,-0.4073,1.5109,2.7621,1,6,6,0.0027910800,-1.0000000000,,1.310000,0.0734,0.0991,0.1132,0.1378,0.5086,-15.5896,-0.0733,0.3075,0.3812,-0.1024,0.4299,1,0,
