tree
version=v4
num_class=1
num_tree_per_iteration=1
label_index=0
max_feature_idx=29
objective=binary sigmoid:1
feature_names=Column_0 Column_1 Column_2 Column_3 Column_4 Column_5 Column_6 Column_7 Column_8 Column_9 Column_10 Column_11 Column_12 Column_13 Column_14 Column_15 Column_16 Column_17 Column_18 Column_19 Column_20 Column_21 Column_22 Column_23 Column_24 Column_25 Column_26 Column_27 Column_28 Column_29
feature_infos=[-28.353099822998047:30.528499603271484] [0.13410000503063202:53.427898406982422] [0:100] [0:97.57769775390625] [0:97.119300842285156] [0.0030000000260770321:20.274999618530273] [0.18330000340938568:9.722900390625] [0.38820001482963562:5.0364999771118164] [-39.688999176025391:45.006000518798828] [-77.776802062988281:66.508796691894531] none none [0:23] [-2:0.33246898651123047] [-1:1] [-18.351999282836914:16.523899078369141] [-29.852699279785156:29.832000732421875] [-48.246200561523438:35.553298950195312] [-9.6858997344970703:11.19849967956543] [-8.7575998306274414:9.7645998001098633] [-19.967199325561523:12.530500411987305] [-14.286899566650391:19.990699768066406] [0.52590000629425049:29.997800827026367] [-19.993600845336914:0] [0:19.975500106811523] [-12:13] [0:2] [-20.107799530029297:21.728000640869141] [0.54129999876022339:7.502500057220459] none
tree_sizes=1732 1745 1729 1508 1751 1858 1649 1760 1645 1756 1540 1530 1749 1433 1854 1620 1831 1657 1729 1536 1741 1754 1739 1757 1746 1320 1847 1525 1722 1745 1831 1848 1853 1650 1877 1747 1638 1748 1424 1733 1741 1539 1728 1532 1521 1858 1858 1863 1510 1649 1631 1530 1530 1518 1614 1754 1210 1759 1859 1751 1522 1542 1652 1863 1876 1530 1640 1395 1639 1517 1652 994 1418 1761 1556 1211 1626 968 1281 1425 1435 1305 1110 1861 1378 1756 1424 888 1504 1866 1091 880 1744 1732 1538 1647 1745 1746 1881 1615 1731 1644 1001 1114 1102 1635 1534 1197 1419 1528 1760 1744 1202 1307 1218 1104 998 783 1103 1099 1529 1642 1542 1541 1419 1436 1217 1216 1195 1515 1638 1423 1532 1405 1637 1100 994 1211 1659 1108 1325 1077 1759 1307 1002 1772 1427 1546 1432 1537 1422 1536 1101 1749 1097 1306 1744 1427

Tree=0
num_leaves=15
num_cat=0
split_feature=6 28 9 20 7 18 28 7 9 6 28 9 6 5
split_gain=89.49 55.9625 50.3655 29.5431 29.3992 65.9942 26.7045 29.1459 25.2358 26.1075 18.5781 16.0444 13.529 0.866072
threshold=1.317349970340729 1.1611500382423403 1.6943500041961672 -2.9445999860763545 1.7840500473976137 0.82985001802444469 3.8226500749588017 2.5738500356674199 -0.39435000717639918 1.2184500098228457 2.122500061988831 1.3830499649047854 2.1011500358581547 0.72749999165534984
decision_type=2 2 2 2 2 2 2 2 2 2 2 2 2 2
left_child=1 3 6 -1 12 -6 7 -2 9 -3 -10 -5 -4 -8
right_child=2 8 4 11 5 -7 13 -9 10 -11 -12 -13 -14 -15
leaf_value=0.0016933684636019838 -0.0107428921244634 -0.020703900960214013 -0.018764185431620516 -0.024899378197406966 -0.01991109984078037 -0.039737821874713253 -0.030306752938379426 -0.02072136908299782 -0.02194631782642522 -0.029140668337274595 -0.026168660706837217 -0.011379297036365681 -0.0092839496967012918 -0.023324601302666767
leaf_weight=46.744989842176437 627.43275135755539 1661.0719652473927 444.45236331224442 55.494052112102509 261.97192168235779 88.490515530109406 24.997320771217346 138.98510348796844 645.18084910511971 159.48290652036667 1256.1153687536716 86.490729868412018 70.74241778254509 25.497267186641693
leaf_count=187 2510 6645 1778 222 1048 354 100 556 2581 638 5025 346 283 102
internal_value=-0.0207039 -0.0225908 -0.0170766 -0.012017 -0.0204634 -0.0249003 -0.013517 -0.0125762 -0.0231345 -0.0214374 -0.0247478 -0.0167958 -0.0174041 -0.0272889
internal_weight=0 3910.58 1682.57 188.73 865.657 350.462 816.912 766.418 3721.85 1820.55 1901.3 141.985 515.195 50.4946
internal_count=22375 15644 6731 755 3463 1402 3268 3066 14889 7283 7606 568 2061 202
is_linear=0
shrinkage=1


Tree=1
num_leaves=15
num_cat=0
split_feature=22 9 17 13 17 13 13 1 13 17 13 19 19 15
split_gain=67.4288 45.8037 22.7328 19.1674 17.4849 17.7781 17.2186 14.297 13.7016 18.6557 10.9477 6.34267 11.5855 5.7406
threshold=6.4381999969482431 -0.39435000717639918 -8.4544496536254865 0.074474498629570021 -5.0366001129150382 -0.0270600002259016 0.1083745025098324 2.703549981117249 0.02031200006604195 4.4614000320434579 0.02597449999302626 -0.1092500016093254 -2.1870499849319454 -2.3894500732421871
decision_type=2 2 2 2 2 2 2 2 2 2 2 2 2 2
left_child=1 4 11 7 13 -6 -5 -4 9 -3 -10 12 -2 -1
right_child=2 8 3 6 5 -7 -8 -9 10 -11 -12 -13 -14 -15
leaf_value=0.00333926092970765 0.016855986071748503 -0.0047225968167707733 0.00018200553965496425 0.014783083930551305 0.011999751153138354 -0.00058965139674214604 0.0014648981299936808 0.0036476894160728576 0.012802299241572153 -0.015499799568374677 -0.0013427750356902891 0.018907508996472908 0.0024999289147180836 0.016800970516129707
leaf_weight=29.247243970632553 34.746709570288658 1342.3060924559832 1700.0627026259899 80.991457208991051 45.495323061943054 1254.1162660270929 81.242248401045799 667.9262538254261 24.995834469795227 68.741262689232826 130.48006634414196 27.998237282037735 73.493457123637199 31.246995598077774
leaf_count=117 139 5370 6801 324 182 5017 325 2672 100 275 522 112 294 125
internal_value=0 -0.00231859 0.0020766 0.00163644 0.000353121 -0.000124671 0.00828605 0.00116912 -0.00464976 -0.00527239 0.000870794 0.0100341 0.00740364 0.010778
internal_weight=0 2926.63 2666.46 2530.22 1360.11 1299.61 162.234 2367.99 1566.52 1411.05 155.476 136.238 108.24 60.4942
internal_count=22375 11708 10667 10122 5441 5199 649 9473 6267 5645 622 545 433 242
is_linear=0
shrinkage=0.02


Tree=2
num_leaves=15
num_cat=0
split_feature=6 28 9 20 28 9 6 28 9 15 6 6 9 23
split_gain=83.9371 53.9498 47.8611 28.2698 25.7542 23.2824 25.2127 17.9652 15.5164 14.4389 12.3902 12.1145 7.58645 3.01184
threshold=1.317349970340729 1.1611500382423403 1.6943500041961672 -2.9445999860763545 3.8226500749588017 -0.39435000717639918 1.2184500098228457 2.122500061988831 1.3830499649047854 -1.6122999787330625 2.7566000223159794 1.4011500477790835 9.3593001365661639 -8.9323000907897931
decision_type=2 2 2 2 2 2 2 2 2 2 2 2 2 2
left_child=1 3 4 -1 11 6 -3 -7 -5 12 -11 -2 -4 -6
right_child=2 5 9 8 13 7 -8 -9 -10 10 -12 -13 -14 -15
leaf_value=0.021971010359428153 0.0016098750024366589 0 0.011884891598026123 -0.0040879058833481422 -0.01136917373117113 -0.0011538017669663783 -0.0082985986732357856 -0.0053058914385649145 0.0092039526386967947 0.00033127154473981462 -0.0070946363224394394 0.0089584006800233641 -0.00031302998903894258 -0.00069388446360164771
leaf_weight=46.749848276376724 112.49660028517246 1661.0747433453798 59.495654687285423 55.490178719162941 25.246388912200928 645.146335080266 159.46880756318569 1255.9866192489862 86.494893953204155 678.18007203936577 101.98125402629375 653.97837148606777 25.99571630358696 25.246148243546486
leaf_count=187 450 6645 238 222 101 2581 638 5025 346 2713 408 2616 104 101
internal_value=0 -0.00182489 0.00351539 0.00855659 0.00698519 -0.00235889 -0.000728189 -0.00390875 0.00387713 0.000213364 -0.000621666 0.00790941 0.00798385 -0.00653709
internal_weight=0 3910.41 1682.62 188.735 816.968 3721.68 1820.54 1901.13 141.985 865.653 780.161 766.475 85.4914 50.4925
internal_count=22375 15644 6731 755 3268 14889 7283 7606 568 3463 3121 3066 342 202
is_linear=0
shrinkage=0.02


Tree=3
num_leaves=13
num_cat=0
split_feature=23 28 28 13 9 28 13 15 8 7 7 27
split_gain=57.8745 40.3118 34.7004 29.9103 29.2853 25.1859 24.1761 20.9193 20.8914 16.4268 12.2972 11.5653
threshold=-6.9115998744964591 3.6473499536514287 1.0854499936103823 0.0047200000844895848 12.886250019073488 1.8417999744415285 -0.04833600111305713 0.8306500017642976 3.8921999931335454 1.2592499852180483 0.84885001182556163 -0.37565000355243677
decision_type=2 2 2 2 2 2 2 2 2 2 2 2
left_child=1 4 10 -3 5 -1 7 -4 -8 -5 -2 -12
right_child=2 3 6 9 -6 -7 8 -9 -10 -11 11 -13
leaf_value=0.013917022555933639 0.017140149868289347 0.0063752231576899923 0.013724532249027158 -0.018542531327722694 -0.011048617623268548 0.0045156216449062552 -0.0022861703268119279 -0.003574199351640914 0.003510144546648144 -0.00044868315937064267 0.011278786482634907 0
leaf_weight=134.49162071943283 37.996430993080139 48.241115093231201 73.49213008582592 62.740626066923141 41.239879459142685 855.93210636079311 3841.5794983655214 41.74374558031559 262.46489241719246 32.744930431246758 57.993892058730125 102.2378885447979
leaf_count=538 152 193 294 251 165 3424 15369 167 1050 131 232 409
internal_value=0 0.00372784 -0.00126304 -0.00610206 0.00512125 0.00582518 -0.00165164 0.00730923 -0.00190984 -0.0126138 0.00687484 0.00422534
internal_weight=0 1175.39 4417.51 143.727 1031.66 990.424 4219.28 115.236 4104.04 95.4856 198.228 160.232
internal_count=22375 4702 17673 575 4127 3962 16880 461 16419 382 793 641
is_linear=0
shrinkage=0.02


Tree=4
num_leaves=15
num_cat=0
split_feature=22 17 24 17 1 17 1 19 20 24 20 20 8 15
split_gain=61.9643 28.0913 21.5015 21.2991 16.772 14.0934 12.6438 19.3912 16.6071 11.7442 7.10416 6.99619 3.49992 2.55927
threshold=6.4381999969482431 -3.9052499532699581 3.8881500959396367 -8.4544496536254865 0.97574999928474437 1.3385500311851504 2.703549981117249 0.4678999930620194 -11.357500076293944 1.2962500452995303 -9.5555000305175763 -4.122149944305419 -1.5793499946594236 -2.6556999683380123
decision_type=2 2 2 2 2 2 2 2 2 2 2 2 2 2
left_child=1 9 5 10 -4 -3 8 -8 -5 12 13 -11 -1 -2
right_child=3 2 4 6 -6 -7 7 -9 -10 11 -12 -13 -14 -15
leaf_value=0.0040078096592389275 0.0091285657704255948 -0.00084733773887105362 -0.010324454637024692 -0.0086374189420888314 -0.0036653887697149974 -0.0061458755931730422 0.0059785667950482029 -0.0010814245317943153 0.0010654969399441501 0.017763339255320979 0.0023142942423534981 0.0052511316677639275 -0.0061316719861525971 0.017771754669225853
leaf_weight=25.997594505548477 57.245800688862801 1716.6434532105923 206.69651533663273 72.241076231002808 637.59440302848816 229.18887609243393 502.46709774434566 218.46681395173073 1737.0196009129286 37.245714142918587 42.997864827513695 47.746454924345016 25.247337132692337 35.997558191418648
leaf_count=104 229 6868 827 289 2551 917 2010 874 6949 149 172 191 101 144
internal_value=0 -0.0022179 -0.0026567 0.00199553 -0.00532959 -0.00148453 0.00156919 0.00381292 0.000662469 0.00657699 0.00969852 0.0111097 -0.000626641 0.0128307
internal_weight=0 2926.36 2790.12 2666.44 844.291 1945.83 2530.19 720.934 1809.26 136.237 136.241 84.9922 51.2449 93.2434
internal_count=22375 11708 11163 10667 3378 7785 10122 2884 7238 545 545 340 205 373
is_linear=0
shrinkage=0.02


Tree=5
num_leaves=16
num_cat=0
split_feature=23 21 24 22 13 13 7 13 7 23 23 23 7 7 15
split_gain=69.3252 32.9221 34.5773 26.3441 24.2062 16.494 23.8897 20.6665 31.6974 18.2984 14.5427 13.0876 11.6988 10.8381 5.52425
threshold=-6.9115998744964591 5.8165500164031991 8.5420498847961444 13.792699813842775 0.0083725000731647032 0.021436000242829326 1.5713999867439272 0.0088545000180602091 1.0541500449180605 -10.673850059509276 -8.4991497993469221 -3.1657999753952022 0.85554999113082897 1.987049996852875 -2.0842000246047969
decision_type=2 2 2 2 2 2 2 2 2 2 2 2 2 2 2
left_child=5 3 12 4 -2 7 14 10 -9 -8 -1 -4 -3 -5 -7
right_child=1 2 11 13 -6 6 9 8 -10 -11 -12 -13 -14 -15 -16
leaf_value=0.0041392427689187512 -0.00027480579089754768 0.013874027096547963 0.0037053414552621184 0.01746538029764819 -0.0037561760442303854 0.02699619008790578 0.012674915836590667 -0.0078534094785077495 0.0033228264010973611 -0.0031857699915486793 0.012729476256642119 -0.0026207429896060773 0.0048712735880621543 0.00078356819325069583 0.013196315066213517
leaf_weight=265.22442182898521 1366.4278939813375 75.734723061323166 179.48245809972286 36.248619884252548 1968.2728400975466 26.49847075343132 50.997001454234123 127.47774387896061 475.95407894253731 62.244680881500244 119.99071365594864 463.69329854846001 310.95304425060749 31.4967140853405 45.747441381216049
leaf_count=1061 5467 303 718 145 7875 106 204 510 1904 249 480 1855 1244 126 183
internal_value=0 -0.00112818 0.00199361 -0.00207927 -0.00233615 0.00433549 0.00984957 0.00327184 0.000919619 0.00383025 0.00689283 -0.000821348 0.00671733 0.0101247 0.0188304
internal_weight=0 4432.31 1029.86 3402.45 3334.7 1174.13 185.488 988.647 603.432 113.242 385.215 643.176 386.688 67.7453 72.2459
internal_count=22430 17733 4120 13613 13342 4697 742 3955 2414 453 1541 2573 1547 271 289
is_linear=0
shrinkage=0.02


Tree=6
num_leaves=14
num_cat=0
split_feature=6 9 16 6 22 12 14 12 1 16 9 19 23
split_gain=81.4082 57.4646 20.1778 26.2196 17.1663 16.3743 17.0472 15.9237 12.7029 17.9999 11.4728 11.424 10.3055
threshold=1.317349970340729 1.7401000261306765 -3.1135500669479366 0.79205000400543224 24.085800170898441 14.500000000000002 1.0000000180025095e-35 9.5000000000000018 2.1151999235153203 -1.9715499877929685 -3.2272499799728389 0.66330000758171093 -6.7742500305175772
decision_type=2 2 2 2 2 2 2 2 2 2 2 2 2
left_child=2 8 3 -1 11 10 -7 -5 9 -2 -4 -3 -10
right_child=1 4 5 7 -6 6 -8 -9 12 -11 -12 -13 -14
leaf_value=0.020154337675015916 -0.0022447253934680124 0.0011791971379324911 7.6375535895161146e-05 0.0078793628407852374 0.012629546598343715 -0.0018098709157845035 0.0028789488554928156 -0.0033828663651585991 0.011912984443070767 0.0074851903007966264 -0.0035929179517129135 -0.0037318306233970638 0.0056279100584942822
leaf_weight=33.745879769325256 107.98974239826202 513.44921620190144 401.44011303782463 84.24087256193161 40.244585081934929 895.75690926611423 472.38355934619904 118.98384541273117 299.97238402068615 233.48933701217175 1919.6947271823883 296.44492945075035 188.48969094455242
leaf_count=135 432 2054 1606 337 161 3584 1890 476 1200 934 7681 1186 754
internal_value=0 0.00369999 -0.00155944 0.00405947 2.05881e-05 -0.00192677 -0.000175415 0.00120335 0.0074403 0.00435222 -0.00294994 -0.000596104 0.00954499
internal_weight=0 1680.08 3926.25 236.971 850.139 3689.28 1368.14 203.225 829.941 341.479 2321.13 809.894 488.462
internal_count=22430 6721 15709 948 3401 14761 5474 813 3320 1366 9287 3240 1954
is_linear=0
shrinkage=0.02


Tree=7
num_leaves=15
num_cat=0
split_feature=23 22 9 28 9 13 22 13 7 13 7 25 28 19
split_gain=64.217 30.7903 33.5125 28.4104 24.9447 22.4949 21.6223 20.5662 27.2727 16.5516 31.7632 16.3137 13.8267 12.2111
threshold=-6.9115998744964591 6.4381999969482431 -0.39435000717639918 2.4137500524520878 12.886250019073488 -0.04833600111305713 19.820549964904789 0.0088545000180602091 0.87344998121261608 0.0095974998548626917 2.033849954605103 4.5000000000000009 3.8226500749588017 0.052050000056624419
decision_type=2 2 2 2 2 2 2 2 2 2 2 2 2 2
left_child=3 2 5 4 6 -2 -1 8 -5 10 -3 -4 -9 -11
right_child=1 9 11 7 -6 -7 -8 12 -10 13 -12 -13 -14 -15
leaf_value=0.0062343293383631685 0.015462783779336093 0.0059709803296968027 -0.0046473340527121302 0.023187674868626749 -0.0087807084630741623 -0.00037088364132678971 0.022402216141048627 -0.0010161408918443423 0.00083199997470724996 -0.0031594402612970529 -0.0086092018742455426 0.0085929308111573465 -0.012769617004668681 0.0011976023122994869
leaf_weight=748.16301426291466 35.99670484662056 449.93836252391338 1519.0871517807245 25.248334854841232 40.234724223613739 1181.7525535821915 34.994105160236359 118.98370206356049 143.48725341260433 387.94987243413925 66.990455716848373 36.233685433864594 62.975885793566704 754.12623359262943
leaf_count=2993 144 1800 6079 101 161 4728 140 476 574 1552 268 145 252 3017
internal_value=0 -0.00108465 -0.00237593 0.00417398 0.00620434 9.30532e-05 0.00700992 -0.000540288 0.00441187 0.00106185 0.0040299 -0.00432071 -0.00524087 -0.000266407
internal_weight=0 4432.08 2773.07 1174.09 823.392 1217.75 783.157 350.695 168.736 1659 516.929 1555.32 181.96 1142.08
internal_count=22430 17733 11096 4697 3294 4872 3133 1403 675 6637 2068 6224 728 4569
is_linear=0
shrinkage=0.02


Tree=8
num_leaves=14
num_cat=0
split_feature=17 21 28 20 17 1 13 13 28 20 7 28 7
split_gain=50.6762 36.9291 36.6731 37.3472 36.09 23.2781 21.7508 21.0648 17.0472 15.8892 15.6707 15.4237 15.0025
threshold=-3.6590000391006465 4.3371500968933114 1.1611500382423403 -3.566750049591064 4.9603998661041269 2.1457500457763676 0.014214500319212677 0.0083725000731647032 1.0456500053405764 -8.5503001213073713 3.2295000553131108 2.4137500524520878 0.59624999761581432
decision_type=2 2 2 2 2 2 2 2 2 2 2 2 2
left_child=5 2 3 -2 12 6 9 -4 -6 -1 11 -7 -3
right_child=1 4 7 -5 8 10 -8 -9 -10 -11 -12 -13 -14
leaf_value=-0.0058391552065421718 0.023424564295333312 0.018983503929017449 -0.00033940495566966197 0.0010335167827018362 0.0077501910339859339 0.012481960947134423 0.016886519934092709 -0.0037808812444794716 -0.0036837375928212295 0.0028829265826076011 -0.0030557693436980516 0.0037671306101397946 0.003457972872743291
leaf_weight=131.23019044101238 41.989299818873405 25.245203092694283 1161.8847834914923 104.22853948175907 56.494520902633667 232.69489771127701 30.996275380253792 1891.5630063861609 488.4148887693882 224.71768802404404 42.992983981966972 138.21892486512661 1035.2860637009144
leaf_count=525 168 101 4649 417 226 931 124 7569 1954 899 172 553 4142
internal_value=0 -0.00075947 -0.00200411 0.00771483 0.00170837 0.00467158 0.00107985 -0.00247843 -0.00244964 -0.000284033 0.00797045 0.00930707 0.00386392
internal_weight=0 4805.11 3199.67 146.218 1605.44 800.851 386.944 3053.45 544.909 355.948 413.907 370.914 1060.53
internal_count=22430 19226 12803 585 6423 3204 1548 12218 2180 1424 1656 1484 4243
is_linear=0
shrinkage=0.02


Tree=9
num_leaves=15
num_cat=0
split_feature=6 9 13 13 20 6 12 17 6 22 17 6 18 20
split_gain=75.5742 53.579 23.8379 26.8533 26.4487 21.9858 19.0159 18.6727 18.3965 16.5052 10.5051 9.76272 18.8356 5.26528
threshold=1.317349970340729 1.7401000261306765 0.0099984998814761656 0.041554499417543418 -2.9706499576568599 1.1343500018119814 12.500000000000002 -4.3473000526428214 1.0183500051498415 24.085800170898441 11.088650226593019 1.4101499915122988 -0.16719999909400937 -2.6040999889373775
decision_type=2 2 2 2 2 2 2 2 2 2 2 2 2 2
left_child=2 11 4 7 8 -5 -6 -4 -1 10 -3 12 -2 -13
right_child=1 9 3 5 6 -7 -8 -9 -10 -11 -12 13 -14 -15
leaf_value=0.0065819535839406126 0.0082989839223528671 5.6147032321642273e-05 0.0032686444110631829 0.0079022801555008355 -0.0037575972177085666 -0.0047411440941940285 0.0013985628741420232 -0.0041533169492068553 -0.0011164579136844445 0.012376974384450064 -0.0082751405910347371 0.0092454336898231577 -0.006291076468145672 0.0048660888983814727
leaf_weight=357.18027825653553 84.483914688229561 745.38418290019035 142.47307907044888 155.44496876001358 631.02423886954784 81.972882658243179 514.83962884545326 1859.4608541727066 183.46973565220833 40.243966743350029 64.477235779166222 513.61371739208698 58.242727249860764 173.47309915721416
leaf_count=1429 338 2982 570 622 2525 328 2060 7441 734 161 258 2055 233 694
internal_value=0 0.00356597 -0.00150174 -0.00285457 0.000283325 0.00345144 -0.00142428 -0.00361376 0.00393533 1.2395e-05 -0.000591872 0.00717797 0.00220369 0.0081775
internal_weight=0 1679.92 3925.87 2239.35 1686.51 237.418 1145.86 2001.93 540.65 850.105 809.861 829.813 142.727 687.087
internal_count=22430 6721 15709 8961 6748 950 4585 8011 2163 3401 3240 3320 571 2749
is_linear=0
shrinkage=0.02


Tree=10
num_leaves=13
num_cat=0
split_feature=6 28 23 7 13 13 12 6 23 28 16 7
split_gain=63.4369 39.8999 30.5536 24.7887 22.7265 26.9878 23.5577 22.2811 22.3513 19.7547 17.1451 17.0333
threshold=1.317349970340729 1.1611500382423403 -4.0848500728607169 2.033849954605103 0.0083725000731647032 0.041554499417543418 13.500000000000002 4.5358500480651864 -8.7012000083923322 4.0376999378204355 -0.98495000600814808 0.84505000710487377
decision_type=2 2 2 2 2 2 2 2 2 2 2 2
left_child=1 2 -1 9 6 -6 -3 8 -5 10 -2 -4
right_child=3 4 11 7 5 -7 -8 -9 -10 -11 -12 -13
leaf_value=0.022980528419109594 0.0090393654612739432 -0.0019155409927264406 0.014167958082990314 0.0043874620922151374 -0.0037206509211783214 0.003244871562571321 0.0032000328650683184 0.012993329657044996 -0.0052826117246328186 -0.0075174829128346688 0.0037159492007573175 -0.0009047490735808486
leaf_weight=40.479243025183678 360.1061292886734 863.71171890199184 39.990848571062088 141.94327983260155 2052.9970197230577 245.67656980454922 615.10671390593052 42.732018336653709 280.43412020802498 47.488100782036781 817.62107169628143 103.72810658812523
leaf_count=162 1441 3456 160 568 8216 983 2461 171 1122 190 3271 415
internal_value=0 -0.00127373 0.00777124 0.00335257 -0.00172201 -0.00296641 0.000199464 -0.000539196 -0.00198298 0.00484549 0.00536691 0.00322006
internal_weight=0 3961.69 184.198 1690.32 3777.49 2298.67 1478.82 465.109 422.377 1225.22 1177.73 143.719
internal_count=22616 15853 737 6763 15116 9199 5917 1861 1690 4902 4712 575
is_linear=0
shrinkage=0.02


Tree=11
num_leaves=13
num_cat=0
split_feature=22 23 7 23 21 28 7 21 28 21 16 16
split_gain=50.0818 25.7044 22.4113 21.0995 18.6509 15.4958 17.8717 14.2744 13.8922 8.33723 7.70106 5.09647
threshold=6.4381999969482431 -14.74060010910034 4.0492999553680429 -5.9340999126434317 6.6498999595642099 1.8807500004768374 1.2540999650955202 2.1883000135421757 3.6208499670028691 0.78554999828338634 -2.339149951934814 -3.2096499204635616
decision_type=2 2 2 2 2 2 2 2 2 2 2 2
left_child=3 9 8 5 7 6 -1 -5 -3 -2 -11 -7
right_child=1 2 -4 4 -6 11 -8 -9 -10 10 -12 -13
leaf_value=0.022795587700918992 0.019935439560977344 0.0023431460420080884 -0.013592828906447798 -0.0012028244072395541 0.013314261330804003 0.007970582211691269 0.00030449615546319897 -0.0042285331935326079 -0.0028901682793930324 0.0035181975764994777 0.016934187680519765 -6.3874320977952285e-05
leaf_weight=30.237911552190781 32.22733698785305 2294.4429275989532 36.742091313004494 1540.2488262057304 28.983217924833298 34.741178080439568 29.237788707017899 1079.1150606423616 218.42249926924706 69.953647747635841 24.984671220183372 232.4236671179533
leaf_count=121 129 9180 147 6164 116 139 117 4319 874 280 100 930
internal_value=0 0.00209257 0.00164328 -0.00167699 -0.00227299 0.0030865 0.0122577 -0.00245811 0.00187933 0.0108614 0.00739703 0.000932144
internal_weight=0 2676.77 2549.61 2974.99 2648.35 326.641 59.4757 2619.36 2512.87 127.166 94.9383 267.165
internal_count=22616 10710 10201 11906 10599 1307 238 10483 10054 509 380 1069
is_linear=0
shrinkage=0.02


Tree=12
num_leaves=15
num_cat=0
split_feature=6 19 28 23 19 28 6 6 19 27 23 19 19 26
split_gain=59.5579 39.3191 38.3104 29.2326 31.7212 26.6852 29.7121 20.5625 17.8642 17.0955 16.5829 13.3506 13.1698 9.05472
threshold=1.317349970340729 0.25714999437332159 1.1611500382423403 -4.0458500385284415 0.25714999437332159 3.7718499898910527 1.7115499973297121 2.679399967193604 -1.5306500196456907 -0.079350002110004411 -13.494700431823729 1.0938000082969668 -2.1870499849319454 1.5000000000000002
decision_type=2 2 2 2 2 2 2 2 2 2 2 2 2 2
left_child=2 5 3 -1 -5 10 -7 13 12 -10 -2 -9 -4 -3
right_child=1 7 8 4 -6 6 -8 11 9 -11 -12 -13 -14 -15
leaf_value=0.022172438816844046 0.012920142700124117 -0.0013314914795815439 -0.0012194044861096613 -0.0058120077705581495 0.012874792970587934 0.0047195133856579238 -0.023664451906665308 -0.0031242863324935761 -5.898757278161185e-05 -0.0029755740474429544 0.0051899493132059838 -0.020090875228213352 0.0096281855319419879 0.0043301171496767663
leaf_weight=41.954280182719231 131.36728194355965 326.93491744995117 79.228701487183571 73.728431448340416 68.483978003263474 31.490604817867279 24.992914929986 50.977029979228973 1238.9017025083303 2365.6246749162674 922.4763286113739 32.23063251376152 93.467980146408081 169.7193861156702
leaf_count=168 526 1308 317 295 274 126 100 204 4958 9467 3691 129 374 679
internal_value=0 0.00324848 -0.00123431 0.00762918 0.00307424 0.00545405 -0.00768513 -0.000942446 -0.00167367 -0.00197896 0.00618385 -0.0100944 0.00455808 0.000567849
internal_weight=0 1690.19 3961.39 184.167 142.212 1110.33 56.4835 579.862 3777.22 3604.53 1053.84 83.2077 172.697 496.654
internal_count=22616 6763 15853 737 569 4443 226 2320 15116 14425 4217 333 691 1987
is_linear=0
shrinkage=0.02


Tree=13
num_leaves=12
num_cat=0
split_feature=17 21 17 28 20 9 21 23 5 15 21
split_gain=41.6925 27.7975 42.3438 30.1137 38.0737 31.0475 19.2572 11.8197 11.0942 9.54799 9.72399
threshold=-4.7818000316619864 4.3371500968933114 4.7715499401092538 1.1611500382423403 -2.4904500246047969 0.48399999737739569 6.5650498867034921 -1.3550500273704527 0.456499993801117 0.45989999175071722 0.55524998903274547
decision_type=2 2 2 2 2 2 2 2 2 2 2
left_child=8 3 7 4 -2 -5 -4 -3 -1 10 -10
right_child=1 2 6 5 -6 -7 -8 -9 9 -11 -12
leaf_value=-0.0069089969953895223 0.019321993937195074 0.0053596185421727026 -0.012734179864238899 -0.00039607916708476646 -0.0014122444261338465 -0.0044326437475416527 -0.0012777521749059476 0.00060445093828284864 0.008945223219491337 0.01791226711346006 0.0029621293391748687
leaf_weight=25.488261565566063 60.919214606285095 770.01193471252918 66.221918508410454 2120.1159826517105 78.726231902837753 1200.3573445677757 519.62506513297558 300.88713999092579 188.63908110558987 26.473211631178856 293.81887872517109
leaf_count=102 244 3081 265 8484 315 4805 2079 1204 755 106 1176
internal_value=0 -0.000450959 0.00167309 -0.00147395 0.00756377 -0.00186222 -0.00262632 0.00404404 0.00541399 0.00608271 0.00535653
internal_weight=0 5116.86 1656.75 3460.12 139.645 3320.47 585.847 1070.9 534.419 508.931 482.458
internal_count=22616 20477 6629 13848 559 13289 2344 4285 2139 2037 1931
is_linear=0
shrinkage=0.02


Tree=14
num_leaves=16
num_cat=0
split_feature=6 19 7 19 27 19 19 5 1 24 6 24 19 7 6
split_gain=56.2336 37.0953 26.9544 24.369 18.6651 16.1008 17.4456 15.0435 15.6304 14.6741 7.73454 7.72135 11.8211 7.59737 6.55653
threshold=1.317349970340729 0.25714999437332159 1.8730500340461733 1.0938000082969668 -0.079350002110004411 -1.5306500196456907 -2.1870499849319454 1.391499996185303 0.83845001459121715 12.222199916839601 1.8148500323295595 1.8976500034332278 0.23020000010728839 1.3015499711036684 0.90294998884201061
decision_type=2 2 2 2 2 2 2 2 2 2 2 2 2 2 2
left_child=4 7 10 -4 11 6 -6 8 -2 -7 -3 14 -13 -9 -1
right_child=1 2 3 -5 5 9 -8 13 -10 -11 -12 12 -14 -15 -16
leaf_value=0.0013294071842385707 0.01947950896608059 0.0034561435052139124 -0.0023443467689655381 -0.018990006371274661 -0.0034706060045124015 -0.0023531504408843612 0.012224650855270252 0.002170949415434375 0.0037348563129748612 -0.015707796817010226 -0.0027304264025117208 -0.0022088110733321353 0.0027950738368460988 0.012738300533769384 0.0068211092872329628
leaf_weight=424.54545667767525 25.740997776389122 305.19256414473057 117.45711524784565 51.704755842685699 48.236867293715477 2437.0999410003424 61.734872922301292 39.966730773448944 900.05711136758327 32.984836846590042 105.47284503281116 560.92363530397415 281.5654276907444 144.38431239128113 113.96192367374897
leaf_count=1699 103 1221 470 207 193 9754 247 160 3602 132 422 2245 1127 578 456
internal_value=0 0.00315561 -0.00091428 -0.00763137 -0.00120052 -0.00220647 0.00519078 0.00529821 0.00421475 -0.00254586 0.00181587 0.000664618 -0.000511437 0.0105793 0.00253915
internal_weight=0 1689.98 579.827 169.162 3961.05 2580.06 109.972 1110.15 925.798 2470.08 410.665 1381 842.489 184.351 538.507
internal_count=22616 6763 2320 677 15853 10326 440 4443 3705 9886 1643 5527 3372 738 2155
is_linear=0
shrinkage=0.02


Tree=15
num_leaves=14
num_cat=0
split_feature=23 5 5 12 13 13 24 4 1 1 4 3 3
split_gain=45.9996 22.6459 20.5005 18.3491 23.0229 15.7778 11.6749 9.98786 10.9533 8.3793 7.23843 4.33812 3.23937
threshold=-6.9115998744964591 0.44650000333786016 2.1635000705718999 11.500000000000002 0.054076500236988075 0.009809000417590143 5.3181998729705819 11.345200061798097 1.4159500002861025 1.4430999755859377 14.944550037384035 23.888299942016605 46.933650970458991
decision_type=2 2 2 2 2 2 2 2 2 2 2 2 2
left_child=3 9 5 4 6 -3 -1 12 -9 11 -4 -2 -5
right_child=1 2 10 7 -6 -7 -8 8 -10 -11 -12 -13 -14
leaf_value=0.0029442401037353396 -4.1180220995947428e-05 -0.00031948411775267689 0 -0.0063507716054111516 0.019090261844946027 -0.0029755426348618357 0.010220516311023924 -0.004066871424147073 0.0035753686442201323 0.012467937785546421 0.0066053468862907003 0.004422240976203271 0.00081495471344387982
leaf_weight=431.00574254989624 143.66865600645542 1474.800434678793 118.19048373401165 87.694118514657021 47.708677858114243 2347.0660397708416 115.89762559533119 90.220797419548035 381.72970546782017 37.987425848841667 151.17702558636665 190.64307907223701 28.478827685117722
leaf_count=1725 575 5902 473 351 191 9394 464 361 1528 152 605 763 114
internal_value=0 -0.00114334 -0.00157668 0.00329018 0.00576977 -0.00195619 0.00453854 0.000743756 0.00206664 0.00355647 0.00372137 0.00245006 -0.0044315
internal_weight=0 4463.53 4091.23 1182.74 594.612 3821.87 546.903 588.123 471.951 372.299 269.368 334.312 116.173
internal_count=22598 17864 16374 4734 2380 15296 2189 2354 1889 1490 1078 1338 465
is_linear=0
shrinkage=0.02


Tree=16
num_leaves=16
num_cat=0
split_feature=6 9 9 7 6 22 7 9 7 7 6 13 7 12 22
split_gain=49.9689 38.6334 25.8608 24.1549 23.4617 23.3144 29.8779 22.8615 18.379 22.3038 18.9421 17.6525 16.0204 15.6528 13.4532
threshold=1.3648999929428103 1.7401000261306765 0.48399999737739569 1.7972499728202822 1.1652500033378603 6.7023501396179208 0.84505000710487377 9.8603997230529803 2.5738500356674199 1.7840500473976137 3.5961500406265263 0.032338500022888191 0.46735000610351568 6.5000000000000009 10.542399883270265
decision_type=2 2 2 2 2 2 2 2 2 2 2 2 2 2 2
left_child=2 8 4 14 11 12 -7 -5 9 -2 -10 -1 -4 -6 -3
right_child=1 3 5 7 13 6 -8 -9 10 -11 -12 -13 -14 -15 -16
leaf_value=0.00029930106631466635 0.0048562882217611002 -0.001084040196901616 0.010155327341348544 0.00025173196871398332 0.0016593993195064931 0.0088799745744450823 -0.002253400220704051 -0.010187589549428699 -0.0041716456882948715 0.013147112033145159 0.014621761860117346 0.0077977003269102587 -0.0052319528545315694 -0.0077460781959930889 0.0057287395563504961
leaf_weight=1888.3333251327276 421.86271125078201 200.45814402401447 25.97156149148941 184.70816610753536 96.453398540616035 120.21029785275459 470.31352469325066 147.39840577542782 110.66819041967392 197.29790523648262 25.4680145829916 134.19518265128136 1129.3823847770691 233.1400959789753 260.21553540229797
leaf_count=7557 1689 802 104 739 386 481 1882 590 443 790 102 537 4522 933 1041
internal_value=0 0.00284991 -0.00136574 -0.000210419 0 -0.00320911 0 -0.00433817 0.00608459 0.00754738 -0.000428998 0.000810313 -0.00486028 -0.00493644 0.00272497
internal_weight=0 1548.08 4098 792.78 2352.12 1745.88 590.524 332.107 755.297 619.161 136.136 2022.53 1155.35 329.593 460.674
internal_count=22598 6196 16402 3172 9413 6989 2363 1329 3024 2479 545 8094 4626 1319 1843
is_linear=0
shrinkage=0.02


Tree=17
num_leaves=14
num_cat=0
split_feature=23 28 7 7 9 22 7 13 28 13 7 19 19
split_gain=43.3465 33.7787 30.1601 26.0548 24.0795 28.2196 30.4309 20.4121 18.1442 17.1184 22.6444 13.8358 12.4149
threshold=-6.9115998744964591 2.4264500141143803 0.8899500072002412 2.5738500356674199 -0.39435000717639918 7.0864000320434579 0.84505000710487377 0.032338500022888191 5.2077000141143808 0.0083725000731647032 0.82064998149871837 -1.0345500111579893 -1.5978500247001646
decision_type=2 2 2 2 2 2 2 2 2 2 2 2 2
left_child=1 2 -1 -4 9 7 -7 -6 11 10 -2 -3 -11
right_child=4 8 3 -5 5 6 -8 -9 -10 12 -12 -13 -14
leaf_value=-0.011390579331205266 -0.0011593754555722668 0.0041661083278241272 0.0078639467462403509 -0.0019086129109270134 -0.004466448273618407 0.0099449192321739693 -0.00087810029821736555 0.0038909667461104183 -0.014819638387874706 0.0067713670347404444 0.0061410506615833284 -0.0042018845267568928 -0.001630118137581597
leaf_weight=38.979437798261642 278.68311630189419 145.40849126875401 663.86421629786491 126.39270140230656 1579.8654722124338 114.71608656644821 1010.6823236197233 122.90880864858627 37.980681121349335 74.972268581390381 418.07265396416187 169.92475497722626 863.27026765048504
leaf_count=156 1115 582 2658 506 6326 459 4044 492 152 300 1673 680 3455
internal_value=0 0.00319715 0.00540801 0.00627522 -0.00110691 -0.00222549 0.000215225 -0.00384953 -0.00193594 0.000815931 0.00319494 -0.000278986 -0.000930991
internal_weight=0 1182.55 829.236 790.257 4463.17 2828.17 1125.4 1702.77 353.314 1635 696.756 315.333 938.243
internal_count=22598 4734 3320 3164 17864 11321 4503 6818 1414 6543 2788 1262 3755
is_linear=0
shrinkage=0.02


Tree=18
num_leaves=15
num_cat=0
split_feature=22 24 7 7 1 7 16 19 22 7 7 19 15 22
split_gain=33.2653 24.4481 21.4686 22.4743 15.9203 20.5379 15.9295 15.2212 11.6374 10.9934 16.1669 8.56606 5.18606 3.00418
threshold=6.4381999969482431 2.944199919700623 0.79035001993179332 0.75955000519752514 6.5923500061035165 2.7003500461578374 3.0623999834060673 0.41785000264644628 18.419150352478031 1.5713999867439272 1.4338499903678896 -0.10095000267028807 -2.6556999683380123 15.997200012207033
decision_type=2 2 2 2 2 2 2 2 2 2 2 2 2 2
left_child=1 9 3 -3 5 6 -2 -4 -7 10 -1 -11 -6 -14
right_child=4 2 7 -5 12 8 -8 -9 -10 11 -12 -13 13 -15
leaf_value=5.8052992061227641e-05 0.0024390647189035815 -0.0056888010673286872 -0.0010998511065561599 -0.020764639985700991 0.017365161273291935 -0.0082543407820655362 -0.001645077572642646 -0.006677873535478958 0.0031627798207479723 0 0.014178547548658955 -0.014060259233555821 0.010139223703665238 5.0595890094114672e-05
leaf_weight=1504.6859069913626 1930.3294014781713 200.53384231030941 868.90911896526814 51.189768776297569 27.707771986722946 136.16849575936794 469.35110758244991 256.90928189456463 44.71269579231739 29.979356989264488 32.225182771682739 37.476847931742668 28.728839918971062 26.460323333740234
leaf_count=6023 7726 803 3479 205 111 545 1878 1029 179 120 129 150 115 106
internal_value=0 -0.0016513 -0.00360471 -0.00890375 0.00142263 0.00113467 0.00163157 -0.00239529 -0.00532027 1.46765e-05 0.000376156 -0.00781424 0.0100282 0.00574518
internal_weight=0 2981.91 1377.54 251.724 2663.46 2580.56 2399.68 1125.82 180.881 1604.37 1536.91 67.4562 82.8969 55.1892
internal_count=22598 11938 5516 1008 10660 10328 9604 4508 724 6422 6152 270 332 221
is_linear=0
shrinkage=0.02


Tree=19
num_leaves=13
num_cat=0
split_feature=9 28 16 7 28 22 7 22 7 12 7 5
split_gain=40.4395 26.3606 27.5059 28.2308 19.8731 19.0659 16.497 24.9033 21.2843 14.153 13.3315 11.2996
threshold=-3.8880499601364131 2.3158500194549565 -0.15515000373125074 0.93075001239776622 5.2077000141143808 5.485149860382081 1.3670499920845034 4.7220499515533456 1.018549978733063 11.500000000000002 1.3910500407218935 1.1405000090599062
decision_type=2 2 2 2 2 2 2 2 2 2 2 2
left_child=4 2 3 -2 9 -4 8 -8 -3 11 -11 -1
right_child=1 6 5 -5 -6 -7 7 -9 -10 10 -12 -13
leaf_value=0.0042571911731185113 -0.00012558339292650987 -0.0014478491169917919 -0.0034574424655918522 0.0094986380237830365 -0.0091300744163119781 0.001664553916329874 0.01136237522878851 -0.00098434632362201014 -0.0057745525223174034 -0.00092458082001330209 0.0054728077709856491 0.011077532394607063
leaf_weight=406.1821054071188 223.60752813518047 1087.0784430354834 537.92820499837399 256.76650509238243 48.475342199206352 625.22531063854694 69.429718121886253 900.1940973252058 803.12504757940769 345.82920084893703 204.24944041669369 137.07059744000435
leaf_count=1626 895 4352 2154 1028 194 2502 278 3603 3215 1384 818 549
internal_value=0 -0.00104929 0.000960334 0.00498619 0.00316225 -0.000687991 -0.00221113 -6.88611e-05 -0.00329887 0.00373338 0.00142016 0.006032
internal_weight=0 4503.35 1643.53 480.374 1141.81 1163.15 2859.83 969.624 1890.2 1093.33 550.079 543.253
internal_count=22598 18027 6579 1923 4571 4656 11448 3881 7567 4377 2202 2175
is_linear=0
shrinkage=0.02


Tree=20
num_leaves=15
num_cat=0
split_feature=6 9 28 17 6 22 7 7 19 6 7 17 9 7
split_gain=54.6742 33.4862 29.3361 21.4557 18.6548 16.0325 19.0051 14.6145 26.9724 14.5848 13.4854 12.4508 20.3594 0.0889283
threshold=1.2745000123977663 2.4565500020980839 1.1611500382423403 -5.0366001129150382 1.1925500035285952 24.085800170898441 1.7840500473976137 2.5738500356674199 -1.6858999729156492 0.79584997892379772 1.7840500473976137 1.1498500108718874 1.7401000261306765 1.1589500308036806
decision_type=2 2 2 2 2 2 2 2 2 2 2 2 2 2
left_child=2 7 11 9 -5 6 -3 10 -9 -4 -2 13 -13 -1
right_child=1 5 3 4 -6 -7 -8 8 -10 -11 -12 12 -14 -15
leaf_value=0.010190283867414766 0.0046636649737435134 0.001613674515621407 0.018687923860518454 -0.0018000337334420438 -0.0076868681093533245 0.012115883591832306 -0.0047197198145525745 0.017891490253555988 -0.0044493114673641743 0.0023023882822924202 0.010508508334516796 -0.0081622166961024274 0.008870855541756182 0.018080579124141981
leaf_weight=25.195589140057564 587.83563823997974 493.37317131459713 24.989242494106293 3222.1477081477642 232.81684076786041 39.477347508072853 304.31188541650772 25.199683547019958 121.42148272693157 165.93853542208672 231.11464487016201 41.460377886891365 78.693537890911102 25.954124331474304
leaf_count=101 2354 1974 100 12899 932 158 1218 101 486 664 926 166 315 104
internal_value=0 0.00277012 -0.00145471 -0.00183966 -0.00220462 -0.000134592 -0.000780319 0.00530677 -0.000378942 0.00463738 0.00634832 0.00658527 0.00280948 0.0148474
internal_weight=0 1802.73 3817.2 3645.89 3454.96 837.162 797.685 965.571 146.621 190.928 818.95 171.304 120.154 51.1497
internal_count=22498 7217 15281 14595 13831 3350 3192 3867 587 764 3280 686 481 205
is_linear=0
shrinkage=0.02


Tree=21
num_leaves=15
num_cat=0
split_feature=23 28 28 17 7 7 7 22 13 22 9 7 23 28
split_gain=41.2857 20.5889 19.6091 21.8132 19.548 21.6986 19.1902 16.2638 21.8202 15.6737 30.2141 13.4671 9.31257 6.64975
threshold=-6.9115998744964591 2.4693499803543095 1.1611500382423403 1.3385500311851504 0.8899500072002412 2.5738500356674199 0.84505000710487377 13.596300125122072 0.0088545000180602091 6.4381999969482431 1.7968499660491946 1.823450028896332 -14.297500133514403 0.98125001788139354
decision_type=2 2 2 2 2 2 2 2 2 2 2 2 2 2
left_child=1 4 3 13 -1 -6 -5 8 -3 10 -4 -11 -9 -2
right_child=2 7 9 6 5 -7 -8 12 -10 11 -12 -13 -14 -15
leaf_value=-0.0086953300230409782 0.0063827652746662614 0.0075400030593001412 -0.00097344575059553871 0.013832133647751455 0.0070503396815226813 -0.0017939635159658423 -0.0020796069990523382 -0.00028360259183940169 -0.0035617273406597385 0.0012710470329632536 -0.0058720192071903257 -0.0033073691408891698 -0.016572392360167731 0.021112035707611127
leaf_weight=38.228855535387993 29.200869336724281 122.68737672269344 1968.0748491287231 36.465091660618782 670.80697953701019 128.38677260279655 153.90981110930443 26.953021973371506 162.64527544379234 1206.5595929920673 682.89090321958065 324.56245993077755 35.716752350330353 32.440299212932587
leaf_count=153 117 491 7879 146 2687 514 616 108 651 4828 2736 1299 143 130
internal_value=0 0.00321687 -0.000982992 0.00440616 0.00491786 0.00560408 0.00092003 -0.000821394 0.00115161 -0.0013135 -0.0022446 0.00028595 -0.00999551 0.014667
internal_weight=0 1185.43 4434.1 252.016 837.423 799.194 190.375 348.002 285.333 4182.09 2650.97 1531.12 62.6698 61.6412
internal_count=22498 4747 17751 1009 3354 3201 762 1393 1142 16742 10615 6127 251 247
is_linear=0
shrinkage=0.02


Tree=22
num_leaves=15
num_cat=0
split_feature=17 22 21 22 17 1 25 22 7 18 22 19 7 7
split_gain=34.2249 24.624 23.0368 16.913 16.4379 15.5803 13.6386 11.5213 10.8133 13.1753 11.8331 8.01807 14.7907 5.63502
threshold=-5.0366001129150382 6.353450059890748 1.8769499659538271 24.085800170898441 5.6818501949310312 2.4794000387191777 4.5000000000000009 2.4222000837326054 1.206649959087372 -1.0974000096321104 9.4218997955322283 -2.0379999876022334 2.9229999780654912 1.3304499983787539
decision_type=2 2 2 2 2 2 2 2 2 2 2 2 2 2
left_child=5 2 7 4 -3 8 -4 -2 10 -10 -1 13 -13 -7
right_child=1 3 6 -5 -6 11 -8 -9 9 -11 -12 12 -14 -15
leaf_value=0.0041362898605958424 -0.0031574987599039513 0.0015347908626165746 -0.004160622809119675 0.013420119511660866 -0.0028795804905271927 0.0062051808158142098 0.0067335798327192598 0.00084487208144600997 0.018286815487550175 0.0011859429496221877 -0.0079747413436357974 0.0083871307209638785 -0.0057714949012495709 0.019513213923832051
leaf_weight=53.217710807919502 381.8829579949379 1828.3122746944427 1268.7609750926495 41.965481653809547 410.55201788246632 28.712039515376091 45.454887747764587 1150.249607399106 24.968603357672691 69.174407154321671 74.458633229136467 169.34832133352757 33.222152233123779 38.87191604077816
leaf_count=213 1529 7318 5082 168 1643 115 182 4605 100 277 298 679 133 156
internal_value=0 -0.000578639 -0.00182151 0.000963751 0.000715452 0.00493783 -0.00376378 -0.00014108 0.000900294 0.00607618 -0.00277831 0.00816368 0.00594988 0.014324
internal_weight=0 5127.18 2846.35 2280.83 2238.86 491.974 1314.22 1532.13 221.819 94.143 127.676 270.154 202.57 67.584
internal_count=22498 20527 11398 9129 8961 1971 5264 6134 888 377 511 1083 812 271
is_linear=0
shrinkage=0.02


Tree=23
num_leaves=15
num_cat=0
split_feature=23 1 27 5 7 13 15 1 13 7 7 12 12 5
split_gain=38.4934 19.7076 16.3842 15.1823 21.2297 13.6674 17.3598 17.1376 12.3077 11.9376 21.7384 11.5314 6.40839 3.66128
threshold=-6.9115998744964591 1.8057499527931216 -0.73725000023841847 0.44650000333786016 0.79554998874664318 -0.04833600111305713 0.95235002040863048 1.6550499796867373 -0.0029095000354573126 2.7003500461578374 1.8397499918937685 11.500000000000002 7.5000000000000009 0.40850000083446508
decision_type=2 2 2 2 2 2 2 2 2 2 2 2 2 2
left_child=1 2 -1 4 13 7 -7 -5 -6 10 -3 -4 -11 -2
right_child=3 9 11 5 8 6 -8 -9 -10 12 -12 -13 -14 -15
leaf_value=0.010883125085719255 -0.0074955290767978119 0.0040109375449283507 0.0012413964937170383 0.013336622983576241 -0.0021102648822386794 -0.0023217058698966433 0.0006491334079618945 -0.001345236397152256 0.0081098020052325012 -0.008678839944038147 0.012857343410584053 -0.0057084501231132413 0.0019478038382692603 0.00024481608558986774
leaf_weight=45.461254552006721 67.190014749765396 506.20646820962429 219.32943947613239 55.708827048540115 56.453331172466278 2876.1704871207476 1069.417202219367 67.152923107147217 211.06788545846939 30.968482881784439 147.14706663787365 163.38843834400177 72.672170102596283 30.475953012704849
leaf_count=182 269 2028 878 223 226 11516 4281 269 845 124 590 654 291 122
internal_value=0 0.00310744 -0.000277841 -0.000948286 0.00293613 -0.0013025 -0.00151146 0.00520437 0.00587882 0.00504648 0.00605048 -0.00168063 -0.00108897 -0.00489951
internal_weight=0 1185.17 428.179 4433.64 365.187 4068.45 3945.59 122.862 267.521 756.994 653.354 382.718 103.641 97.666
internal_count=22498 4747 1714 17751 1462 16289 15797 492 1071 3033 2618 1532 415 391
is_linear=0
shrinkage=0.02


Tree=24
num_leaves=15
num_cat=0
split_feature=6 9 28 24 7 1 21 22 7 17 9 7 12 12
split_gain=49.7719 31.0431 27.2537 19.3833 21.1381 18.9966 22.849 14.7703 18.1435 11.5251 19.523 10.1509 7.91294 0.349742
threshold=1.2745000123977663 2.4565500020980839 1.1611500382423403 2.3591500520706181 0.79035001993179332 2.1151999235153203 6.4869499206542978 24.085800170898441 1.7840500473976137 1.1498500108718874 1.7401000261306765 2.5738500356674199 6.5000000000000009 12.500000000000002
decision_type=2 2 2 2 2 2 2 2 2 2 2 2 2 2
left_child=2 5 9 12 -5 6 -2 8 -3 13 -11 -7 -4 -1
right_child=1 7 3 4 -6 11 -8 -9 -10 10 -12 -13 -14 -15
leaf_value=0.0095512234416008767 9.2179336367495089e-06 0.0015697816481390736 0.002148513798933372 -0.0070354877907384929 -0.0019834836852940926 0.0089916843604700876 0.014451393761985966 0.011610642423655766 -0.0046184001217371429 -0.0080145518750349195 0.0086648581712867011 0.0021493171079814879 -0.00098315533283826703 0.017765132964974759
leaf_weight=25.432088822126389 366.64038418233395 493.3436664044857 459.88407509028912 418.66076338291168 1692.5990523248911 429.38703916966915 49.205986768007278 39.463377043604851 304.25413413345814 41.453264907002449 78.677386716008186 119.84933003783226 1074.0167100578547 25.67985925078392
leaf_count=102 1468 1974 1841 1677 6778 1722 197 158 1218 166 315 480 4299 103
internal_value=0 0.00264794 -0.00138363 -0.00175484 -0.00299762 0.00509127 0.00179667 -0.000147923 -0.000768565 0.00636648 0.00272556 0.00754157 -3.04206e-05 0.0143236
internal_weight=0 1802.14 3816.4 3645.16 2111.26 965.083 415.846 837.061 797.598 171.243 120.131 549.236 1533.9 51.1119
internal_count=22498 7217 15281 14595 8455 3867 1665 3350 3192 686 481 2202 6140 205
is_linear=0
shrinkage=0.02


Tree=25
num_leaves=11
num_cat=0
split_feature=23 20 13 19 13 7 12 5 7 9
split_gain=49.227 25.6949 15.926 15.0826 15.7167 14.8313 13.3395 11.9729 13.5526 12.7195
threshold=-7.1232500076293936 -9.7704501152038556 0.055205499753355987 0.66330000758171093 0.014837999828159811 1.0378499627113345 11.500000000000002 0.44650000333786016 0.79554998874664318 -5.0013499259948722
decision_type=2 2 2 2 2 2 2 2 2 2
left_child=2 -2 3 5 -5 -1 -4 8 -3 -9
right_child=1 7 6 4 -6 -7 -8 9 -10 -11
leaf_value=-0.0009093403036405525 0.017531406966740489 -0.0039866259798915157 0.020555860430193099 -0.013467737560479323 0.0056416541814926528 0.005028923796858981 0.0040896677282270082 0.0037486346758439648 0.0047531702640662126 -0.0015789361706048499
leaf_weight=209.09667904675007 28.943431660532951 93.147253334522247 39.871141687035561 41.963367834687233 26.213495418429375 754.86182624101639 46.438693389296532 184.80124849081039 268.30366179347038 3939.4588766694069
leaf_count=837 116 373 160 168 105 3025 186 740 1074 15774
internal_value=0 -0.000898112 0.00378686 0.00306352 -0.00585586 0.00372049 0.0120737 -0.00102536 0.00244093 -0.00133452
internal_weight=0 4514.65 1118.45 1032.14 68.1769 963.959 86.3098 4485.71 361.451 4124.26
internal_count=22558 18077 4481 4135 273 3862 346 17961 1447 16514
is_linear=0
shrinkage=0.02


Tree=26
num_leaves=16
num_cat=0
split_feature=6 19 7 19 7 7 17 23 22 7 19 22 6 19 6
split_gain=55.5392 29.4336 22.5652 32.6997 20.9124 26.6763 15.8852 14.4416 16.7777 16.249 11.4844 9.56673 9.51871 13.446 10.9936
threshold=1.317349970340729 0.66330000758171093 1.4573499560356142 1.1930499672889712 1.700999975204468 1.5083000063896181 -4.5615000724792472 -7.0499000549316397 8.3311996459960955 2.9229999780654912 0.01664999965578318 15.471549987792971 1.0474500060081484 -0.0345499999821186 0.86695000529289257
decision_type=2 2 2 2 2 2 2 2 2 2 2 2 2 2 2
left_child=4 7 3 -3 5 6 -1 9 -9 -2 -7 -4 14 -14 -6
right_child=1 2 11 -5 12 10 -8 8 -10 -11 -12 -13 13 -15 -16
leaf_value=0.003598853557000228 0.0081414873624350188 -0.008300355574279928 -0.010398777270900239 0.011198157530555131 -0.0094880194975096831 0.012347722515126168 -0.00160967246243344 -0.0013478246340566876 0.0048180426830612437 -0.00152672741995023 0.0002244982479266755 -0.0010772541777926445 -0.020338515059998976 -0.0059069976555778262 0.0056820624145459096
leaf_weight=248.59912598133087 502.45712439715862 53.482787132263184 112.372911632061 89.71614408493042 35.716296210885048 82.690362259745598 3379.1648929864168 272.02098952233791 478.70785100758076 76.427101999521255 55.429041713476181 80.910349413752556 41.218127131462097 86.140860095620155 37.715433225035667
leaf_count=995 2016 214 450 359 143 331 13532 1089 1916 306 222 324 165 345 151
internal_value=0 0.00309544 -0.00214397 0.00376998 -0.00125474 -0.000912328 -0.00124634 0.00443701 0.00255846 0.00683012 0.00766287 -0.00662526 -0.00754136 -0.0108555 -0.00145612
internal_weight=0 1666.1 336.482 143.199 3966.67 3765.88 3627.76 1329.61 750.729 578.884 138.119 193.283 200.791 127.359 73.4317
internal_count=22558 6674 1347 573 15884 15080 14527 5327 3005 2322 553 774 804 510 294
is_linear=0
shrinkage=0.02


Tree=27
num_leaves=13
num_cat=0
split_feature=6 9 7 7 22 7 7 24 9 19 6 6
split_gain=53.3283 36.9596 20.1182 25.648 18.7845 18.5572 17.8751 16.2556 11.485 11.0192 9.58222 8.47382
threshold=1.317349970340729 1.6943500041961672 1.700999975204468 1.5083000063896181 24.085800170898441 4.5504000186920175 1.7840500473976137 11.388299942016603 -3.0887500047683711 0.01664999965578318 1.4101499915122988 1.0474500060081484
decision_type=2 2 2 2 2 2 2 2 2 2 2 2
left_child=2 5 3 7 6 10 -3 -1 -4 -5 -2 -10
right_child=1 4 8 9 -6 -7 -8 -9 11 -11 -12 -13
leaf_value=-0.001062931630888769 0.0016064779712751415 0.0017723294008643736 -0.015979960484250672 0.012103123296504851 0.013084437089908455 -0.0092020846183205867 -0.0043093738923867392 -0.013047963762220194 0.0012950890524683772 0.00022008668199057649 0.007682386881460306 -0.0081314161739019404
leaf_weight=3582.4029823541641 134.55606053769588 496.07407355308533 48.220307752490044 82.694428518414497 41.439779818058014 28.72429433465004 313.69964016973972 45.205200046300888 57.439056798815727 55.429336234927177 651.35856962203979 95.107515811920166
leaf_count=14346 539 1985 193 331 166 115 1256 181 230 222 2613 381
internal_value=0 0.00303328 -0.00122968 -0.000893722 9.40154e-05 0.00607611 -0.000561414 -0.00122135 -0.00739638 0.00751405 0.00667091 -0.00446644
internal_weight=0 1665.85 3966.5 3765.73 851.213 814.639 809.774 3627.61 200.767 138.124 785.915 152.547
internal_count=22558 6674 15884 15080 3407 3267 3241 14527 804 553 3152 611
is_linear=0
shrinkage=0.02


Tree=28
num_leaves=15
num_cat=0
split_feature=6 9 24 21 9 18 27 21 1 16 27 6 6 13
split_gain=51.2356 35.5023 14.4244 22.3348 17.0103 14.0304 12.6858 10.5274 8.47413 15.0912 9.28166 7.08117 6.93401 5.19355
threshold=1.317349970340729 1.6943500041961672 8.5420498847961444 6.4869499206542978 0.35040000081062322 0.14815000444650653 0.31454999744892126 6.5650498867034921 2.1151999235153203 1.057950019836426 1.7297500371932986 0.85345000028610241 3.953299999237061 0.04498299956321717
decision_type=2 2 2 2 2 2 2 2 2 2 2 2 2 2
left_child=2 8 3 4 -1 -5 12 -8 9 -2 -10 -4 -3 -13
right_child=1 6 11 5 -6 -7 7 -9 10 -11 -12 13 -14 -15
leaf_value=-0.0001403009207150849 0.0016597593016823783 0.00075222536459712737 0.0033648601377108535 -0.006056605820754216 -0.0030026595138820194 0.00869010788076479 -0.012985982218779968 -0.0012963726812268311 0.0086392590142918609 0.014642601749639527 0 -0.005646753449631791 0.010036172597400196 -0.015152482127561968
leaf_weight=2197.4757267683744 290.00645436346531 670.05231589078903 25.978385657072067 28.986499831080437 1349.7119697332382 144.16904880106449 46.710140436887741 100.96470001339912 431.36542581021786 40.956472083926201 52.071338757872581 190.06424468755722 33.444957315921783 29.972357481718063
leaf_count=8797 1162 2682 104 116 5409 577 187 404 1732 164 209 761 134 120
internal_value=0 0.0029735 -0.00120526 -0.000887921 -0.00123561 0.00608604 9.23884e-05 -0.00519084 0.00595636 0.0033659 0.00767791 -0.00590014 0.0012356 -0.00709476
internal_weight=0 1665.57 3966.36 3720.34 3547.19 173.156 851.172 147.675 814.4 330.963 483.437 246.015 703.497 220.037
internal_count=22558 6674 15884 14899 14206 693 3407 591 3267 1326 1941 985 2816 881
is_linear=0
shrinkage=0.02


Tree=29
num_leaves=15
num_cat=0
split_feature=9 1 15 5 5 13 4 3 5 5 1 17 24 3
split_gain=34.1688 18.0001 15.9854 13.8576 13.2077 11.6844 11.1785 11.6523 8.21026 7.07084 6.51653 4.47357 3.99697 0.589906
threshold=-3.9677000045776363 2.1457500457763676 -2.4758999347686763 0.36149999499320989 1.4814999699592593 -0.039056498557329171 20.02705001831055 17.332149505615238 0.99850001931190502 0.59849998354911815 2.9846500158309941 0.44120000302791601 1.3904500007629397 15.385149955749513
decision_type=2 2 2 2 2 2 2 2 2 2 2 2 2 2
left_child=1 6 4 11 13 -5 8 -8 -1 -3 -11 -4 -6 -2
right_child=2 9 3 5 12 -7 7 -9 -10 10 -12 -13 -14 -15
leaf_value=-0.0046108913095172016 0.015117516689106885 0.014456103755199678 0.0017598462016800165 0.004091481866337978 -0.005000290745076361 -0.0013614181755419738 -0.00128736093590856 0.0055826027587019145 0.0045785880417696283 0.0081891896375591872 0.0030655524497944231 0.0097895270746435267 0.0049933521086654867 0.0080731085549948234
leaf_weight=179.08384466171265 35.162589251995087 39.083614751696587 69.92906191945076 160.82105801999569 34.455882668495178 4101.0586352795362 155.36566115915775 250.74645194411278 46.711669862270355 185.06859160959721 258.19666604697704 55.936043590307236 27.692242443561554 32.174293741583824
leaf_count=717 141 157 280 644 138 16425 622 1004 187 742 1037 224 111 129
internal_value=0 0.00316518 -0.000743618 -0.000952511 0.00613472 -0.00115005 0.000904092 0.00290854 -0.00260982 0.00607798 0.00526337 0.00553502 -0.000222006 0.0122117
internal_weight=0 1114.26 4517.23 4387.74 129.485 4261.88 631.908 406.112 225.796 482.349 443.265 125.865 62.1481 67.3369
internal_count=22558 4466 18092 17573 519 17069 2530 1626 904 1936 1779 504 249 270
is_linear=0
shrinkage=0.02


Tree=30
num_leaves=16
num_cat=0
split_feature=6 9 7 6 7 17 22 5 6 17 22 6 2 21 7
split_gain=33.1699 25.056 21.8267 18.0352 17.7773 25.1417 19.7551 17.4922 15.9931 16.9423 14.904 14.2821 5.21639 6.73007 3.74926
threshold=1.317349970340729 1.6943500041961672 2.5738500356674199 3.5961500406265263 1.7840500473976137 4.6613500118255624 8.5345501899719256 2.2565000057220463 1.1925500035285952 -3.6590000391006465 15.021949768066408 1.4011500477790835 37.576999664306648 2.8777999877929692 0.69314998388290416
decision_type=2 2 2 2 2 2 2 2 2 2 2 2 2 2 2
left_child=7 2 11 -4 6 -6 -3 8 9 -1 -10 -2 13 -9 -14
right_child=1 4 3 -5 5 -7 -8 12 10 -11 -12 -13 14 -15 -16
leaf_value=0.0036629270694554816 0 -0.0039738925462460082 -0.0062470952426826078 0.011889289348335736 0.0016136204965106632 -0.0090483973370534005 0.0048161740352298003 -0.0048715062881753129 -0.0040401866268806232 -0.0013378604853770072 -0.019941920148783727 0.0076614403060780425 0.012933741255293013 0.0078379708427195431 0.0044917663670998352
leaf_weight=295.09645736217499 122.54450292885303 138.6627985984087 106.1144554913044 26.126866027712822 178.86572133004665 168.74979981780052 365.36745093762875 45.204284802079201 371.05500039458275 3012.1838171035051 25.215099185705185 559.98960635066032 29.713476747274399 24.972034111618996 133.86283801496029
leaf_count=1181 491 555 425 105 716 676 1462 181 1486 12065 101 2249 119 100 536
internal_value=0 0.00235708 0.00486223 -0.00245145 -1.90515e-05 -0.00351599 0.00235527 -0.00100833 -0.00134769 -0.000884641 -0.00515003 0.00631003 0.00426618 -2.13051e-05 0.00621604
internal_weight=0 1666.42 814.775 132.241 851.646 347.616 504.03 3937.3 3703.55 3307.28 396.27 682.534 233.753 70.1763 163.576
internal_count=22448 6679 3270 530 3409 1392 2017 15769 14833 13246 1587 2740 936 281 655
is_linear=0
shrinkage=0.02


Tree=31
num_leaves=16
num_cat=0
split_feature=6 9 7 19 13 19 7 19 21 7 7 18 22 6 14
split_gain=31.8645 24.0827 20.9664 18.9527 17.9721 24.5746 21.8138 19.3138 19.0546 17.5161 17.0662 41.2541 18.9819 13.7197 5.66146
threshold=1.317349970340729 1.6943500041961672 2.5738500356674199 -1.5978500247001646 0.0099984998814761656 -1.5978500247001646 0.84885001182556163 0.032150000333786018 0.052200000733137138 0.82064998149871837 1.7840500473976137 0.82985001802444469 8.5345501899719256 1.4011500477790835 1.0000000180025095e-35
decision_type=2 2 2 2 2 2 2 2 2 2 2 2 2 2 2
left_child=4 2 13 -4 8 6 -6 -7 14 -10 12 -12 -3 -2 -1
right_child=1 10 3 -5 5 7 -8 -9 9 -11 11 -13 -14 -15 -16
leaf_value=0.012556899506855021 0 -0.0038951529047815286 0.012759744915305958 -0.0061783675926888985 -0.0068470565794000668 -0.0044680966085006938 0.012362964729037416 -0.00062320133078793728 -0.0026501914795500981 0.0016581381571160797 0.0005832514563550009 -0.014985091565173414 0.0047203216925539452 0.007511871062906678 0.0029828850466299089
leaf_weight=61.947258248925209 122.54450292885303 138.6567917317152 24.862439304590225 107.37556193768978 30.982607632875443 1118.0908527374268 81.199055001139641 1006.6911616772413 617.2520274668932 968.01700973510742 257.04908654093742 90.522580519318581 365.35145144164562 559.73922869563103 52.960268497467041
leaf_count=248 491 555 100 430 124 4478 325 4034 2472 3876 1029 363 1462 2249 212
internal_value=0 0.00231065 0.00476719 -0.00239861 -0.000988107 -0.00216758 0.00686717 -0.002657 0.000552357 -7.38978e-06 -1.83614e-05 -0.00344539 0.00230751 0.00618679 0.00838064
internal_weight=0 1666.1 814.522 132.238 3937.14 2236.96 112.182 2124.78 1700.18 1585.27 851.58 347.572 504.008 682.284 114.908
internal_count=22448 6679 3270 530 15769 8961 449 8512 6808 6348 3409 1392 2017 2740 460
is_linear=0
shrinkage=0.02


Tree=32
num_leaves=16
num_cat=0
split_feature=6 27 6 1 27 12 21 15 1 6 22 1 12 4 24
split_gain=30.6081 20.9407 18.5637 11.9657 11.4322 9.94823 15.386 9.65231 10.6436 9.73009 7.86151 7.81141 7.76486 5.80269 4.65472
threshold=1.317349970340729 -0.065750002861022935 1.2041000127792361 2.703549981117249 0.044900000095367439 14.500000000000002 5.7530999183654794 -1.4314499497413633 1.9608500003814699 2.44694995880127 6.4814500808715829 1.2833999991416933 2.5000000000000004 42.687849044799812 2.1423500776290898
decision_type=2 2 2 2 2 2 2 2 2 2 2 2 2 2 2
left_child=1 5 3 -3 -4 12 -7 8 14 -10 13 -12 -1 -9 -2
right_child=7 2 4 -5 -6 6 -8 10 9 -11 11 -13 -14 -15 -16
leaf_value=0.0032650193426956315 -0.0085242646300492525 -0.0018644695588786702 -0.0099493044809228041 0.0036450633751988664 -0.0010006191742908933 0.0019972565089325261 0.014383209864432218 -0.0041129531550892712 0.009010126617527375 0.00044374176055213488 0.0069780349091583824 0.0015189680115781439 -0.0014934067456799953 0.0032675238421841024 0.0022977638561611428
leaf_weight=173.0128718316555 26.187430500984192 2103.046992212534 179.23250360786915 167.29752098023891 91.63557194173336 549.83221416175365 43.225745469331741 152.96431048214436 214.12498986721039 77.202892407774925 120.06732557713985 986.86036467552185 629.67021854221821 55.162139430642128 33.1738520860672
leaf_count=693 105 8424 718 670 367 2202 173 613 861 310 481 3955 2522 221 133
internal_value=0 -0.000968216 -0.0020515 -0.00144825 -0.00701032 0.000989854 0.00295638 0.00226512 0.00523126 0.00681771 0.00145557 0.00213492 -0.000440089 -0.00205491 -0.0022072
internal_weight=0 3936.95 2541.21 2270.34 270.868 1395.74 593.058 1665.74 350.689 291.328 1315.05 1106.93 802.683 208.126 59.3613
internal_count=22448 15769 10179 9094 1085 5590 2375 6679 1409 1171 5270 4436 3215 834 238
is_linear=0
shrinkage=0.02


Tree=33
num_leaves=14
num_cat=0
split_feature=22 17 9 13 17 13 17 21 5 13 13 5 5
split_gain=23.2475 27.5725 19.6943 18.2862 16.4532 24.0666 17.2356 17.062 14.9629 14.8399 6.57867 6.55758 8.89599
threshold=6.4381999969482431 -4.0542500019073477 0.83470001816749584 -0.030838000588119027 5.8180499076843271 0.055205499753355987 -1.0825500488281248 4.5774500370025644 0.37950000166893011 0.10269549861550333 0.028861000202596191 1.5705000162124636 0.91349998116493236
decision_type=2 2 2 2 2 2 2 2 2 2 2 2 2
left_child=1 11 3 -3 5 6 -2 -6 -4 -7 -9 12 -1
right_child=4 2 8 -5 7 9 -8 10 -10 -11 -12 -13 -14
leaf_value=0.010098569208595492 -0.00041906343711365312 0.010721714461404226 0.0079175159023785469 -0.00069596727130814644 0.012500615863054142 0.013756996190552054 0.0032144857268254696 -0.0017099857146887236 -0.0042329664700573181 0.00098632063778534727 -0.0076990896903385833 0.014985278075772226 -0.0029732274649956121
leaf_weight=46.133593320846558 1012.4619537442923 56.921254754066467 40.185983255505562 1698.9507272988558 27.45145657658577 107.47978051006794 1058.5547139644623 275.70794962346554 1038.9386358708143 60.339005276560783 106.65009562671185 39.170309111475945 33.418828830122948
leaf_count=185 4060 228 161 6804 110 431 4239 1104 4166 242 427 157 134
internal_value=0 -0.00122598 -0.00162836 -0.000308557 0.00135405 0.00203322 0.00142915 -0.00230353 -0.00375506 0.00931683 -0.00344841 0.00814891 0.00439027
internal_weight=0 2953.72 2835 1755.87 2648.64 2238.84 2071.02 409.81 1079.12 167.819 382.358 118.723 79.5524
internal_count=22448 11835 11359 7032 10613 8972 8299 1641 4327 673 1531 476 319
is_linear=0
shrinkage=0.02


Tree=34
num_leaves=16
num_cat=0
split_feature=6 9 27 6 19 27 24 6 19 27 19 12 9 18 27
split_gain=28.8908 22.8776 20.1554 18.006 16.1931 14.5215 17.1471 11.8845 19.1826 10.998 10.2668 9.5216 13.6439 9.30797 6.14799
threshold=1.317349970340729 1.6943500041961672 -0.065750002861022935 1.2041000127792361 -1.5306500196456907 0.57589998841285717 7.0583999156951913 1.4011500477790835 -0.049750000238418572 0.044900000095367439 0.66330000758171093 14.500000000000002 0.79559999704360973 -0.12975000590085981 -0.96815001964569081
decision_type=2 2 2 2 2 2 2 2 2 2 2 2 2 2 2
left_child=2 7 11 4 -4 10 -7 8 -2 -5 -3 12 -1 -13 -9
right_child=1 5 3 9 -6 6 -8 14 -10 -11 -12 13 -14 -15 -16
leaf_value=0.0018057987915507773 0.0043317965615652853 0.0027512373506480979 0.0067587749231349083 -0.0097709887620528318 -0.0017625461167873832 -0.020224682871230869 -0.002192114487564587 0.010919825866482972 -0.012066939865339141 -0.00098790959005599704 -0.0022355627364290965 -0.00031869407376400831 -0.0034501705225437325 0.0048015293766239323 0.0048608253366997558
leaf_weight=459.54038442671299 85.83113394677639 474.87082332372665 91.192079618573189 179.17434193193913 2178.914131090045 26.964709147810936 101.42795825004578 83.281110420823097 41.190304860472679 91.632194221019745 248.1582402586937 216.08278578519821 343.08226682245731 376.96073910593987 603.72626297175884
leaf_count=1840 344 1901 365 718 8729 108 406 335 165 367 994 865 1375 1510 2426
internal_value=0 0.00220165 -0.000939913 -0.00200286 -0.00140861 -6.79083e-05 -0.00626087 0.00459718 -0.000882454 -0.00688723 0.00101132 0.000980984 -0.000417484 0.00290485 0.00563919
internal_weight=0 1665.45 3936.58 2540.91 2270.11 851.422 128.393 814.029 127.021 270.807 723.029 1395.67 802.623 593.044 687.007
internal_count=22448 6679 15769 10179 9094 3409 514 3270 509 1085 2895 5590 3215 2375 2761
is_linear=0
shrinkage=0.02


Tree=35
num_leaves=15
num_cat=0
split_feature=6 28 7 6 19 28 7 6 12 9 19 18 12 25
split_gain=31.4435 34.8092 22.4062 34.6415 20.4558 22.7242 15.3539 14.0898 14.2922 13.4825 10.785 19.5095 14.382 6.30039
threshold=1.317349970340729 1.1611500382423403 2.7003500461578374 3.953299999237061 0.66330000758171093 3.8226500749588017 1.382350027561188 1.2243500351905825 4.5000000000000009 0.83470001816749584 0.24745000153779986 0.039249999448657043 12.500000000000002 -1.4999999999999998
decision_type=2 2 2 2 2 2 2 2 2 2 2 2 2 2
left_child=1 10 4 13 5 -2 -6 9 -9 -3 11 -1 -12 -4
right_child=2 7 3 -5 6 -7 -8 8 -10 -11 12 -13 -14 -15
leaf_value=0.011867372888172675 0.0051814293168664805 7.7885875823650736e-05 -0.00066799859993948085 0.013540160922239388 0.0043159628954653655 -0.0082946754251770841 -0.0049296514493901832 0.0032856434152412463 -0.0076818929637207942 -0.0024929995983111594 0.0045711575052032822 -0.0053808115611316907 0.021694161920581548 -0.0094026599782556577
leaf_weight=49.353149086236954 1108.2805183529854 2181.0040716230869 50.917105332016945 38.062861576676369 115.9306346476078 50.438462570309639 181.47123602032661 56.169716998934746 233.10140709578991 1289.1660984009504 46.709824204444885 52.192086607217789 39.426803961396217 132.28711619973183
leaf_count=198 4448 8733 204 153 464 202 727 225 934 5168 187 209 158 530
internal_value=0 -0.000808101 0.00245898 -0.00341489 0.00336701 0.00457093 -0.0012562 -0.00123308 -0.00547937 -0.000871878 0.00756012 0.00284112 0.0127973 -0.00710046
internal_weight=0 3947.12 1677.39 221.267 1456.12 1158.72 297.402 3759.44 289.271 3470.17 187.682 101.545 86.1366 183.204
internal_count=22540 15812 6728 887 5841 4650 1191 15060 1159 13901 752 407 345 734
is_linear=0
shrinkage=0.02


Tree=36
num_leaves=14
num_cat=0
split_feature=6 28 9 28 20 22 17 6 28 28 18 18 6
split_gain=30.1858 33.4831 18.5418 19.4566 16.8708 16.5773 16.542 26.1389 18.4166 16.3026 13.3984 13.3139 12.5612
threshold=1.317349970340729 1.1611500382423403 1.6943500041961672 3.843599915504456 -3.5315500497817989 8.1496500968933123 -4.7818000316619864 0.78284999728202831 4.7958500385284433 1.973349988460541 0.17535000294446948 0.82985001802444469 1.4101499915122988
decision_type=2 2 2 2 2 2 2 2 2 2 2 2 2
left_child=1 4 3 12 -1 9 7 -3 -8 -4 -6 -7 -2
right_child=2 6 5 -5 10 11 8 -9 -10 -11 -12 -13 -14
leaf_value=0.021158363377615255 -0.00025824810039291803 0.020257066609973867 -0.014032966420325475 -0.0075742877366993299 -0.0015515997724104048 0.0040033693204815412 -0.0012476530352498803 0.0010905411418696031 -0.0084012534257931083 -0.0010747551745391843 0.0098962459267027299 -0.001973225180634028 0.0064469905181879367
leaf_weight=29.818845838308334 127.94546177983284 32.450687408447266 53.42668642103672 47.69834853708744 71.904815390706062 422.66339375078678 3364.2042979300022 211.82710961997509 150.76862987875938 150.54850615561008 85.905105158686638 224.22608451545238 650.61163672804832
leaf_count=120 513 130 214 191 288 1692 13478 848 604 603 344 898 2617
internal_value=0 -0.000791552 0.00240972 0.00454367 0.00741664 0.000311099 -0.00120842 0.00379043 -0.00156248 -0.00461834 0.00457727 0.00190103 0.0053205
internal_weight=0 3946.88 1677.12 826.255 187.629 850.865 3759.25 244.278 3514.97 203.975 157.81 646.889 778.557
internal_count=22540 15812 6728 3321 752 3407 15060 978 14082 817 632 2590 3130
is_linear=0
shrinkage=0.02


Tree=37
num_leaves=15
num_cat=0
split_feature=6 28 18 28 22 18 24 5 24 22 6 5 18 16
split_gain=28.9674 32.1901 14.6816 32.4255 28.1855 16.4623 13.9646 22.0231 12.7132 10.6884 23.1645 11.3121 9.51274 8.37211
threshold=1.317349970340729 1.1611500382423403 -0.038149999454617493 3.8226500749588017 8.3311996459960955 0.82985001802444469 2.3591500520706181 2.2095000743865971 3.6402000188827519 5.485149860382081 0.61535000801086437 1.0544999837875368 -0.18230000138282773 -1.607449948787689
decision_type=2 2 2 2 2 2 2 2 2 2 2 2 2 2
left_child=1 9 3 8 13 -6 12 -8 -2 10 -1 -11 -3 -4
right_child=2 6 4 -5 5 -7 7 -9 -10 11 -12 -13 -14 -15
leaf_value=0.017668328671588365 0.010228487802454903 -0.0014934206350645986 0.005521521937127705 -0.010552413169435193 0.0049565273149273711 -0.001361412552844814 -0.0027549814595844413 0.0054806582208162917 0.0037997458163109956 0.017905526258382726 -0.0033996127749216284 0.0023527718458046199 0.0016186503438219871 -0.0051974992154053832
leaf_weight=27.95754162967205 208.15279012918472 701.40168830752373 29.902666300535202 48.205788850784302 533.98822651803493 231.69287367165089 2035.7151982039213 136.31054966151714 342.82871100306511 55.078873381018639 71.106158941984177 33.424502238631248 885.60858434438705 282.02382156252861
leaf_count=112 838 2808 120 193 2140 928 8159 546 1379 221 285 134 3547 1130
internal_value=0 -0.000775361 0.00236086 0.00487604 0.00094057 0.00301937 -0.00118415 -0.00222665 0.00627879 0.00727387 0.00246341 0.0123472 0.000230558 -0.00409165
internal_weight=0 3946.6 1676.79 599.187 1077.61 765.681 3759.04 2172.03 550.982 187.567 99.0637 88.5034 1587.01 311.926
internal_count=22540 15812 6728 2410 4318 3068 15060 8705 2217 752 397 355 6355 1250
is_linear=0
shrinkage=0.02


Tree=38
num_leaves=12
num_cat=0
split_feature=23 20 28 12 13 21 16 28 28 19 19
split_gain=25.7839 20.4402 20.1411 21.9417 22.6649 16.5511 16.1465 16.1368 15.6864 10.1454 10.2297
threshold=-6.9115998744964591 -10.23460006713867 1.8417999744415285 11.500000000000002 0.055205499753355987 6.4075000286102304 3.8768999576568608 1.257350027561188 3.8226500749588017 0.57949998974800121 -0.11344999819993971
decision_type=2 2 2 2 2 2 2 2 2 2 2
left_child=2 -2 9 4 -4 7 -7 -3 -5 10 -1
right_child=1 5 3 8 -6 6 -8 -9 -10 -11 -12
leaf_value=0.0060595815541557106 0.017074790698648316 0.0037755928147398905 0.003301722265471544 2.3018488091982479e-05 0.018031750870728291 0.0038748660993922469 -0.0015906280506003297 -0.0016427823720994682 -0.011354501340691525 -0.00088398936783479318 0.018672019992421084
leaf_weight=61.681809201836586 25.103508323431015 232.73268102109432 482.80426697432995 463.43869498372078 45.87569971382618 555.5142794251442 346.58457680046558 3275.4722804576159 52.694329157471657 25.437276482582092 55.50313064455986
leaf_count=248 101 933 1938 1860 185 2225 1388 13126 211 102 223
internal_value=0 -0.000543412 0.00277267 0.00178202 0.00464929 -0.000652077 0.00175345 -0.00127666 -0.0011196 0.00982775 0.01231
internal_weight=0 4435.41 1187.44 1044.81 528.68 4410.3 902.099 3508.2 516.133 142.622 117.185
internal_count=22540 17773 4767 4194 2123 17672 3613 14059 2071 573 471
is_linear=0
shrinkage=0.02


Tree=39
num_leaves=15
num_cat=0
split_feature=1 28 7 13 17 17 15 13 7 7 17 7 7 28
split_gain=25.8788 19.3603 19.9887 19.6589 25.3632 18.7313 17.8989 17.3555 11.1158 12.106 10.0814 7.23482 9.61979 5.52751
threshold=2.7329499721527104 4.7958500385284433 1.155550003051758 0.0083725000731647032 -4.3473000526428214 7.8810999393463144 -0.68665000796318043 0.0057540000416338452 2.7003500461578374 2.3855500221252446 0.86984997987747203 1.7972499728202822 2.5125000476837163 2.1442500352859502
decision_type=2 2 2 2 2 2 2 2 2 2 2 2 2 2
left_child=1 3 6 7 -5 8 -3 -1 9 -2 -10 13 -13 -7
right_child=5 2 -4 4 -6 11 -8 -9 10 -11 -12 12 -14 -15
leaf_value=0.0006772570753294598 0.0043625785152546712 0.0061998407510758238 -0.022898931563035997 0.0057203179541278478 -0.0018064116304386405 -0.0060197501359044812 -0.0084962930936328517 0.0067670064758232886 0.0025125316268905444 0.014530494500155177 -0.0093797492744941754 -0.015038215689559892 0 0.0044308827746600285
leaf_weight=1468.5684076249599 691.4231673181057 45.692872449755669 26.213675111532211 190.63631880283356 2542.587822586298 30.22134393453598 105.78145770728588 215.67921975255013 87.162261813879013 51.804216459393501 40.419396266341209 36.142321363091469 35.140909418463707 54.931260973215103
leaf_count=5884 2777 183 105 765 10191 121 424 864 350 208 162 145 141 220
internal_value=0 -0.000486911 -0.00694463 -0.000221117 -0.00127222 0.00302196 -0.00392039 0.00147251 0.00417641 0.00511675 -0.00114319 -0.00326303 -0.00793542 0.000462902
internal_weight=0 4595.16 177.688 4417.47 2733.22 1027.24 151.474 1684.25 870.809 743.227 127.582 156.436 71.2832 85.1526
internal_count=22540 18416 712 17704 10956 4124 607 6748 3497 2985 512 627 286 341
is_linear=0
shrinkage=0.02


Tree=40
num_leaves=15
num_cat=0
split_feature=6 28 9 28 22 9 6 18 22 18 9 24 21 23
split_gain=25.0806 31.9017 22.9145 24.3854 22.5411 16.0468 14.2523 11.8363 11.5225 8.40379 7.84497 7.13661 4.49299 3.32124
threshold=1.3648999929428103 1.1036000251770022 1.6943500041961672 3.843599915504456 5.485149860382081 -0.70414999127387989 1.2041000127792361 3.3507000207901005 22.028050422668461 0.034450000151991851 16.638249397277836 14.368599891662599 12.940900325775148 -2.7145999670028682
decision_type=2 2 2 2 2 2 2 2 2 2 2 2 2 2
left_child=1 4 3 11 9 6 -3 -7 10 -1 -4 -2 -10 -6
right_child=2 5 8 -5 13 7 -8 -9 12 -11 -12 -13 -14 -15
leaf_value=0.0095155112195461685 0.004892504255351056 0.00072148474336028543 -0.00040274568646839367 -0.01007176738153585 0.021566741921174724 -0.0023619676831143446 -0.004524547232597426 -0.015170336116994797 0.01353705122978421 -0.0038634770880410104 -0.0074484664462733073 0.014553992182279181 0.0022794343826029774 0.010682373192980347
leaf_weight=26.921623706817627 667.73941700160503 1548.5421341955662 655.79696415364742 41.454834669828415 31.06743723154068 2086.9864957630634 238.08676752448082 28.943840369582176 28.419731959700584 55.443723171949387 70.065810665488243 33.9376280605793 38.673563987016678 42.673943027853966
leaf_count=108 2688 6200 2626 166 125 8367 954 116 114 222 281 137 155 171
internal_value=0 -0.00101586 0.00198267 0.00450551 0.00780203 -0.00137562 9.06879e-06 -0.0025537 -0.000359168 0.000331307 -0.00111968 0.00540831 0.00747048 0.0157628
internal_weight=0 4058.67 1536.09 743.132 156.107 3902.56 1786.63 2115.93 792.956 82.3653 725.863 701.677 67.0933 73.7414
internal_count=22430 16263 6167 2991 626 15637 7154 8483 3176 330 2907 2825 269 296
is_linear=0
shrinkage=0.02


Tree=41
num_leaves=13
num_cat=0
split_feature=17 28 24 28 13 7 7 23 22 26 13 22
split_gain=26.3262 18.9804 20.3435 16.3629 15.6033 14.4119 10.5874 6.56216 5.85207 5.75533 4.58683 3.44087
threshold=-8.4544496536254865 4.7958500385284433 2.8088500499725346 1.0854499936103823 0.0048110000789165505 2.7003500461578374 0.79295000433921825 -13.822549819946287 16.638349533081058 1.0000000180025095e-35 -0.0029095000354573126 15.721650123596193
decision_type=2 2 2 2 2 2 2 2 2 2 2 2
left_child=7 3 4 6 -3 -5 -2 8 -1 -4 -9 -12
right_child=1 2 9 5 -6 -7 -8 10 -10 -11 11 -13
leaf_value=0.018473229777626471 0.017163466210669193 0.0083198041170058357 -0.004953219689957605 -0.00020574201774194859 -0.0071033803699105625 -0.005785939197650746 0.0033946730550646637 -0.00056428656658216204 0.0045614607614337223 -0.017644965398400572 0.013086066515845981 0.0022318645477630646
leaf_weight=35.408122465014458 26.15352563560009 43.456863358616829 26.941000327467918 4848.3189310878515 62.382339015603065 192.07204352319241 179.01963724195957 39.905495166778564 26.233576864004135 57.099829390645027 26.816474393010139 30.34832452237606
leaf_count=143 105 174 108 19436 250 770 718 161 106 229 108 122
internal_value=0 -0.000423361 -0.00662156 -0.000193966 -0.000564928 -0.000423457 0.00532153 0.00781213 0.0130392 -0.0139176 0.00418976 0.00780495
internal_weight=0 5435.44 189.88 5245.56 105.839 5040.39 205.173 158.712 61.6417 84.0408 97.0703 57.1648
internal_count=22430 21790 761 21029 424 20206 823 640 249 337 391 230
is_linear=0
shrinkage=0.02


Tree=42
num_leaves=15
num_cat=0
split_feature=1 9 28 16 28 9 22 9 26 25 9 22 22 9
split_gain=24.5728 18.4705 15.8398 16.5153 12.9431 13.2874 12.5828 8.00287 7.5609 7.03851 8.38167 5.93554 5.5239 4.33529
threshold=2.0378500223159794 -3.154399991035461 4.7958500385284433 0.39104999601840978 1.0854499936103823 0.52349999547004711 22.028050422668461 16.638249397277836 1.0000000180025095e-35 -1.4999999999999998 -4.3498501777648917 5.8856501579284677 5.485149860382081 14.814249992370607
decision_type=2 2 2 2 2 2 2 2 2 2 2 2 2 2
left_child=2 9 4 8 12 -6 7 -3 -4 11 -11 -2 -1 -8
right_child=1 6 3 -5 5 -7 13 -9 -10 10 -12 -13 -14 -15
leaf_value=0.00071968373494877517 0 0.00025352974593552435 0.0023169199885390078 -0.019249759492396601 5.5029887232391279e-06 -0.0024682083142723017 0.015313196554341142 -0.0070007158891544317 -0.0076641798334406517 0.0017220043675464658 0.010031513097521488 0.0094046177332234443 0.009022802743777673 0.0036647492871373349
leaf_weight=68.642857402563095 27.949268475174904 1093.9273580014706 47.663551211357117 35.608068123459816 1979.4773980975151 1524.6102842837572 26.142378583550453 63.289795324206352 71.086340263485909 328.42908777296543 58.559137061238289 160.43788397312164 70.69903627038002 37.421042278409004
leaf_count=275 112 4385 191 143 7930 6113 105 254 285 1322 235 646 284 150
internal_value=0 0.00174177 -0.00109561 -0.0073664 -0.00082251 -0.00106549 0.000330634 -0.000131649 -0.00350508 0.00469531 0.00305356 0.00792829 0.00510929 0.00892828
internal_weight=0 1796.16 3797.79 154.358 3643.43 3504.09 1220.78 1157.22 118.75 575.375 386.988 188.387 139.342 63.5634
internal_count=22430 7209 15221 619 14602 14043 4894 4639 476 2315 1557 758 559 255
is_linear=0
shrinkage=0.02


Tree=43
num_leaves=13
num_cat=0
split_feature=17 28 19 21 28 19 19 28 23 15 25 23
split_gain=24.7858 17.6807 19.1061 16.1822 14.94 13.8557 11.5702 8.84217 6.34512 7.79234 7.38223 2.33116
threshold=-8.4544496536254865 4.7958500385284433 -1.5978500247001646 1.8769499659538271 1.0854499936103823 -0.11344999819993971 -1.8853000402450559 5.2077000141143808 -13.822549819946287 -2.3894500732421871 -1.4999999999999998 -16.457650184631344
decision_type=2 2 2 2 2 2 2 2 2 2 2 2
left_child=8 2 6 5 -4 -3 -2 -5 11 10 -10 -1
right_child=1 3 4 7 -6 -7 -8 -9 9 -11 -12 -13
leaf_value=0.0067057740828987931 0.0027241052529631236 0.0046005281393472616 0.004858263099266691 -0.0040005160704114189 -0.00065731373682127161 -0.012340988358650828 0.013818744803909466 -0.017072790211840359 0.0059651153121761833 0.013372321325841404 -0.0068119366327190328 0.016747150098753823
leaf_weight=27.688369229435921 144.97227470576763 65.396952271461487 203.1313758790493 40.372684329748154 4843.4649796485901 26.170417532324791 53.646246075630188 57.809660136699677 41.693455725908279 25.258754760026932 30.056379586458206 33.861686393618584
leaf_count=112 582 262 815 162 19417 105 215 232 168 102 121 137
internal_value=0 -0.000408249 -0.000186768 -0.0063927 -0.000430425 -0.000106396 0.00587514 -0.0119936 0.00758636 0.00402269 0.000317764 0.0127292
internal_weight=0 5434.96 5245.21 189.75 5046.6 91.5674 198.619 98.1823 158.559 97.0086 71.7498 61.5501
internal_count=22430 21790 21029 761 20232 367 797 394 640 391 289 249
is_linear=0
shrinkage=0.02


Tree=44
num_leaves=13
num_cat=0
split_feature=17 6 28 7 6 17 19 6 24 1 25 19
split_gain=23.8778 17.4128 29.4314 28.0239 36.9326 27.8354 19.3509 13.9392 12.2824 3.6712 4.43782 3.08057
threshold=-8.4544496536254865 1.3648999929428103 1.1036000251770022 2.7003500461578374 3.5961500406265263 6.6526999473571786 2.6725999116897587 2.3917499780654912 5.7864999771118173 2.6458500623703007 -1.4999999999999998 -1.405250012874603
decision_type=2 2 2 2 2 2 2 2 2 2 2 2
left_child=7 2 8 5 -5 -3 -4 9 -2 -1 -11 -9
right_child=1 3 6 4 -6 -7 -8 11 -10 10 -12 -13
leaf_value=0.0042727808862283367 0.0027806852517141194 0.0040418066479309964 -0.0012486858873160353 -0.010641405345994842 0.010950527765530512 -0.0036436042689190241 -0.013450311399033018 0.0040273837217335382 0.014716991930027321 0.018994752193635278 0.0076597674164597144 -0.0053428305474408589
leaf_weight=28.817001909017563 98.163457125425339 1001.9265666902065 3816.0889764875174 140.96905265748501 39.084921881556511 228.64184166491032 52.114377826452255 24.936291828751564 57.794721052050591 40.342715874314308 36.312921196222305 28.041541591286659
leaf_count=116 394 4024 15293 565 157 916 209 101 232 163 147 113
internal_value=0 -0.000400055 -0.00107318 0.00150544 -0.00580931 0.0025958 -0.00142168 0.00744931 0.00739703 0.0116321 0.0140505 -0.000568912
internal_weight=0 5434.78 4024.16 1410.62 180.054 1230.57 3868.2 158.45 155.958 105.473 76.6556 52.9778
internal_count=22430 21790 16128 5662 722 4940 15502 640 626 426 310 214
is_linear=0
shrinkage=0.02


Tree=45
num_leaves=16
num_cat=0
split_feature=6 6 7 17 7 7 17 4 26 1 17 26 21 14 8
split_gain=33.3493 21.636 16.7405 18.0651 16.6757 14.5235 14.1324 25.9892 14.4574 12.4313 15.1514 11.2984 8.29344 7.69887 1.63038
threshold=1.2745000123977663 1.2041000127792361 1.6103499531745913 11.088650226593019 1.700999975204468 1.2434499859809878 -2.7849500179290767 3.3589500188827519 1.5000000000000002 2.1457500457763676 -6.3256499767303458 1.0000000180025095e-35 5.5273501873016366 1.0000000180025095e-35 4.7682499885559091
decision_type=2 2 2 2 2 2 2 2 2 2 2 2 2 2 2
left_child=1 6 9 4 -4 13 7 -1 -8 10 -2 -11 -7 -3 -5
right_child=2 5 3 14 -6 12 8 -9 -10 11 -12 -13 -14 -15 -16
leaf_value=-0.015365052152267767 -0.0098782302649515989 -0.0044734981655728543 -0.0071878996261806665 -0.013477357288698606 0.0021436366357959974 -0.015010566636734871 -0.0020863347975676803 0.0034023844304746044 0.00086094207994423327 0.011910765514016302 0.0031047264739761681 0.0044782065069901992 -0.0034230914370294041 0.0074062987226655051 -0.0049742861321375948
leaf_weight=29.970575332641602 37.361483797430992 82.043172314763069 83.812432706356049 32.878768473863602 737.85561233758926 85.483745336532593 2017.4415165185928 529.95005729794502 981.29797567427158 126.54405073821545 471.49337238073349 278.78694011271 42.62751305103302 27.936255142092705 28.39646403491497
leaf_count=120 150 329 337 132 2965 343 8088 2122 3933 509 1890 1120 171 112 114
internal_value=0 -0.000963598 0.00234216 0.000352276 0.0011599 -0.0067953 -0.000566012 0.00233657 -0.00111524 0.0042397 0.00209475 0.00687147 -0.0113663 -0.00123611 -0.0100011
internal_weight=0 3796.75 1797.13 882.943 821.668 238.091 3558.66 559.921 2998.74 914.186 508.855 405.331 128.111 109.979 61.2752
internal_count=22435 15218 7217 3548 3302 955 14263 2242 12021 3669 2040 1629 514 441 246
is_linear=0
shrinkage=0.02


Tree=46
num_leaves=16
num_cat=0
split_feature=6 6 19 7 19 7 6 7 17 4 19 6 19 19 14
split_gain=32.0295 20.8054 16.2035 18.1031 17.9366 17.6843 31.2597 13.9763 13.5642 24.9936 14.1103 9.34478 8.65394 7.50246 7.40394
threshold=1.2745000123977663 1.2041000127792361 0.66330000758171093 1.3910500407218935 1.4101499915122988 2.5738500356674199 3.953299999237061 1.2434499859809878 -2.7849500179290767 3.3589500188827519 -1.5306500196456907 1.4101499915122988 0.26610000431537634 -3.2750999927520748 1.0000000180025095e-35
decision_type=2 2 2 2 2 2 2 2 2 2 2 2 2 2 2
left_child=1 8 5 4 -4 13 -7 14 9 -1 -10 -5 -9 -2 -3
right_child=2 7 3 11 -6 6 -8 12 10 -11 -12 -13 -14 -15 -16
leaf_value=-0.015069319946883644 -0.0038233102228792245 -0.0043858315692778599 -0.0043010317296995303 0.0053459757664797757 0.010325410952330184 -0.0055054413672384521 0.013740350439092375 -0.014657540576200025 0.010968236950736166 0.0033344923089197666 -0.0012538614809393786 -0.0065787398644387195 -0.0026516592457247017 0.004499096977933833 0.0072617814038093776
leaf_weight=29.967219457030296 41.646659314632416 82.029562145471573 54.445887550711632 27.705742433667183 79.424141392111778 181.41681887209415 40.126018762588501 88.463544860482216 36.978874459862709 529.94572867453098 2961.6268761008978 195.70876871049404 39.586668312549591 1176.4712896496058 27.942211881279945
leaf_count=120 168 329 218 111 318 727 162 355 148 2122 11873 785 159 4728 112
internal_value=0 -0.000944638 0.00229518 -0.00147564 0.00424066 0.00324525 -0.00188368 -0.00666432 -0.000554677 0.00228873 -0.00109286 -0.0049936 -0.0111502 0.00419525 -0.00120735
internal_weight=0 3796.54 1796.95 357.285 133.87 1439.66 221.543 238.022 3558.52 559.913 2998.61 223.415 128.05 1218.12 109.972
internal_count=22435 15218 7217 1432 536 5785 889 955 14263 2242 12021 896 514 4896 441
is_linear=0
shrinkage=0.02


Tree=47
num_leaves=16
num_cat=0
split_feature=23 13 12 21 16 13 22 12 23 22 1 5 13 1 23
split_gain=20.5625 16.7988 17.657 15.549 18.0045 16.2075 20.0155 13.9416 13.8405 13.7023 13.9468 8.10654 6.53173 4.4767 0.23235
threshold=-6.9115998744964591 0.033006999641656883 10.500000000000002 5.8914000988006601 3.0623999834060673 0.0083725000731647032 10.89925003051758 14.500000000000002 -2.9713499546051021 9.487150192260744 2.0062500238418584 0.5704999864101411 0.0088545000180602091 1.8830500245094302 -9.8447999954223615
decision_type=2 2 2 2 2 2 2 2 2 2 2 2 2 2 2
left_child=1 9 14 5 11 7 -7 -2 -6 12 -11 -5 -1 -4 -3
right_child=3 2 13 4 8 6 -8 -9 -10 10 -12 -13 -14 -15 -16
leaf_value=0.0074867065120754932 -0.0010785900488072555 0.020976933996123735 -0.0041712605792809335 0.0091616128457298225 0.0062205709384381578 -0.0026754336937478778 0.0094092697077130579 0.0030273238105174094 -0.0024201330868916658 -0.0047268951320605388 0.0017913578587835464 0.0028914466110932673 0.0022899316725984728 0.0057228355015286926 0.012950708514599856
leaf_weight=156.43267369270325 870.34570607542992 24.90833568572998 25.919932246208191 111.95668350160122 87.59428271651268 1954.1081526726484 54.765972316265106 529.37207651138306 435.83181197941303 202.21090576052666 366.26657262444496 384.66913858056068 300.57589338719845 48.746786430478096 39.270944282412529
leaf_count=628 3489 101 104 449 351 7837 220 2121 1746 811 1476 1542 1206 196 158
internal_value=0 0.00245767 0.00899144 -0.000527433 0.00162962 -0.0011791 -0.00233151 0.000461037 -0.000926888 0.00154565 -0.000496334 0.00436072 0.0041249 0.00201413 0.0166466
internal_weight=0 1164.33 138.846 4428.64 1020.05 3408.59 2008.87 1399.72 523.426 1025.49 568.477 496.626 457.009 74.6667 64.1793
internal_count=22435 4680 559 17755 4088 13667 8057 5610 2097 4121 2287 1991 1834 300 259
is_linear=0
shrinkage=0.02


Tree=48
num_leaves=13
num_cat=0
split_feature=23 28 28 28 23 12 19 28 19 17 17 22
split_gain=19.7701 27.0075 19.3005 18.0315 17.2586 12.8338 11.508 10.3527 9.82663 16.2849 8.86655 13.3893
threshold=-6.9115998744964591 1.8608500361442568 5.2077000141143808 1.1036000251770022 -15.252149581909178 16.500000000000004 -0.020250000059604641 1.78030002117157 0.57949998974800121 -1.5686500072479246 0.40954999625682836 5.485149860382081
decision_type=2 2 2 2 2 2 2 2 2 2 2 2
left_child=1 8 4 10 -3 7 -7 -5 9 -1 -2 -12
right_child=3 2 -4 5 -6 6 -8 -9 -10 -11 11 -13
leaf_value=0.0063778068224092646 0.016300374787021951 0.010158481151892057 -0.012489598423707525 -0.0040332955925796096 0.0009133780638418249 0.0032310135583205053 -0.00067335703581073044 -0.00095176777861347356 0 0.02194213510055679 -0.0033495714061004271 0.0076820139921081271
leaf_weight=74.69335263967514 25.323943957686424 88.889254167675972 38.16523702442646 539.77564819157124 888.06116518378258 503.04862669110298 737.94901898503304 2440.4921954423189 26.659761145710945 47.677773401141167 67.43609182536602 114.34051813185215
leaf_count=301 102 360 153 2164 3567 2016 2958 9786 107 192 270 459
internal_value=0 0.00241068 0.00121643 -0.000516535 0.00178454 -0.000803794 0.000894536 -0.00151776 0.0103496 0.0127327 0.00521818 0.00348412
internal_weight=0 1164.15 1015.12 4428.37 976.95 4221.27 1241 2980.27 149.031 122.371 207.101 181.777
internal_count=22435 4680 4080 17755 3927 16924 4974 11950 600 493 831 729
is_linear=0
shrinkage=0.02


Tree=49
num_leaves=14
num_cat=0
split_feature=22 9 5 18 12 12 5 13 9 13 5 25 18
split_gain=19.3433 21.7363 14.4523 11.4967 11.2456 17.6737 14.0781 8.7493 13.0144 10.7492 8.73016 8.55872 5.53983
threshold=6.4381999969482431 0.79559999704360973 0.41650000214576727 3.7468999624252324 16.500000000000004 6.5000000000000009 1.5864999890327456 0.061620499938726432 11.955100059509279 0.047382999211549766 0.79550001025199901 4.5000000000000009 0.26285000145435339
decision_type=2 2 2 2 2 2 2 2 2 2 2 2 2
left_child=1 4 12 7 5 -1 -6 9 -9 -2 -5 -4 -3
right_child=3 2 11 10 6 -7 -8 8 -10 -11 -12 -13 -14
leaf_value=0.0022417190593814538 0.0014182688505934222 0.00050831727116179342 -0.0041826909292590302 -0.016001344530335689 0.0015437951586984445 -0.0025148621538913785 0.011984245375936871 0.0077034956256612375 -0.0064638067486095666 -0.0067970082029363745 -0.00015352418668608875 0.0069074178320172198 0.012823227579318986
leaf_weight=501.4620618224144 2333.6702739447355 41.646085888147354 995.82974806427956 24.959287449717522 468.69460521638393 816.90362305939198 58.404420360922813 171.23521102964878 28.210323378443718 63.770160660147667 35.677214115858078 26.431101158261299 25.176707312464714
leaf_count=2010 9365 167 3999 100 1878 3275 234 688 113 256 143 106 101
internal_value=0 -0.00102744 -0.00326819 0.00132703 0.000285136 -0.000690132 0.00275901 0.00153546 0.00557759 0.00118867 -0.00715508 -0.00386993 0.00556373
internal_weight=0 2934.55 1089.08 2657.52 1845.46 1318.37 527.099 2596.89 199.446 2397.44 60.6365 1022.26 66.8228
internal_count=22435 11770 4373 10665 7397 5285 2112 10422 801 9621 243 4105 268
is_linear=0
shrinkage=0.02


Tree=50
num_leaves=14
num_cat=0
split_feature=6 19 13 13 8 22 20 6 18 13 1 12 22
split_gain=31.3431 21.3544 18.491 16.7936 15.3651 15.1424 14.3643 12.0908 19.8687 16.4438 11.293 11.1527 11.1481
threshold=1.3107500076293948 0.59654998779296886 0.014837999828159811 -0.04833600111305713 -0.76519998908042897 5.5298500061035165 -6.2009999752044669 1.1982499957084658 0.051249999552965171 0.036853998899459846 2.1294499635696416 5.5000000000000009 19.820549964904789
decision_type=2 2 2 2 2 2 2 2 2 2 2 2 2
left_child=3 4 11 5 10 -1 -4 9 -9 -5 -2 -3 -6
right_child=1 2 6 7 12 -7 -8 8 -10 -11 -12 -13 -14
leaf_value=0.017124668449742756 0.0023673022389915231 0.0021264942214869456 0.015401379222125745 -0.0010146690936493198 0.0011129548624189581 0 2.9026255340130553e-05 -0.0086039015439390038 0.00071681116750494907 0.0046814180725807042 0.0086185172623662841 -0.0072997158799570066 0.0096870630619227422
leaf_weight=37.920528680086136 196.72969715297222 63.588534355163574 33.877645924687386 3240.4114753007889 742.22544510662556 46.416551575064659 89.103437572717667 204.94348351657391 157.70710025727749 214.34451831877232 324.69893126189709 190.12978436052799 66.289918750524521
leaf_count=152 790 255 136 12991 2980 186 357 822 633 859 1311 762 267
internal_value=0 0.0024221 -0.0017423 -0.000825801 0.00361709 0.00792279 0.00451504 -0.00102634 -0.00450475 -0.000654225 0.00630733 -0.00485967 0.00185175
internal_weight=0 1706.64 376.699 3901.74 1329.94 84.3371 122.981 3817.41 362.651 3454.76 521.429 253.718 808.515
internal_count=22501 6858 1510 15643 5348 338 493 15305 1455 13850 2101 1017 3247
is_linear=0
shrinkage=0.02


Tree=51
num_leaves=13
num_cat=0
split_feature=17 1 13 13 13 9 13 8 1 20 12 18
split_gain=25.5138 15.2476 15.7348 18.5059 14.4307 9.39638 8.99626 8.9818 7.25309 5.93579 3.47037 1.88323
threshold=-8.4544496536254865 2.759699940681458 0.0083725000731647032 0.061620499938726432 0.0073930001817643651 10.80865001678467 0.010633000172674658 -4.7658998966217032 6.5923500061035165 -14.15030002593994 10.500000000000002 -0.92605000734329213
decision_type=2 2 2 2 2 2 2 2 2 2 2 2
left_child=7 2 4 -4 -2 8 -7 11 -3 -9 -11 -1
right_child=1 5 3 -5 -6 6 -8 9 -10 10 -12 -13
leaf_value=-0.0011434297029512262 0.00050637368916041153 0.002757796277840101 -0.0019314716001573688 0.0042730688470631762 0.0088056748876904119 -0.0051887179667943137 0.004230979225133707 0.0038225209142704717 0.010881367686729869 0.020132422203927608 0.0088912979984683907 0.0056178163344744094
leaf_weight=35.056705519556999 1663.9457485973835 659.89620663225651 2607.9326087683439 204.86835034191608 87.860772624611855 112.14917069673538 60.324263349175453 34.317908361554146 48.623620957136154 34.31476816534996 33.393787741661072 25.194459557533264
leaf_count=142 6670 2651 10461 822 352 450 242 139 196 139 135 102
internal_value=0 -7.32334e-05 -0.000541839 -0.0014711 0.000938817 0.0023299 -0.0017734 0.00794786 0.00335803 0.0115677 0.0150895 0.00140287
internal_weight=0 5445.6 4564.61 2812.8 1751.81 880.993 172.473 162.278 708.52 102.026 67.7086 60.2512
internal_count=22501 21844 18305 11283 7022 3539 692 657 2847 413 274 244
is_linear=0
shrinkage=0.02


Tree=52
num_leaves=13
num_cat=0
split_feature=28 1 9 5 28 28 0 19 9 20 9 7
split_gain=24.1957 21.4105 20.7302 16.3684 12.4406 11.2932 9.83495 9.54059 22.4841 16.4726 11.349 8.58158
threshold=1.0854499936103823 2.1294499635696416 -4.0403499603271475 0.44650000333786016 4.7958500385284433 2.4557000398635869 -0.2413000017404556 0.0056499999482184657 1.7401000261306765 -2.1204999685287471 8.2947502136230487 2.7003500461578374
decision_type=2 2 2 2 2 2 2 2 2 2 2 2
left_child=7 3 6 5 -5 -2 -3 -1 9 -9 -10 -4
right_child=1 2 11 4 -6 -7 -8 8 10 -11 -12 -13
leaf_value=0.017111343931453953 0.0058028005772294755 0.0085177892775085487 0.0009799518981676626 -0.0011047101230415566 -0.0069661857058053922 -0.00086140019820707305 0.0025056643235263987 0.004796541135241526 0.01412494989756637 -0.017196702076624121 0.0016723023001439538 -0.0046480567407947791
leaf_weight=30.998258322477341 228.24557043612003 218.81072068214417 1004.5362413525581 3254.1168155819178 152.39407126605511 174.16656720638275 242.81707687675953 24.786077469587326 77.198967665433884 25.96932464838028 53.628673166036606 119.88591976463795
leaf_count=125 915 884 4030 13048 612 698 979 100 310 104 215 481
internal_value=0 -0.000103491 0.00184412 -0.000920007 -0.00137477 0.00287393 0.00541088 0.00675783 0.00479679 -0.00618485 0.0092235 0.000358525
internal_weight=0 5394.97 1586.05 3808.92 3406.51 402.412 461.628 212.581 181.583 50.7554 130.828 1124.42
internal_count=22501 21647 6374 15273 13660 1613 1863 854 729 204 525 4511
is_linear=0
shrinkage=0.02


Tree=53
num_leaves=13
num_cat=0
split_feature=6 28 28 19 7 17 13 7 7 22 7 24
split_gain=29.2489 35.4953 22.7424 24.8835 36.563 15.8108 16.0513 15.7068 22.0923 14.906 11.9385 11.6285
threshold=1.3107500076293948 1.1473000049591067 4.8839499950408944 -2.0379999876022334 2.7003500461578374 -3.6590000391006465 -0.04833600111305713 1.1325500011444094 1.0089499950408938 9.6417498588562029 1.3435500264167788 3.3753499984741215
decision_type=2 2 2 2 2 2 2 2 2 2 2 2
left_child=1 7 3 10 -5 9 -7 8 -1 -3 -2 -9
right_child=2 5 -4 4 -6 6 -8 11 -10 -11 -12 -13
leaf_value=0.0086345363154736263 0.0020252000505950989 0.0052340920653057331 -0.016144612598701265 0.0032002225289018962 -0.005805872689181142 0.0094504061988377654 -0.001860085524731587 0.025519615491512378 -0.011917724047560927 -0.0025907585452994422 0.017750427648534569 0.0080147433161894769
leaf_weight=70.137091428041458 32.740910649299622 270.3539923876524 24.941821321845055 1381.3155939877033 205.10960631072521 49.452614784240723 3261.4289582073689 27.271023139357567 28.1822310090065 147.26525834202766 61.768634408712387 47.12186524271965
leaf_count=282 132 1083 100 5552 823 198 13078 110 113 590 251 189
internal_value=0 -0.000800014 0.00233804 0.00263362 0.0020203 -0.00121609 -0.00168231 0.00802246 0.00248139 0.00242744 0.0125904 0.0149503
internal_weight=0 3901.21 1705.88 1680.93 1586.43 3728.5 3310.88 172.712 98.3193 417.619 94.5095 74.3929
internal_count=22501 15643 6858 6758 6375 14949 13276 694 395 1673 383 299
is_linear=0
shrinkage=0.02


Tree=54
num_leaves=14
num_cat=0
split_feature=6 9 22 13 22 17 6 6 5 13 24 23 2
split_gain=28.0867 19.8671 15.3112 15.2131 14.405 13.9323 23.2062 12.8289 11.9969 8.34626 11.6843 9.06758 3.77171
threshold=1.3107500076293948 2.4565500020980839 22.880549430847172 -0.04833600111305713 5.5298500061035165 -4.5615000724792472 0.77364999055862438 2.7566000223159794 0.40150000154972082 0.0088545000180602091 4.9052999019622812 -9.7239003181457502 42.667549133300788
decision_type=2 2 2 2 2 2 2 2 2 2 2 2 2
left_child=3 9 7 4 -1 6 -5 -3 -7 10 -2 -11 -4
right_child=1 2 12 5 -6 8 -8 -9 -10 11 -12 -13 -14
leaf_value=0.0165227201247127 0.011215869059434797 0.00024276860830127852 0.015239228744768683 0.019949420072492192 0 0.0036786902603663232 0.001200853208486264 -0.007636605645746526 -0.001575917186653861 0.006187170634254481 0.0031123458917652288 0.00093145652539156857 0.0034421859728918504
leaf_weight=37.887482672929764 145.93491341173649 671.47509497404099 28.86660024523735 29.412199974060059 46.408235892653465 180.18588706851006 227.08738160133362 92.655663833022118 3379.8682651668787 213.44671051204205 157.41428996622562 369.11115720868111 26.655485719442368
leaf_count=152 589 2690 116 118 186 722 910 372 13555 865 635 1484 107
internal_value=0 0.00229174 2.24014e-05 -0.000783569 0.00754398 -0.000974665 0.0034975 -0.000695248 -0.00130339 0.00436641 0.00710054 0.0028987 0.0100906
internal_weight=0 1705.56 819.653 3900.85 84.2957 3816.55 256.5 764.131 3560.05 885.907 303.349 582.558 55.5221
internal_count=22501 6858 3285 15643 338 15305 1028 3062 14277 3573 1224 2349 223
is_linear=0
shrinkage=0.02


Tree=55
num_leaves=15
num_cat=0
split_feature=9 22 9 7 19 7 9 12 7 19 22 7 27 1
split_gain=32.8714 19.3277 19.9612 22.2913 18.9674 15.6362 15.7239 14.2098 12.8667 28.6542 25.5663 12.6289 9.02495 6.52668
threshold=-3.2272499799728389 8.4028496742248553 7.9232001304626474 1.7840500473976137 -0.52110001444816578 2.1513500213623051 0.87964999675750744 9.5000000000000018 1.3975500464439394 -1.781949996948242 10.161149978637697 2.5738500356674199 0.037824999541044242 3.2594500780105595
decision_type=2 2 2 2 2 2 2 2 2 2 2 2 2 2
left_child=7 5 4 -4 -3 6 -2 11 10 -10 -9 12 -1 -7
right_child=1 2 3 -5 -6 13 -8 8 9 -11 -12 -13 -14 -15
leaf_value=0.0081009803029387876 -0.00013637105043326115 -0.007610664972176261 0.0011755681559864615 -0.007973566974046168 0.0043946339833926089 -0.013774324518092018 -0.0030614314539674525 0.001548304983475652 0.019291834125088229 0.0014045490577156874 -0.0088594790315933494 -0.005856140965657646 0.0025223754873728316 -0.0012907485636883711
leaf_weight=315.81018045544624 1617.7206835001707 55.265602439641953 309.92952141165733 159.02517460286617 647.20871609449387 59.831507951021194 1369.9607623666525 403.93643568456173 43.268753454089165 205.85825771093369 121.58776690065861 36.437957480549812 204.77768515050411 28.586087077856064
leaf_count=1272 6486 222 1242 638 2597 240 5500 1619 176 830 489 147 822 115
internal_value=0 -0.00090478 0.00127084 -0.00189476 0.00341224 -0.00173993 -0.00148489 0.00269514 0.000909519 0.00465591 -0.000833957 0.00513646 0.00595398 -0.0100215
internal_weight=0 4247.53 1171.43 468.955 702.474 3076.1 2987.68 1331.68 774.651 249.127 525.524 557.026 520.588 88.4176
internal_count=22395 17040 4699 1880 2819 12341 11986 5355 3114 1006 2108 2241 2094 355
is_linear=0
shrinkage=0.02


Tree=56
num_leaves=10
num_cat=0
split_feature=23 6 28 6 28 13 18 6 28
split_gain=25.382 25.1748 33.6572 21.333 17.3025 15.2288 15.1072 12.8114 8.93753
threshold=-7.0499000549316397 0.71885001659393322 2.4264500141143803 4.5358500480651864 1.0456500053405764 0.0086970003321766871 0.82985001802444469 1.3321500420570376 3.6683000326156621
decision_type=2 2 2 2 2 2 2 2 2
left_child=1 -1 6 4 7 -6 -3 -2 -4
right_child=3 2 8 -5 5 -7 -8 -9 -10
leaf_value=0.020909137479857058 0.0086540157497630582 0.0050389094547300317 -0.00053326378645056685 0.016332783383711587 0.000448517257795883 -0.002013052653574821 -0.0076676346600807197 -0.0040438395361334367 -0.0075127563581914945
leaf_weight=28.63893923163414 125.13797348737717 737.05694472789764 197.94165386259556 28.034402161836624 1593.5212187021971 2668.9218994379044 37.351401045918465 39.402202799916267 122.6892656981945
leaf_count=115 503 2971 796 114 6389 10707 150 158 492
internal_value=0 0.00264016 0.00212547 -0.000721965 -0.000838147 -0.00108821 0.00439115 0.0054864 -0.0032812
internal_weight=0 1123.68 1095.04 4455.02 4426.98 4262.44 774.408 164.54 320.631
internal_count=22395 4524 4409 17871 17757 17096 3121 661 1288
is_linear=0
shrinkage=0.02


Tree=57
num_leaves=15
num_cat=0
split_feature=9 13 15 21 24 13 12 1 14 21 13 13 5 5
split_gain=30.9702 18.1437 20.1213 14.0734 29.256 16.2714 13.638 12.0461 11.7827 11.5339 11.353 11.7842 9.0794 7.46537
threshold=-3.2272499799728389 -0.039056498557329171 0.66060000658035289 4.6219999790191659 8.240849971771242 0.032338500022888191 9.5000000000000018 2.1151999235153203 1.0000000180025095e-35 6.9481501579284677 0.054076500236988075 0.019795999862253669 0.89949998259544384 0.42249999940395361
decision_type=2 2 2 2 2 2 2 2 2 2 2 2 2 2
left_child=6 2 8 5 -5 -3 10 13 -2 -4 11 -1 -9 -8
right_child=1 3 9 4 -6 -7 7 12 -10 -11 -12 -13 -14 -15
leaf_value=0.0050083390084966033 0.016276065989450576 -0.0024561209770787664 -0.01162177153553254 0.0037827683502059724 -0.0021809975088753208 0.0028861856155715866 0.0082116666417095547 0.0099967923536129523 0.00079476890116202212 0.0038748689055776247 0.016852060483391173 -0.0075333695074339107 0.0018831918809928496 -0.0019652243365443521
leaf_weight=496.20573841035366 65.219973087310791 2504.4702235758305 30.172271877527237 604.17851790785789 717.19520106911659 246.70773333311081 29.424734383821487 73.518479228019714 32.11702299118042 46.854867473244667 30.803410917520523 29.795015886425972 253.94344611465931 417.55578124523163
leaf_count=1996 262 10052 121 2423 2875 990 118 298 129 188 125 120 1024 1674
internal_value=0 -0.000877763 0.00540176 -0.00115279 0.00053152 -0.00196892 0.00261699 0.000867034 0.0114313 -0.00201014 0.00500917 0.00424702 0.00379056 -0.0012338
internal_weight=0 4246.92 174.364 4072.55 1321.37 2751.18 1331.25 774.442 97.337 77.0271 556.804 526.001 327.462 446.981
internal_count=22395 17040 700 16340 5298 11042 5355 3114 391 309 2241 2116 1322 1792
is_linear=0
shrinkage=0.02


Tree=58
num_leaves=16
num_cat=0
split_feature=16 28 19 6 18 22 19 18 13 6 12 6 13 6 8
split_gain=19.5084 27.498 19.9496 44.7376 33.4702 19.2997 16.893 21.1005 16.3938 15.0927 16.4755 13.6033 12.7458 12.5296 9.91094
threshold=-0.98495000600814808 1.7626500129699709 -0.046949999406933778 1.6332499980926516 -0.1751499995589256 6.4381999969482431 2.6725999116897587 1.6247500181198122 -0.039056498557329171 0.9272499978542329 12.500000000000002 1.3403499722480776 -0.014611999969929455 1.2429500222206118 -0.14285000413656232
decision_type=2 2 2 2 2 2 2 2 2 2 2 2 2 2 2
left_child=1 9 4 -4 -3 8 7 -7 14 10 -1 -8 -10 -11 -2
right_child=5 2 3 -5 -6 6 11 -9 12 13 -12 -13 -14 -15 -16
leaf_value=-0.0075157045227071118 0.016050029260901429 0.0010552635444759132 -0.006139264604582733 0.0082524120354311153 0.011821024724176912 0.00054354993259599636 -0.016461655577128562 0.0081253549908297182 -0.0097098122760205536 0.024765022333914991 0.011747302226150263 -0.0011682581111421998 -0.0020118742430110816 0.0085225833036996369 0.0010017669629943831
leaf_weight=33.336326658725739 28.596379578113556 919.21696835756302 346.38564923405647 113.18304665386677 132.25717177987099 1365.3113457262516 37.11678047478199 164.74549007415771 90.527309611439705 33.811604261398315 34.842580825090408 68.414728686213493 2099.7922745347023 59.048932135105133 51.061480402946472
leaf_count=134 115 3695 1390 457 532 5477 149 660 363 136 140 274 8429 239 205
internal_value=0 0.00176487 0.000909962 -0.00254122 0.00243836 -0.000815864 0.00083151 0.00137774 -0.0020115 0.00960799 0.00206699 -0.00683891 -0.00234345 0.0148506 0.00678392
internal_weight=0 1672.08 1511.04 459.569 1051.47 3905.57 1635.59 1530.06 2269.98 161.039 68.1789 105.532 2190.32 92.8605 79.6579
internal_count=22395 6723 6074 1847 4227 15672 6560 6137 9112 649 274 423 8792 375 320
is_linear=0
shrinkage=0.02


Tree=59
num_leaves=15
num_cat=0
split_feature=9 28 16 22 9 6 28 12 22 9 9 22 15 22
split_gain=29.2068 19.7506 23.9139 17.086 20.1309 15.928 20.1964 18.29 23.5219 15.7006 13.3168 11.7336 10.5103 8.13542
threshold=-3.2272499799728389 1.2448499798774721 -0.016050000675022599 8.2729501724243182 0.87964999675750744 1.4510499835014345 3.8226500749588017 9.5000000000000018 11.605499744415285 7.9232001304626474 1.7401000261306765 8.3311996459960955 -0.30654999613761896 4.8828001022338876
decision_type=2 2 2 2 2 2 2 2 2 2 2 2 2 2
left_child=5 2 13 4 -3 7 11 12 -9 -5 -4 -7 -1 -2
right_child=1 3 10 9 -6 6 -8 8 -10 -11 -12 -13 -14 -15
leaf_value=0.0068020441023168643 0.0061614758016836791 -0.00053760890616360495 -0.0067602869641676024 0.0027631443257691846 -0.0039530582681576183 0.013743531969764092 -0.010460908283712964 0.00018576779340076854 -0.013087618080518441 -0.0021796918978833875 0.0034254442137892165 0.0050511694235502117 -1.1870564800928032e-05 0.020567498588271466
leaf_weight=255.20412692427635 38.027273952960968 1546.8174705654383 66.57014325261116 669.32670226693153 1269.6118625849485 86.286956489086151 26.15905399620533 493.98576174676418 58.524015843868256 412.29006251692772 207.05961233377457 279.65511447191238 131.0337730795145 36.573109105229378
leaf_count=1024 153 6202 267 2686 5100 350 105 1980 235 1653 831 1136 525 148
internal_value=0 -0.000850994 0.00369142 -0.00126276 -0.00208521 0.00254325 0.00593526 0.00110037 -0.00120517 0.00086029 0.000858986 0.00718715 0.00444467 0.0136673
internal_weight=0 4246.28 348.23 3898.05 2816.43 1330.85 392.101 938.748 552.51 1081.62 273.63 365.942 386.238 74.6004
internal_count=22395 17040 1399 15641 11302 5355 1591 3764 2215 4339 1098 1486 1549 301
is_linear=0
shrinkage=0.02


Tree=60
num_leaves=13
num_cat=0
split_feature=6 28 28 17 7 7 7 7 12 18 18 18
split_gain=25.229 30.2681 20.5676 18.0598 21.153 14.0548 28.5622 13.1732 10.8698 13.977 10.0981 4.68672
threshold=1.3648999929428103 1.1036000251770022 3.843599915504456 2.8644499778747563 1.7611500024795534 1.700999975204468 1.5185999870300295 1.944850027561188 12.500000000000002 0.25274999439716345 -1.6176500320434568 0.34969998896121984
decision_type=2 2 2 2 2 2 2 2 2 2 2 2
left_child=1 8 3 10 -5 6 -3 -7 11 -10 -2 -1
right_child=2 5 -4 4 -6 7 -8 -9 9 -11 -12 -13
leaf_value=0.0062457932647981352 0.01031264966595594 -0.0013716994602491618 -0.010749531604450887 0.0031706889188123722 -0.0044115541864172443 -0.010959137048894847 0.0084075386203775072 -0.00049070640134157536 0.0048988558300021127 0.023716890852617682 0.0034673057462623301 -0.0028153817062379401
leaf_weight=54.726553916931152 100.97906166315079 3565.7488345354795 47.137610420584679 326.69048209488392 265.68111984431744 113.6141347438097 122.15078562498093 90.191979452967644 40.620297610759735 29.989670932292938 782.47344489395618 34.364290922880173
leaf_count=220 412 14303 189 1309 1067 456 490 362 164 121 3156 138
internal_value=0 -0.00097487 0.00204289 0.00247202 -0.000197976 -0.00133016 -0.00104018 -0.00644913 0.00751311 0.0133902 0.00428312 0.00253625
internal_weight=0 4051.41 1522.96 1475.82 592.372 3891.71 3687.9 203.806 159.701 70.61 883.453 89.0908
internal_count=22387 16254 6133 5944 2376 15611 14793 818 643 285 3568 358
is_linear=0
shrinkage=0.02


Tree=61
num_leaves=13
num_cat=0
split_feature=22 24 7 17 13 13 7 1 19 18 7 5
split_gain=22.4618 22.879 24.776 19.0229 18.7261 16.8021 22.5191 12.7031 9.13854 9.08599 6.95205 8.59317
threshold=6.4381999969482431 3.5399749279022221 0.81735000014305126 -0.30200000107288355 0.0086970003321766871 -0.04833600111305713 0.94155001640319835 2.0220500230789189 2.6725999116897587 1.2591999769210818 4.0492999553680429 0.51549997925758373
decision_type=2 2 2 2 2 2 2 2 2 2 2 2
left_child=1 5 3 -3 -4 -1 -7 8 9 -2 11 -9
right_child=7 2 4 -5 -6 6 -8 10 -10 -11 -12 -13
leaf_value=0.011390380345346842 -0.00043047840728534161 -0.021487672010442195 0.0018786278980022029 -0.0065297349326643318 -0.0044529602700376812 0.0014217055529942887 -0.0030388129876773159 0.011452457205861109 -0.008621132791315704 0.0049789793370058778 -0.0053208811183786155 0.0025192852030351777
leaf_weight=48.836836352944374 1145.1741195321083 44.594566434621811 291.2548093944788 173.78522978723049 501.96070751547813 1115.5071534067392 758.38524495065212 45.293568477034569 48.365829482674599 138.04330830276012 40.375203937292099 1222.1359504759312
leaf_count=197 4594 179 1170 699 2018 4474 3044 183 194 553 162 4920
internal_value=0 -0.00135054 -0.00378399 -0.00975943 -0.00210349 -5.8545e-05 -0.000373507 0.00119102 -0.00017012 0.000139299 0.00259126 0.00286307
internal_weight=0 2934.32 1011.6 218.38 793.216 1922.73 1873.89 2639.39 1331.58 1283.22 1307.8 1267.43
internal_count=22387 11781 4066 878 3188 7715 7518 10606 5341 5147 5265 5103
is_linear=0
shrinkage=0.02


Tree=62
num_leaves=14
num_cat=0
split_feature=6 13 21 21 18 9 22 13 26 20 1 13 5
split_gain=23.6305 17.7372 22.258 19.8969 15.9407 14.1683 14.7136 12.6662 13.9278 11.8477 15.9514 11.6372 6.41103
threshold=1.3648999929428103 0.0086970003321766871 5.7530999183654794 2.2896000146865849 3.3507000207901005 1.6943500041961672 22.880549430847172 0.0083254999481141585 1.5000000000000002 -2.6040999889373775 2.0528500080108647 0.023741999641060833 1.4955000281333926
decision_type=2 2 2 2 2 2 2 2 2 2 2 2 2
left_child=1 7 3 -3 -4 9 11 8 -1 10 -2 -7 -11
right_child=5 2 4 -5 -6 6 -8 -9 -10 12 -12 -13 -14
leaf_value=-0.00091538350965539219 0.00099813551982637209 -0.001260320282078578 0.0038328591183362493 -0.0053307305514543489 -0.011936830392100231 -0.0020102986730191515 0.010670069550374049 0.013968029441421502 0.0029982084301612721 -0.0024486056407811039 0.0080689714591296157 0.0038523012665038132 0.0070725005573575792
leaf_weight=1061.100214317441 213.93761764466763 1268.9161526560783 326.84536035358906 790.70899234712124 26.357087329030037 564.65767215192318 48.503696590662003 27.18501153588295 549.71797958016396 141.00842037796974 344.48396846652031 175.87920282781124 33.978753671050072
leaf_count=4256 862 5092 1310 3177 106 2264 195 109 2204 569 1400 705 138
internal_value=0 -0.000942348 -0.00203447 -0.00283452 0.00256923 0.00197864 9.17155e-05 0.000654439 0.000408817 0.00397858 0.00540243 -0.000587629 -0.000456484
internal_weight=0 4050.83 2412.83 2059.63 353.202 1522.45 789.041 1638 1610.82 733.409 558.422 740.537 174.987
internal_count=22387 16254 9685 8269 1416 6133 3164 6569 6460 2969 2262 2969 707
is_linear=0
shrinkage=0.02


Tree=63
num_leaves=16
num_cat=0
split_feature=6 13 21 21 7 5 13 18 9 7 18 21 20 21 2
split_gain=22.7131 17.0452 21.3726 19.1153 15.634 30.4558 19.9966 15.339 13.6172 11.729 30.0239 11.4845 11.3906 11.2167 10.4233
threshold=1.3648999929428103 0.0086970003321766871 5.7530999183654794 2.2896000146865849 0.78714999556541454 0.91850000619888317 0.0073930001817643651 3.3507000207901005 1.6943500041961672 1.7840500473976137 0.82985001802444469 6.5650498867034921 -2.6040999889373775 5.8165500164031991 75.15649795532228
decision_type=2 2 2 2 2 2 2 2 2 2 2 2 2 2 2
left_child=1 4 3 -3 5 -1 -6 -4 12 11 -11 -10 13 -2 -14
right_child=8 2 7 -5 6 -7 -8 -9 9 10 -12 -13 14 -15 -16
leaf_value=-0.0063562780386135142 0.0037430728928011894 -0.0012351897642986134 0.0037560989865168142 -0.0052258151906443692 0.0013152543145548896 0.0034161118700908296 0.013139127216120015 -0.011716639491823715 -0.0015737410530947493 0.00066255346426229384 -0.013068245249583988 0.0048341150796854951 -0.0029569685868837793 0.010839509684564522 0.0092061620700365672
leaf_weight=300.16562227904797 439.87765122950077 1268.8591493070126 326.87445433437824 790.4743327498436 1060.05492220819 217.66032549738884 60.134961515665054 26.33438928425312 183.27141664922237 251.6570708155632 83.206368148326874 270.87784226238728 141.03582409024239 118.20856612920761 33.950701460242271
leaf_count=1204 1782 5092 1310 3177 4251 873 241 106 735 1009 335 1085 570 480 137
internal_value=0 -0.000923561 -0.00199431 -0.00277849 0.000641539 -0.00221139 0.00197898 0.0025162 0.00194042 9.02044e-05 -0.00271846 0.00220651 0.00390175 0.00529865 -0.000444543
internal_weight=0 4050.56 2412.54 2059.33 1638.02 517.826 1120.19 353.209 1522.09 789.013 334.863 454.149 733.073 558.086 174.987
internal_count=22387 16254 9685 8269 6569 2077 4492 1416 6133 3164 1344 1820 2969 2262 707
is_linear=0
shrinkage=0.02


Tree=64
num_leaves=16
num_cat=0
split_feature=9 13 12 19 13 7 19 13 7 19 19 13 7 12 5
split_gain=16.4415 12.0381 16.1516 19.2266 12.6747 20.6461 11.5822 11.2387 16.4968 14.8406 10.6887 36.8824 15.3847 10.2489 2.628
threshold=-0.4776999950408935 0.055205499753355987 14.500000000000002 -0.052549999207258218 0.0083725000731647032 0.77915000915527355 -1.5978500247001646 0.033006999641656883 1.1760500073432925 0.24745000153779986 0.069449998438358321 0.0085104997269809263 0.95835000276565563 14.500000000000002 0.88049998879432689
decision_type=2 2 2 2 2 2 2 2 2 2 2 2 2 2 2
left_child=1 4 3 -3 5 -1 -6 10 13 -10 11 -2 -12 -9 -4
right_child=7 2 14 -5 6 -7 -8 8 9 -11 12 -13 -14 -15 -16
leaf_value=-0.00255434046465716 0.00059170888048452051 0.019662529021809535 0.0025317508148419436 -0.00042038805729762265 0.0039904023873543262 0.0041033887506081394 -0.0012531396250674218 0.0040008868718663807 0.0041893346186748252 -0.0051332826064298346 -0.0030651730992016213 -0.0069025426113654966 0.00089118172753498604 0.020936129444294144 -0.0059996543700523578
leaf_weight=243.14966243505478 518.67508527636528 51.904751494526863 27.146914064884186 26.763875141739845 194.29779313504696 749.67043860256672 1189.3740067332983 39.878900036215782 154.96034424006939 120.41685190796852 618.83014158904552 521.75561493635178 1063.5558647215366 25.947227954864502 25.607391223311424
leaf_count=974 2082 210 109 108 783 3015 4780 160 622 483 2487 2097 4270 104 103
internal_value=0 0.001062 0.00694891 0.0126596 0.000725245 0.0024518 -0.000500038 -0.00112045 0.00227299 3.65553e-05 -0.00155371 -0.00315033 -0.000553155 0.0111891 -0.00127198
internal_weight=0 2507.91 131.423 78.6686 2376.49 992.82 1383.67 3064.02 341.203 275.377 2722.82 1040.43 1682.39 65.8261 52.7543
internal_count=22387 10082 530 318 9552 3989 5563 12305 1369 1105 10936 4179 6757 264 212
is_linear=0
shrinkage=0.02


Tree=65
num_leaves=13
num_cat=0
split_feature=28 5 9 21 28 5 22 21 22 3 22 21
split_gain=16.9043 14.836 14.8875 17.379 10.1044 9.95959 8.08693 7.41772 7.01706 5.17568 9.43706 5.43063
threshold=1.0456500053405764 0.44650000333786016 8.4918503761291522 5.7530999183654794 2.780349969863892 0.58250001072883617 13.596300125122072 3.8922500610351567 7.9867999553680429 33.338399887084968 6.6130001544952401 3.5316500663757329
decision_type=2 2 2 2 2 2 2 2 2 2 2 2
left_child=5 4 3 -3 6 -1 -2 -6 -4 11 -11 -7
right_child=1 2 8 -5 7 9 -8 -9 -10 10 -12 -13
leaf_value=-0.0013411479562136172 0.0044003146384706945 -0.00055119477603147689 -0.0095412322222827237 0.0028155879837915209 -0.003110533067924155 0.018981798679383526 0.015720010360297024 0.0084612046624034654 -0.0026267144619782877 -0.0044539789473392009 0.011979652074596329 0.0070195809503343287
leaf_weight=46.667350351810455 256.22717480361462 3809.9812737703323 73.324993968009949 729.85584571957588 113.24437859654427 32.399551093578339 29.485808625817299 26.120465233922005 379.22999747097492 25.883141487836838 26.067890107631683 46.507215589284897
leaf_count=188 1028 15311 295 2933 454 131 119 105 1521 104 105 187
internal_value=0 -4.53049e-05 -0.000354611 -5.02199e-06 0.00353276 0.00620676 0.00568903 -0.000754385 -0.0038097 0.00903998 0.00348486 0.0123577
internal_weight=0 5417.47 4992.39 4539.84 425.078 177.525 285.713 139.365 452.555 130.858 51.951 78.9068
internal_count=22481 21766 20060 18244 1706 715 1147 559 1816 527 209 318
is_linear=0
shrinkage=0.02


Tree=66
num_leaves=14
num_cat=0
split_feature=7 7 28 20 12 9 21 18 7 7 18 24 12
split_gain=18.8867 15.2236 15.0421 20.7831 17.9353 16.1048 24.9939 12.7515 12.4991 12.3979 17.7526 8.52362 3.11657
threshold=2.7003500461578374 3.0263500213623051 1.300049960613251 -4.4026000499725333 12.500000000000002 -0.39435000717639918 5.5273501873016366 0.41525000333786016 1.8397499918937685 4.5504000186920175 -0.027649999596178528 7.9623000621795663 12.500000000000002
decision_type=2 2 2 2 2 2 2 2 2 2 2 2 2
left_child=2 11 3 7 -5 8 -7 -1 -4 10 -3 12 -2
right_child=1 9 5 4 -6 6 -8 -9 -10 -11 -12 -13 -14
leaf_value=0.020864254542835817 -0.010808230060992366 0.013005894612418439 0.00084017236846144975 -0.0020941064883769197 0.0070105534158286477 -0.0023932265189621541 0.0017553710966696518 0.0026735161376383065 0.0061496656156605134 -0.010298916294807243 -0.0035937002058971956 -0.019921567413685861 -0.00059190660569519095
leaf_weight=42.045180931687355 29.282003715634346 38.702162638306618 2149.1854046881199 190.05560897290707 154.23043593764305 1724.1712069511414 869.63976956903934 28.850078076124191 194.5346145927906 43.024522468447685 69.96176515519619 33.727478682994843 27.324718400835991
leaf_count=171 118 157 8630 763 620 6931 3486 116 789 173 281 136 110
internal_value=0 -0.00529969 0.000398721 0.00405129 0.00193509 8.67807e-05 -0.000994458 0.0138801 0.00129184 -0.00125784 0.00220079 -0.0117797 -0.00631976
internal_weight=0 242.023 5352.71 415.181 344.286 4937.53 2593.81 70.8953 2343.72 151.688 108.664 90.3342 56.6067
internal_count=22481 975 21506 1670 1383 19836 10417 287 9419 611 438 364 228
is_linear=0
shrinkage=0.02


Tree=67
num_leaves=12
num_cat=0
split_feature=28 5 9 13 6 6 12 28 9 17 17
split_gain=15.8669 14.2964 14.2827 15.6628 14.0179 13.9088 12.431 10.0075 9.6876 11.4652 6.22575
threshold=1.0456500053405764 0.44650000333786016 8.4918503761291522 0.074474498629570021 2.8913999795913701 0.58034998178482067 11.500000000000002 2.780349969863892 4.8702499866485605 1.6908000111579897 2.9852499961853032
decision_type=2 2 2 2 2 2 2 2 2 2 2
left_child=6 5 3 -3 -4 -2 10 -7 9 -8 -1
right_child=1 2 4 -5 -6 7 8 -9 -10 -11 -12
leaf_value=0.0064768662043492463 -0.0068083089483159344 -0.00024748769625578432 -0.0022210293679292758 0.0058093417135543961 -0.012376562914278629 0.0069678924879742754 0.014240002216897958 0 0.018978750932719095 -0.0038824209501454217 -0.0040794744940421358
leaf_weight=38.968365609645844 44.63437893986702 4362.6679720580578 388.13095954060555 176.72708021104336 64.32930950820446 257.9847396761179 25.857470616698265 122.38979551196098 37.926988899707794 25.852527171373367 48.761487916111946
leaf_count=157 179 17533 1557 711 259 1036 105 491 153 104 196
internal_value=0 -4.48534e-05 -0.000348558 -6.05163e-06 -0.00373312 0.00346775 0.00601486 0.0047407 0.0112204 0.00489846 0.00040425
internal_weight=0 5416.86 4991.86 4539.4 452.46 425.009 177.367 380.375 89.637 51.71 87.7299
internal_count=22481 21766 20060 18244 1816 1706 715 1527 362 209 353
is_linear=0
shrinkage=0.02


Tree=68
num_leaves=14
num_cat=0
split_feature=28 17 21 9 12 12 18 19 21 17 1 15 9
split_gain=15.2662 13.7969 27.5273 20.4322 12.0119 11.9711 11.5889 11.4394 11.338 17.8276 8.05198 5.09623 2.15531
threshold=1.0456500053405764 5.8180499076843271 5.7530999183654794 -0.39435000717639918 3.5000000000000004 11.500000000000002 0.41525000333786016 -0.25454999506473536 7.9521498680114755 2.3720500469207768 1.757950007915497 2.3696999549865727 0.39625000953674322
decision_type=2 2 2 2 2 2 2 2 2 2 2 2 2
left_child=5 2 3 -2 11 6 12 -4 9 -7 -6 -3 -1
right_child=1 4 7 -5 10 8 -8 -9 -10 -11 -12 -13 -14
leaf_value=0.001495153701463661 0.00084714400411841403 -0.0018815801853854311 -0.0012620270517448035 -0.0019506540942428345 -0.01151262060913389 0.015550548124537884 -0.0076910972437912563 0.0047915655794112796 0.022344419726336318 -0.005006335677341032 -0.0034715632215858452 0.0091120501087434622 0.010937039477699233
leaf_weight=24.748681157827377 2325.2437345981598 25.673896685242653 147.95764400064945 1886.6350344419479 64.836650103330612 34.754867911338806 37.348497852683067 650.5434103012085 25.527959138154984 29.264339104294777 279.46722258627415 36.387116521596909 25.629186764359474
leaf_count=100 9341 103 599 7584 260 141 150 2611 103 118 1122 146 103
internal_value=0 -4.40521e-05 0.000239947 -0.000401497 -0.00358678 0.00590131 0.000392225 0.00364468 0.0110136 0.00591355 -0.00507267 0.00428925 0.00680726
internal_weight=0 5416.74 5010.38 4211.88 406.365 177.274 87.7264 798.501 89.5472 64.0192 344.304 62.061 50.3779
internal_count=22481 21766 20135 16925 1631 715 353 3210 362 259 1382 249 203
is_linear=0
shrinkage=0.02


Tree=69
num_leaves=13
num_cat=0
split_feature=7 6 1 28 9 6 6 19 17 6 6 6
split_gain=18.021 39.9773 17.52 15.1385 18.8081 14.6552 23.4524 14.2936 8.96752 18.8202 13.6507 8.29553
threshold=2.7003500461578374 3.953299999237061 2.7329499721527104 2.3295500278472905 1.0170000195503237 2.3286499977111821 1.8669499754905703 2.3334000110626225 7.8810999393463144 2.7566000223159794 1.7422499656677248 2.679399967193604
decision_type=2 2 2 2 2 2 2 2 2 2 2 2
left_child=2 5 3 7 -5 6 -2 -1 10 -10 -4 -7
right_child=1 -3 8 4 -6 11 -8 -9 9 -11 -12 -13
leaf_value=0.0017822118850944488 -0.012344068274633848 0.011748457965143717 0.0018474904347239348 0.00016484714672900932 -0.0032336632071692435 -0.024536175513287479 0.0061826905856724821 -0.0092637947567743486 0.0020831673879301215 -0.016443212595456499 0.0077002033421932391 -0.010157707809398292
leaf_weight=1556.2946184575558 57.757553383708 43.715668350458145 485.86999404430389 1911.484257414937 979.18362435698509 27.831358551979065 48.722634121775627 46.826550826430321 98.244826823472977 26.809039980173111 247.02603895962238 63.889940425753593
leaf_count=6251 232 178 1956 7673 3934 112 196 188 394 108 1002 257
internal_value=0 -0.00518321 0.000384265 -0.000111672 -0.000980167 -0.00905833 -0.00370196 0.00144152 0.00300228 -0.00182879 0.00385523 -0.0149539
internal_weight=0 241.917 5351.74 4493.79 2890.67 198.201 106.48 1603.12 857.95 125.054 732.896 91.7213
internal_count=22481 975 21506 18046 11607 797 428 6439 3460 502 2958 369
is_linear=0
shrinkage=0.02


Tree=70
num_leaves=14
num_cat=0
split_feature=28 13 19 19 24 13 28 19 18 28 12 18 8
split_gain=18.5035 19.681 16.9383 20.3129 14.8511 13.8972 20.394 19.3096 12.3342 11.1711 5.87636 5.8252 3.76908
threshold=4.7958500385284433 0.0088545000180602091 -1.5978500247001646 0.029749999754130844 2.7204999923706059 0.0057540000416338452 3.1802500486373906 0.4939000010490418 -2.1457500457763667 5.3022999763488778 9.5000000000000018 -0.96445000171661366 0.31864999234676367
decision_type=2 2 2 2 2 2 2 2 2 2 2 2 2
left_child=1 5 8 -4 9 7 -7 -1 -3 -2 -6 -11 -12
right_child=4 2 3 -5 10 6 -8 -9 -10 11 12 -13 -14
leaf_value=0.0020075687823113064 -0.0086603528623429866 0.0010705525420994359 -0.0026097471939055513 0.00055926247236885859 -0.0049391410591717198 0.008874681539095956 -0.0053456118587473424 -0.0045149246766256245 0.012169215243517417 -0.0027502716824463385 -0.0085024404808855918 0.0086960554372256336 -0.021659392267786858
leaf_weight=1545.8485858440399 43.127618759870529 110.56062933802605 1528.6913706511259 1700.0753248780966 40.484534963965416 213.32168501615524 47.122951582074165 203.24558578431606 66.384868204593658 25.680259257555008 25.079791620373726 43.078765511512756 28.296232849359512
leaf_count=6213 173 447 6147 6831 163 856 189 816 267 103 101 173 114
internal_value=0 0.000322499 -0.000599202 -0.000935287 -0.00577229 0.00189404 0.00621466 0.00123608 0.00539183 -0.000639822 -0.0116084 0.00415621 -0.0161152
internal_weight=0 5415.25 3405.71 3228.77 205.747 2009.54 260.445 1749.09 176.945 111.887 93.8606 68.759 53.376
internal_count=22593 21766 13692 12978 827 8074 1045 7029 714 449 378 276 215
is_linear=0
shrinkage=0.02


Tree=71
num_leaves=8
num_cat=0
split_feature=17 7 1 25 15 23 0
split_gain=11.374 15.9921 9.59556 9.16759 4.26054 8.67443 4.63226
threshold=-8.4544496536254865 4.0492999553680429 7.7525000572204599 3.5000000000000004 -1.802250027656555 -13.822549819946287 -2.1354999542236324
decision_type=2 2 2 2 2 2 2
left_child=4 2 3 -2 5 -1 -7
right_child=1 -3 -4 -5 -6 6 -8
leaf_value=0.010344315940377293 -0.00022251223385669387 -0.011985183770771807 0.0097126378768860426 0.0035255285254262832 0.012661897766605193 0.0047884855318800455 -0.0050650632542586825
leaf_weight=45.905650720000267 5114.8556590825319 43.571487560868263 39.743918716907501 273.98256599903107 28.475181177258492 33.14357727766037 41.177720457315445
leaf_count=188 20550 175 161 1100 117 135 167
internal_value=0 -5.25014e-05 4.17803e-05 -2.76226e-05 0.00553287 0.00358889 -0.00040011
internal_weight=0 5472.15 5428.58 5388.84 148.702 120.227 74.3213
internal_count=22593 21986 21811 21650 607 490 302
is_linear=0
shrinkage=0.02


Tree=72
num_leaves=12
num_cat=0
split_feature=28 28 9 6 17 21 28 21 22 17 7
split_gain=17.8395 14.9868 15.4625 22.4568 13.3873 12.9221 11.9299 15.3927 11.8359 11.3656 8.5779
threshold=4.7958500385284433 1.0276499986648562 0.96690002083778392 1.4682499766349795 1.4638500213623049 4.3371500968933114 5.6670000553131112 1.8098500370979311 5.485149860382081 -4.7818000316619864 1.0040499567985537
decision_type=2 2 2 2 2 2 2 2 2 2 2
left_child=1 4 3 -3 -1 -4 9 -8 -6 -2 -11
right_child=6 2 5 -5 8 -7 7 -9 -10 10 -12
leaf_value=0.016108645403474141 0.0018268915006363529 0.00023135609752488771 -0.0027711687477141971 0.0046842304018697677 -0.0070214113326482917 0.00026281016949317735 0.0092054025102135621 -0.0089799217833487384 0.006630538550896568 -0.0048028910205974102 -0.017144118198148206
leaf_weight=41.067469462752342 26.43520599603653 2456.5535626858473 1033.4883910864592 557.71785393357277 33.439905449748039 1204.5181226730347 39.354926019906998 33.269036188721657 88.25357249379158 45.689447373151779 60.926017716526985
leaf_count=167 106 9854 4158 2266 134 4831 158 134 356 184 245
internal_value=0 0.000314519 0.000124839 0.00106317 0.0062752 -0.00112993 -0.00567094 0.000594237 0.00268949 -0.00921883 -0.012135
internal_weight=0 5415.04 5252.28 3014.27 162.761 2238.01 205.675 72.624 121.693 133.051 106.615
internal_count=22593 21766 21109 12120 657 8989 827 292 490 535 429
is_linear=0
shrinkage=0.02


Tree=73
num_leaves=15
num_cat=0
split_feature=13 7 7 13 24 21 13 18 8 25 8 27 15 8
split_gain=16.796 15.0848 29.9287 24.8851 20.1508 20.0533 17.1982 12.6544 11.5275 13.4751 16.6315 12.4296 9.48738 6.62669
threshold=0.0086970003321766871 0.82064998149871837 0.84505000710487377 -0.0013504999806173144 2.3591500520706181 5.9560999870300302 -0.0050015000160783521 -0.025449999608099457 3.5183500051498418 3.5000000000000004 0.032449999824166305 1.2536000013351443 3.7293999195098881 2.4958999156951909
decision_type=2 2 2 2 2 2 2 2 2 2 2 2 2 2
left_child=1 4 7 -4 6 -6 -1 -3 9 10 -2 12 -10 -11
right_child=8 2 3 -5 5 -7 -8 -9 11 13 -12 -13 -14 -15
leaf_value=-0.0041136596612949819 -9.2039922606210604e-05 0.022101292732615848 -0.00026804636133923319 0.0051384064042554667 -0.0069239163875060164 0.0079238096876286385 0.0054869176836745753 0.0040401876168423261 0.0020620597551371652 0.007843552390889609 -0.0030617651559967669 -0.0099637772327206518 0.010999791732943543 -0.0028947311158585478
leaf_weight=108.54374323785305 1791.7663887739182 42.675202056765556 816.8661190122366 575.05898137390614 258.39593468606472 40.277265340089798 224.13072645664215 29.681494206190109 199.73232233524323 95.84162749350071 1320.3365626484156 24.930260390043259 65.42468748986721 26.409290954470634
leaf_count=435 7207 171 3289 2309 1038 162 898 119 803 385 5308 100 263 106
internal_value=0 0.00150991 0.00262751 0.0019533 -0.00105055 -0.00483514 0.0022916 0.0151211 -0.000750026 -0.00109737 -0.00135897 0.0030445 0.00437554 0.00535688
internal_weight=0 2095.63 1464.28 1391.93 631.348 298.673 332.674 72.3567 3524.44 3234.35 3112.1 290.087 265.157 122.251
internal_count=22593 8421 5888 5598 2533 1200 1333 290 14172 13006 12515 1166 1066 491
is_linear=0
shrinkage=0.02


Tree=74
num_leaves=13
num_cat=0
split_feature=13 13 23 21 13 13 12 15 13 12 21 13
split_gain=16.1385 14.6155 16.9749 15.2514 13.8109 11.1415 18.9015 30.824 17.5705 13.9797 16.787 10.3697
threshold=0.0086970003321766871 0.0083254999481141585 -3.1657999753952022 11.212599754333498 -0.0021779999369755383 0.013061500154435636 16.500000000000004 0.99869999289512645 0.061620499938726432 6.5000000000000009 5.8914000988006601 0.010013999883085491
decision_type=2 2 2 2 2 2 2 2 2 2 2 2
left_child=1 2 4 -4 -1 9 8 -8 -7 10 -2 -11
right_child=5 -3 3 -5 -6 6 7 -9 -10 11 -12 -13
leaf_value=0.0011103893457855033 -0.00070026974517435408 0.014814737186938072 -3.5398333933009414e-05 -0.012635876490142466 0.0058601419220996832 -0.0029806510008691571 0.001227607438093395 0.015883055871796069 0.0040789831203446487 -0.002112443406246522 0.0064665907387012177 -0.011740289523366514
leaf_weight=614.83774437010288 595.54711505770683 31.655892759561539 988.11435875296593 39.124751821160316 421.83693750202656 450.13822570443153 211.79901677370071 79.723745331168175 202.86724449694157 1772.8529026955366 165.35844637453556 46.044826552271843
leaf_count=2478 2395 127 3965 157 1694 1810 851 320 817 7130 664 185
internal_value=0 0.00148026 0.00125898 -0.000546589 0.00306619 -0.000735022 0.00111076 0.00534445 -0.000753991 -0.00141873 0.000837411 -0.00237348
internal_weight=0 2095.57 2063.91 1027.24 1036.67 3524.33 944.528 291.523 653.005 2579.8 760.906 1818.9
internal_count=22593 8421 8294 4122 4172 14172 3798 1171 2627 10374 3059 7315
is_linear=0
shrinkage=0.02


Tree=75
num_leaves=10
num_cat=0
split_feature=28 7 17 28 7 12 28 15 24
split_gain=17.0128 15.7673 17.9557 11.773 11.0128 14.1103 10.4638 5.52282 2.34547
threshold=4.7958500385284433 4.5504000186920175 -4.4595000743865958 1.0628499984741213 0.82400000095367443 6.5000000000000009 2.4019749164581303 0.31495000422000891 2.1686500310897832
decision_type=2 2 2 2 2 2 2 2 2
left_child=1 2 6 -4 -2 8 -1 -7 -6
right_child=4 -3 3 -5 5 7 -8 -9 -10
leaf_value=0.0060435383882895622 0.0046786040054743938 -0.011720744335066384 0.0049001440255715054 -9.8152921718474201e-05 0.0053297423261499223 -0.0081069301701465219 3.6666493785011344e-05 -0.018812958862819223 -0.0028392359827583064
leaf_weight=344.00916500389576 32.534100025892258 41.532507315278053 195.32488818466663 4624.2128911018372 24.915016397833824 84.587948620319366 184.94669103622437 32.974418893456459 27.356848686933517
leaf_count=1396 131 167 789 18572 100 340 746 133 110
internal_value=0 0.0003898 0.000489754 0.000101242 -0.00549994 -0.00758283 0.00398504 -0.0114118 0.000705974
internal_weight=0 5390.03 5348.49 4819.54 202.368 169.834 528.956 117.562 52.2719
internal_count=22484 21670 21503 19361 814 683 2142 473 210
is_linear=0
shrinkage=0.02


Tree=76
num_leaves=14
num_cat=0
split_feature=13 18 28 22 13 17 7 26 7 26 20 6 7
split_gain=17.2312 19.0287 14.7457 14.6647 14.5537 21.794 13.1447 12.9115 10.6075 11.073 8.94747 6.52888 4.32495
threshold=0.055205499753355987 -0.11055000126361846 4.7958500385284433 13.416500091552736 0.0099984998814761656 -4.5615000724792472 0.79035001993179332 1.5000000000000002 0.82400000095367443 1.0000000180025095e-35 -1.3792499899864195 1.8485000133514407 1.5185999870300295
decision_type=2 2 2 2 2 2 2 2 2 2 2 2 2
left_child=2 7 4 10 6 -6 -1 12 -4 -10 -3 -5 -2
right_child=1 3 8 11 5 -7 -8 -9 9 -11 -12 -13 -14
leaf_value=-0.0012723556601332306 0.011474472153514307 0.0015547156232224744 0.0045864559785094268 0 0.0045906831221964465 -0.0013476831774813433 0.0023270974343050786 0.00022579211618213167 -0.00021628373243291407 -0.011218651174365329 0.011282345351683995 -0.013887835029418273 0.025128657613081459
leaf_weight=542.02387425303459 33.545071005821228 149.06406565010548 32.543988585472107 26.929071843624115 270.09460042417049 2694.0400862395763 1542.3823211789131 26.118000775575638 60.470925152301788 109.27213956415653 53.129261001944542 27.784474015235901 24.646931394934654
leaf_count=2175 135 599 131 108 1093 10827 6202 105 243 440 213 112 101
internal_value=0 0.00451837 -0.000111089 0.00170325 9.76585e-05 -0.000798463 0.00138135 0.0127416 -0.00539411 -0.00744042 0.00425217 -0.0072645 0.0179223
internal_weight=0 341.217 5250.83 256.907 5048.54 2964.13 2084.41 84.31 202.287 169.743 202.193 54.7135 58.192
internal_count=22484 1373 21111 1032 20297 11920 8377 341 814 683 812 220 236
is_linear=0
shrinkage=0.02


Tree=77
num_leaves=8
num_cat=0
split_feature=23 7 9 17 7 7 15
split_gain=15.8792 13.7217 10.1371 13.7179 12.7336 6.71072 3.65052
threshold=-15.252149581909178 4.5504000186920175 -3.2272499799728389 -0.76254999637603749 3.0263500213623051 2.7003500461578374 -2.3008500337600704
decision_type=2 2 2 2 2 2 2
left_child=5 2 4 -4 -2 6 -1
right_child=1 -3 3 -5 -6 -7 -8
leaf_value=0.015002009251336063 0.0013801188268070007 -0.012236316675303331 -0.0023731451561514938 0.00027704441130681028 0.0152506541198251 0 0.0051118154489616487
leaf_weight=41.814936414361 1183.1188457906246 35.329685360193253 1028.011706918478 3208.7278084456921 26.466232374310493 30.393626347184181 37.75860022008419
leaf_count=172 4764 142 4128 12892 108 123 155
internal_value=0 1.01783e-05 9.55232e-05 -0.000361692 0.00171248 0.00765598 0.0106789
internal_weight=0 5481.65 5446.32 4236.74 1209.59 109.967 79.5735
internal_count=22484 22034 21892 17020 4872 450 327
is_linear=0
shrinkage=0.02


Tree=78
num_leaves=11
num_cat=0
split_feature=28 23 7 6 7 12 6 16 21 2
split_gain=15.7114 17.9588 13.646 13.169 10.2214 13.1371 9.5251 4.40724 3.7394 3.41465
threshold=4.7958500385284433 -15.252149581909178 4.5504000186920175 4.5358500480651864 0.82400000095367443 6.5000000000000009 2.44694995880127 -0.31344999372959131 1.7873499989509585 55.181648254394538
decision_type=2 2 2 2 2 2 2 2 2 2
left_child=1 6 3 -3 -2 8 9 -7 -6 -1
right_child=4 2 -4 -5 5 7 -8 -9 -10 -11
leaf_value=0.016967695728283945 0.0044981226947494101 0.0002124793340879616 -0.011998306763176852 0.013525900316891777 0.0063224408940202427 -0.0072702536975405479 0 -0.016329900950901591 -0.0040602691791463107 0.0059201147563435266
leaf_weight=40.33983713388443 32.552930906414986 5219.7650283426046 35.329740524291992 28.955896660685539 25.651674777269363 72.646109133958817 37.765766203403473 44.741056859493256 26.614915296435356 27.011834591627121
leaf_count=166 131 20978 142 119 103 292 154 181 107 111
internal_value=0 0.000371599 0.000204083 0.000292298 -0.00529051 -0.00730129 0.00852254 -0.011001 0.000682973 0.012981
internal_weight=0 5389.17 5284.05 5248.72 202.207 169.654 105.117 117.387 52.2666 67.3517
internal_count=22484 21670 21239 21097 814 683 431 473 210 277
is_linear=0
shrinkage=0.02


Tree=79
num_leaves=12
num_cat=0
split_feature=13 2 13 6 7 9 12 6 23 7 6
split_gain=16.4742 17.2192 13.8583 20.3272 23.6863 13.5448 18.3785 15.0824 11.1046 22.4939 19.5887
threshold=0.055205499753355987 7.3551499843597421 0.0099984998814761656 3.953299999237061 3.2295000553131108 5.7444500923156747 14.500000000000002 2.0651999711990361 -3.1982499361038204 2.1148999929428105 0.52480000257492077
decision_type=2 2 2 2 2 2 2 2 2 2 2
left_child=2 -2 8 4 -4 6 -3 -7 10 -10 -1
right_child=1 5 3 -5 -6 7 -8 -9 9 -11 -12
leaf_value=0.014851768270045989 -0.010819135157714235 0.012894941914239726 -0.00091644072430613691 0.015697955111587673 -0.014970848862366923 0.0042729307675213784 0.00080979351862152881 -0.013493988103197163 0.00011556615488439646 -0.018399290144864161 0.0019091068109399903
leaf_weight=48.638509035110474 25.597420737147331 138.09303073585033 2987.10424490273 27.778512120246887 47.995010063052177 67.102518498897552 84.880371913313866 25.425668969750404 1057.6691772788763 25.873930647969246 1054.9497561603785
leaf_count=195 103 558 12014 113 193 269 341 102 4244 104 4248
internal_value=0 0.00441331 -0.000114098 -0.000985729 -0.00115013 0.00574263 0.00840788 -0.00048745 0.00109729 -0.000324667 0.00251056
internal_weight=0 341.099 5250.01 3062.88 3035.1 315.502 222.973 92.5282 2187.13 1083.54 1103.59
internal_count=22484 1373 21111 12320 12207 1270 899 371 8791 4348 4443
is_linear=0
shrinkage=0.02


Tree=80
num_leaves=12
num_cat=0
split_feature=13 6 7 13 6 7 20 18 19 27 21
split_gain=14.4111 23.5433 26.4749 19.6569 18.9428 16.1572 14.5352 14.6171 14.5887 6.42208 2.44141
threshold=0.0083725000731647032 3.953299999237061 3.2295000553131108 0.0072105000726878652 1.3730500340461733 0.72294998168945324 -0.58269998431205738 -0.14985000342130658 0.4939000010490418 -0.32995000481605524 3.1220500469207768
decision_type=2 2 2 2 2 2 2 2 2 2 2
left_child=3 2 4 6 -2 -5 7 -1 -8 -7 -4
right_child=1 -3 10 5 -6 9 8 -9 -10 -11 -12
leaf_value=-0.00057926763627302077 -0.0013551030238680272 0.016583324700351527 -0.0067594483047600379 -0.003003686240038092 0.0019147239984545386 0.0046676076315294154 -0.0010435737597375952 0.0032912649506907478 -0.013987119271681741 0.018414491136240742 -0.017106627913734931
leaf_weight=604.12352786958218 2472.8411850631237 30.905893445014954 25.358044162392616 25.947540909051895 989.17915812134743 24.931997522711754 263.85757921636105 1061.1334729343653 40.063681691884995 54.613467752933502 37.564579173922539
leaf_count=2432 9936 126 102 104 3989 100 1059 4264 161 219 151
internal_value=0 -0.000496271 -0.000656354 0.00159884 -0.00041478 0.00999307 0.00113415 0.0018756 -0.00285569 0.0144655 -0.0134205
internal_weight=0 3555.85 3524.94 2074.67 3462.02 105.493 1969.18 1665.26 303.921 79.5455 62.9226
internal_count=22643 14304 14178 8339 13925 423 7916 6696 1220 319 253
is_linear=0
shrinkage=0.02


Tree=81
num_leaves=11
num_cat=0
split_feature=28 28 28 17 16 16 12 16 18 16
split_gain=19.0797 19.9109 18.0414 19.5545 12.0126 11.9698 11.3483 6.79521 8.28171 4.09104
threshold=4.7958500385284433 4.4433000087738046 1.0628499984741213 4.9603998661041269 -0.72924998402595509 0.092250000685453429 8.5000000000000018 0.18094999343156817 -1.3044500350952146 -0.53245002031326283
decision_type=2 2 2 2 2 2 2 2 2 2
left_child=1 2 5 -4 -3 -1 9 8 -8 -2
right_child=6 4 3 -5 -6 -7 7 -9 -10 -11
leaf_value=0.015063621525430991 -0.0036918905085720488 0.001440087463089053 0.0005647895546078617 -0.0034297634613562724 0.020853422170832085 0.0032830759784266434 -0.014617359720420034 -0.017905710127104187 -0.0015288561119562213 0.0052777422457476473
leaf_weight=47.65298093855381 47.599725648760796 26.191842555999756 4629.7997501194477 546.79203641414642 29.636791199445724 146.584094196558 31.071489870548248 31.039143815636635 59.876847997307777 33.96729052066803
leaf_count=195 191 105 18619 2195 119 590 125 126 241 137
internal_value=0 0.000495995 0.000367482 0.00013841 0.0122833 0.00633804 -0.00572186 -0.00955834 -0.00632825 0
internal_weight=0 5426.66 5370.83 5176.59 55.8286 194.237 203.554 121.987 90.9483 81.567
internal_count=22643 21823 21599 20814 224 785 820 492 366 328
is_linear=0
shrinkage=0.02


Tree=82
num_leaves=9
num_cat=0
split_feature=22 5 13 17 13 7 7 9
split_gain=19.484 15.415 16.5084 19.0674 12.3941 12.4229 10.5151 9.07457
threshold=1.003850042819977 0.44650000333786016 0.0099984998814761656 -4.8989999294280997 -0.0029095000354573126 0.79554998874664318 0.78714999556541454 -2.6814498901367183
decision_type=2 2 2 2 2 2 2 2
left_child=-1 4 6 -4 7 -6 -3 -2
right_child=1 2 3 -5 5 -7 -8 -9
leaf_value=-0.017826229395172907 -0.0092554646395782651 -0.0010795666943297481 0.0041193053810453916 -0.001334711597415757 -0.0012862139951307144 0.0078574484193590453 0.0023114687312769302 0.0023513497196899534
leaf_weight=22.680786177515984 40.492417216300964 475.67119286954403 278.69672077894211 2922.5686491131783 71.770457357168198 262.91344267129898 1483.3446523100138 71.874454021453857
leaf_count=91 163 1909 1130 11751 288 1056 5966 289
internal_value=0 0.000341253 2.83753e-05 -0.00085251 0.00390003 0.00583909 0.00147775 -0.0016996
internal_weight=0 5607.33 5160.28 3201.27 447.051 334.684 1959.02 112.367
internal_count=22643 22552 20756 12881 1796 1344 7875 452
is_linear=0
shrinkage=0.02


Tree=83
num_leaves=16
num_cat=0
split_feature=5 17 21 23 8 18 17 5 12 3 24 24 23 21 2
split_gain=14.7198 13.3171 29.3014 12.7847 12.5094 12.1755 12.1583 9.1923 8.34743 8.32104 5.36564 4.37885 6.8222 6.48782 2.79549
threshold=0.44650000333786016 4.9603998661041269 5.7530999183654794 -6.9115998744964591 4.971949815750123 0.078350000083446517 -0.79390001296997059 0.35150000452995306 17.500000000000004 13.715149879455568 13.638150215148928 3.8248000144958501 -5.3150501251220694 3.231549978256226 33.338800430297859
decision_type=2 2 2 2 2 2 2 2 2 2 2 2 2 2 2
left_child=6 2 3 -2 5 -3 11 14 -4 -9 -6 12 -1 -13 -8
right_child=1 4 8 -5 10 -7 7 9 -10 -11 -12 13 -14 -15 -16
leaf_value=-0.0025470711551265246 0.0017118287458951448 -0.014842472044400019 0.0028458428177955751 -0.00096423346145147273 -0.00035628392281409558 -0.0033803186134088313 0.0061792010487554533 -0.0027482644358971142 0.0081677818100455955 0.0064648426123189839 0.0077061272261338869 -0.01229330658945064 0.0065586073658085988 0.00063790839404155965 0.015788581361478066
leaf_weight=63.544627130031586 931.73933997750282 41.636794745922089 483.86287423968315 3012.4540804326534 92.881550028920174 405.7789054363966 30.583664998412132 50.513017147779465 166.50607465207577 137.45949250459671 46.821816474199295 24.873575121164322 62.615844234824181 31.916839748620987 46.536426156759262
leaf_count=255 3762 167 1948 12105 373 1630 123 203 670 552 188 100 251 129 187
internal_value=0 -4.12512e-05 0.000317483 -0.000326722 -0.00287834 -0.00452232 0.00373015 0.00646107 0.00424951 0.00388177 0.00223927 -0.000131787 0.00183101 -0.00479446 0.0123617
internal_weight=0 5181.68 4594.56 3944.19 587.119 447.416 448.043 265.093 650.369 187.973 139.703 182.951 126.16 56.7904 77.1201
internal_count=22643 20843 18485 15867 2358 1797 1800 1065 2618 755 561 735 506 229 310
is_linear=0
shrinkage=0.02


Tree=84
num_leaves=12
num_cat=0
split_feature=28 19 7 7 6 6 23 12 15 6 14
split_gain=18.4388 21.6609 33.3013 18.8512 21.3694 18.789 12.8361 10.9318 8.55278 4.36964 4.05458
threshold=4.7958500385284433 -1.5978500247001646 0.84885001182556163 2.7003500461578374 1.3052499890327456 3.5961500406265263 -4.1594500541687003 8.5000000000000018 0.28075000643730169 0.82664999365806591 -1.0000000180025095e-35
decision_type=2 2 2 2 2 2 2 2 2 2 2
left_child=1 2 -1 4 -3 -5 -4 9 10 -2 -9
right_child=7 3 6 5 -6 -7 -8 8 -10 -11 -12
leaf_value=-0.010533972515925178 -0.0045345529606768157 -0.00035492015503950239 0.012144323118335248 -0.0083470626808052045 0.0025711090557847603 0.0069915205865743501 0 0 -0.018000666324560315 0.0046113958481632314 -0.008595862722695264
leaf_weight=37.686162069439888 40.793641805648804 3591.6063782423735 160.74495071172714 176.94582934677601 1377.5729562342167 36.718497082591057 44.637852922081947 28.624611526727676 34.479379042983055 40.781671240925789 58.78749206662178
leaf_count=151 164 14423 651 712 5555 148 183 115 140 164 237
internal_value=0 0.000476484 0.00630183 0.000198262 0.000452574 -0.00559765 0.00952405 -0.00563745 -0.00940526 0 -0.00562338
internal_weight=0 5425.91 243.069 5182.84 4969.18 213.664 205.383 203.467 121.891 81.5753 87.4121
internal_count=22643 21823 985 20838 19978 860 834 820 492 328 352
is_linear=0
shrinkage=0.02


Tree=85
num_leaves=15
num_cat=0
split_feature=28 13 12 15 28 20 17 12 13 13 6 14 6 6
split_gain=13.7153 16.2129 15.6847 20.5118 13.0828 11.7933 15.5202 11.4545 14.3047 10.7036 10.404 17.4909 13.0233 5.03636
threshold=2.3295500278472905 0.074474498629570021 12.500000000000002 -2.4758999347686763 2.2421500682830815 -1.7389499545097349 -3.0764499902725215 8.5000000000000018 0.063331000506877913 -0.04833600111305713 1.5261999964714053 1.0000000180025095e-35 0.72734999656677257 1.2041000127792361
decision_type=2 2 2 2 2 2 2 2 2 2 2 2 2 2
left_child=2 7 3 -1 -5 6 -3 9 -9 -2 12 -12 -4 -7
right_child=1 5 10 4 -6 13 -8 8 -10 -11 11 -13 -14 -15
leaf_value=0.015413459003435149 0.01020159468353073 0.016129182752607062 0.00091527435937192132 -0.0013620428710856148 0.0083000567282193443 0.019305305231936635 -0.00064839316104566436 -0.0017307715135133662 -0.016051870584887818 7.8462852857239524e-05 -0.0073471816379160901 0.007208129341530695 0.006490332926100819 0.0056624053979379774
leaf_weight=31.306086540222168 42.371812358498573 24.574392527341843 283.84708967804909 937.75434841215611 58.245256945490837 25.218372091650963 147.39283560216427 2114.3921186625957 27.676364108920097 1273.4953436255455 83.392738252878189 52.459223926067352 444.70605611801147 30.156357288360596
leaf_count=128 171 100 1140 3769 234 101 593 8506 111 5123 337 212 1788 121
internal_value=0 -0.000683686 0.0014106 -0.000242084 -0.000769193 0.00446195 0.00171291 -0.00102896 -0.00193254 0.000427121 0.00339585 -0.00156891 0.00434991 0.0124626
internal_weight=0 3685.28 1891.71 1027.31 996 227.342 171.967 3457.94 2142.07 1315.87 864.405 135.852 728.553 55.3747
internal_count=22434 14826 7608 4131 4003 915 693 13911 8617 5294 3477 549 2928 222
is_linear=0
shrinkage=0.02


Tree=86
num_leaves=12
num_cat=0
split_feature=19 28 28 6 6 19 7 22 7 17 21
split_gain=13.1883 16.5294 16.1334 18.7837 27.6493 15.7936 15.6291 13.7486 12.3465 10.6553 10.4434
threshold=-1.405250012874603 5.2077000141143808 2.3295500278472905 1.3107500076293948 1.0937500000000002 -0.85350000858306874 0.87935000658035289 6.319049835205079 1.6103499531745913 5.1700999736785898 6.5650498867034921
decision_type=2 2 2 2 2 2 2 2 2 2 2
left_child=1 6 5 4 -4 -2 7 -1 -5 -7 -8
right_child=2 -3 3 8 -6 9 10 -9 -10 -11 -12
leaf_value=0.0073130685462226494 0.014937600724245681 -0.0083011314788590737 -0.00093498697693637626 0.003678218705007169 -0.006347456420538241 0.001565055827117188 0.0092489982600189834 -0.011401785531594778 -0.00065853896423820519 -0.0031193512446508163 -0.0016074988598980642
leaf_weight=24.951109439134598 32.373072132468224 38.282233476638794 1802.2188489884138 441.92245891690254 481.29983773827553 1618.2190053462982 215.11664755642414 36.436086907982826 630.13674566149712 217.4045217782259 38.455040976405144
leaf_count=100 131 154 7238 1780 1934 6506 871 146 2543 873 158
internal_value=0 0.00376099 -0.00022632 -0.00105876 -0.00208681 0.00125811 0.00531203 -0.00347918 0.00111228 0.000997966 0.00752416
internal_weight=0 353.241 5223.57 3355.58 2283.52 1868 314.959 61.3872 1072.06 1835.62 253.572
internal_count=22434 1429 21005 13495 9172 7510 1275 246 4323 7379 1029
is_linear=0
shrinkage=0.02


Tree=87
num_leaves=7
num_cat=0
split_feature=6 7 6 7 7 16
split_gain=10.4372 15.3279 11.0324 12.0978 10.1817 2.58004
threshold=4.5358500480651864 4.0492999553680429 1.317349970340729 1.6103499531745913 1.700999975204468 -1.5722999572753904
decision_type=2 2 2 2 2 2
left_child=1 2 4 -4 -1 -3
right_child=-2 5 3 -5 -6 -7
leaf_value=-0.0002752350884806754 0.0099170799889025628 -0.015829597349438857 0.003221510955539257 -0.00028541655250656592 -0.0050067174541145679 -0.0048320686785068576
leaf_weight=3740.2472342848778 41.341365322470665 25.183409467339516 786.49908556044102 767.0443090647459 191.23928044736385 24.821848928928375
leaf_count=15022 170 101 3172 3100 769 100
internal_value=0 -4.94454e-05 4.83982e-05 0.00147807 -0.000511689 -0.0109645
internal_weight=0 5535.04 5485.03 1553.54 3931.49 50.0053
internal_count=22434 22264 22063 6272 15791 201
is_linear=0
shrinkage=0.02


Tree=88
num_leaves=13
num_cat=0
split_feature=19 5 20 6 24 13 23 1 19 20 19 13
split_gain=12.5462 12.7909 11.1108 9.54626 8.82864 7.94878 13.2118 9.27374 15.8341 8.40747 5.29694 4.54276
threshold=-1.405250012874603 2.1635000705718999 0.95685002207756054 1.3107500076293948 1.0724499821662905 0.010633000172674658 -7.5815498828887931 2.7861499786376958 -3.2750999927520748 -7.3033499717712393 0.4678999930620194 0.0099984998814761656
decision_type=2 2 2 2 2 2 2 2 2 2 2 2
left_child=5 2 3 -2 11 7 -7 8 -1 -9 -6 -3
right_child=1 4 -4 -5 10 6 -8 9 -10 -11 -12 -13
leaf_value=-0.013068005789054378 -0.0011471009146374891 0.0018095733535380971 0.0091900715835844058 0.00079737767243489568 0.0066187827238284877 8.1906785956645088e-05 0.020472039438141174 0.014940109932855173 0.0022845488832833358 0.001857756562821443 0 -0.0091190263103136538
leaf_weight=30.506643086671829 3440.0215406864882 26.862515509128571 45.848020672798157 1416.4173116087914 210.02557325363159 27.13278616964817 26.809999778866768 36.94703833758831 181.62474939227104 50.018215820193291 56.267397701740265 27.634516671299934
leaf_count=123 13819 108 184 5712 845 111 108 152 730 205 226 111
internal_value=0 -0.000221481 -0.000478545 -0.000575814 0.00363408 0.0036686 0.0107681 0.00228992 0 0.00774979 0.00516328 -0.00343621
internal_weight=0 5223.08 4902.29 4856.44 320.79 353.039 53.9428 299.097 212.131 86.9653 266.293 54.497
internal_count=22434 21005 19715 19531 1290 1429 219 1210 853 357 1071 219
is_linear=0
shrinkage=0.02


Tree=89
num_leaves=16
num_cat=0
split_feature=28 9 13 20 6 9 12 28 5 4 12 6 12 20 6
split_gain=12.7697 18.0212 18.6394 18.1969 15.2279 25.3744 14.4657 12.9162 11.7046 10.5439 10.1602 15.6583 9.67015 9.13365 6.9334
threshold=2.3295500278472905 -3.2272499799728389 0.013061500154435636 0.045099999755620963 0.8005499839782716 7.9232001304626474 8.5000000000000018 1.697149991989136 1.5864999890327456 8.7795500755310076 12.500000000000002 0.74114999175071727 16.500000000000004 -0.78384998440742482 0.85345000028610241
decision_type=2 2 2 2 2 2 2 2 2 2 2 2 2 2 2
left_child=4 8 6 -4 10 9 -3 -7 12 -6 11 -1 -2 -12 -10
right_child=1 2 3 -5 5 7 -8 -9 14 -11 13 -13 -14 -15 -16
leaf_value=-0.0011009695314017141 0.0019577284929015405 -0.00030536578164623595 0.00033135200480556213 0.012139828028778528 -0.00022058230119621349 -0.0067265672499825869 -0.0038163095296084317 0.0040939566509725685 0.012703505158636235 0.0052769801703381834 0.0038611825161673397 -0.011536346397040317 -0.0026383501038589304 -0.0031603723228820248 0.0033730284013309725
leaf_weight=354.56475034356117 634.77212360501289 774.75558617711067 559.54966397583485 57.087353423237801 162.60995446145535 144.65676222741604 1243.900781467557 60.088889509439468 50.835767135024071 754.2838761806488 243.49178448319435 69.216502696275711 253.87056005001068 102.5646667778492 109.53709487617016
leaf_count=1424 2561 3114 2249 229 655 581 5001 241 204 3039 978 278 1023 412 445
internal_value=0 -0.00066028 -0.00154645 0.00147483 0.00136069 0.0028503 -0.00247954 -0.00344928 0.00154624 0.00428103 -0.000784579 -0.00287562 0.000620734 0.00171939 0.00651498
internal_weight=0 3684.31 2635.29 616.637 1891.48 1121.64 2018.66 204.746 1049.02 916.894 769.838 423.781 888.643 346.056 160.373
internal_count=22434 14826 10593 2478 7608 4516 8115 822 4233 3694 3092 1702 3584 1390 649
is_linear=0
shrinkage=0.02


Tree=90
num_leaves=9
num_cat=0
split_feature=6 6 7 6 17 21 21 13
split_gain=12.8742 10.8724 18.7607 40.037 14.6003 13.2387 14.1383 12.7011
threshold=0.26344999670982366 1.3107500076293948 2.7003500461578374 3.953299999237061 5.6818501949310312 1.9236499667167666 4.9000499248504648 -0.04833600111305713
decision_type=2 2 2 2 2 2 2 2
left_child=-1 5 4 -4 -3 7 -7 -2
right_child=1 2 3 -5 -6 6 -8 -9
leaf_value=-0.015274898643387942 0.012337550373659608 0.0032311780348670623 -0.0079752717676624743 0.013947832277997584 -0.001631837712037195 -0.0027943687277078239 0.00081724082256546149 0.00038658057869400973
leaf_weight=21.15620630979538 35.461490049958229 1145.2286731004715 184.49860905110836 39.168960198760033 308.09349562227726 1420.8932247161865 612.47838959097862 1827.9303493350744
leaf_count=85 143 4633 743 161 1236 5714 2458 7338
internal_value=0 0 0.00134694 -0.00400205 0.00218609 -0.000578552 -0.00169681 0.000631238
internal_weight=0 5573.75 1676.99 223.668 1453.32 3896.76 2033.37 1863.39
internal_count=22511 22426 6773 904 5869 15653 8172 7481
is_linear=0
shrinkage=0.02


Tree=91
num_leaves=7
num_cat=0
split_feature=6 5 6 6 6 23
split_gain=12.3994 10.5985 14.986 10.4815 11.2976 7.68951
threshold=0.26344999670982366 0.41650000214576727 0.58525002002716076 0.31724999845027929 1.317349970340729 -5.3150501251220694
decision_type=2 2 2 2 2 2
left_child=-1 2 -2 -3 -5 -4
right_child=1 3 5 4 -6 -7
leaf_value=-0.014997417287952806 -0.0092375857072877054 0.0097364925107329588 0.00047035866352859273 -0.00091340110308111026 0.0011167449965823141 0.0073825363264863435
leaf_weight=21.135393708944321 31.385354578495026 40.863845884799957 107.77267274260521 3644.4893548637629 1561.134427562356 187.53236889839172
leaf_count=85 126 164 434 14642 6307 753
internal_value=0 0 0.00349063 -0.000216805 -0.000300634 0.00493751
internal_weight=0 5573.18 326.69 5246.49 5205.62 295.305
internal_count=22511 22426 1313 21113 20949 1187
is_linear=0
shrinkage=0.02


Tree=92
num_leaves=15
num_cat=0
split_feature=8 28 24 8 4 25 4 17 22 1 28 28 23 17
split_gain=11.7947 12.8215 9.06254 8.72098 17.4023 8.66235 9.73918 9.49505 8.19789 7.15133 8.09963 6.36324 5.95457 3.32527
threshold=-0.86999997496604908 1.9501499533653261 8.4353499412536639 3.5183500051498418 8.5728497505188006 3.5000000000000004 25.945400238037113 5.6818501949310312 22.028050422668461 2.1294499635696416 3.6208499670028691 2.1442500352859502 -6.5111000537872306 5.5231499671936044
decision_type=2 2 2 2 2 2 2 2 2 2 2 2 2 2
left_child=1 2 12 5 13 7 -7 -2 -6 11 -11 -3 -1 -5
right_child=3 9 -4 4 8 6 -8 -9 -10 10 -12 -13 -14 -15
leaf_value=0.010392194748183129 -0.00095225321279556558 -0.007001534121713191 -0.0035196422454261472 0.015002353870996979 -0.00093327453592051098 -0.00089044187559932184 0.007875658003775347 -0.0053934414742480346 0.010444817531315488 0.0032487044508838349 -0.0042097987464031466 -0.00016978931848520704 0.0039548800262087938 0.0055646523726193284
leaf_weight=93.556132778525352 3092.7882688641548 58.333678334951401 41.671108573675156 37.618595868349075 301.3005885630846 106.07140453159809 90.058107078075409 207.27702839672565 26.644470632076263 458.09025800228119 63.656065359711647 774.51173883676529 199.16347132623196 43.342077568173409
leaf_count=380 12436 234 168 152 1213 426 362 833 108 1857 256 3111 801 174
internal_value=0 0.00133507 0.00484236 -0.000664312 0.00208031 -0.000991537 0.00305282 -0.00123881 0 0.000451581 0.00229415 -0.000680103 0.00610878 0.0103235
internal_weight=0 1688.98 334.391 3905.1 408.906 3496.19 196.13 3300.07 327.945 1354.59 521.746 832.845 292.72 80.9607
internal_count=22511 6807 1349 15704 1647 14057 788 13269 1321 5458 2113 3345 1181 326
is_linear=0
shrinkage=0.02


Tree=93
num_leaves=15
num_cat=0
split_feature=8 28 14 3 1 24 8 9 19 18 20 17 17 28
split_gain=11.3206 12.3247 10.6802 9.40125 8.88497 8.72341 8.39158 8.18754 12.7092 7.66438 7.4751 6.4567 9.20707 5.3625
threshold=-0.86999997496604908 1.9501499533653261 -1.0000000180025095e-35 32.306550979614265 2.3190499544143681 8.4353499412536639 3.5183500051498418 0.39625000953674322 -0.57895001769065846 -0.23104999959468839 -11.357500076293944 5.6818501949310312 -3.3059999942779537 2.3864499330520634
decision_type=2 2 2 2 2 2 2 2 2 2 2 2 2 2
left_child=1 5 3 -3 -4 9 7 10 -9 -1 -2 12 -8 -13
right_child=6 2 4 -5 -6 -7 11 8 -10 -11 -12 13 -14 -15
leaf_value=0 -0.0073952759312311336 0.005205147102425544 -0.002085086170466894 -0.0010526048112294293 0.0020671855644978717 -0.003450419523789629 -0.005336729696946727 -0.014031797265926786 -0.0016751979073610268 0.0077319864782970709 0.00024061028282580606 -0.0056725323291474776 0.0058993694443391434 0.0015919412667746771
leaf_weight=66.07950185239315 51.896795213222504 281.12518735229969 635.16903080046177 137.93602915108204 300.26237221062183 41.676981300115585 31.503388345241547 33.495185941457748 1734.3277975469828 226.55315367877483 1676.3860135674477 59.047126024961472 198.84957376122475 119.46742889285088
leaf_count=268 211 1134 2552 556 1216 168 130 135 6975 913 6736 237 800 480
internal_value=0 0.00130807 0.000441578 0.00310016 -0.000730114 0.00474733 -0.000650786 -0.000971843 -0.00192843 0.00599075 0 0.00204135 0.00425983 -0.000717726
internal_weight=0 1688.8 1354.49 419.061 935.431 334.31 3904.97 3496.11 1767.82 292.633 1728.28 408.868 230.353 178.515
internal_count=22511 6807 5458 1690 3768 1349 15704 14057 7110 1181 6947 1647 930 717
is_linear=0
shrinkage=0.02


Tree=94
num_leaves=13
num_cat=0
split_feature=5 7 23 28 7 5 28 15 28 26 4 4
split_gain=10.4404 14.0115 9.67908 21.5247 21.4062 11.5464 7.79162 6.90667 6.42014 6.41184 2.99552 1.4141
threshold=0.41650000214576727 0.65255001187324535 -6.9115998744964591 3.6683000326156621 2.5738500356674199 2.1635000705718999 3.2635500431060795 0.95235002040863048 1.6494500041007998 1.5000000000000002 20.281900405883793 28.899350166320804
decision_type=2 2 2 2 2 2 2 2 2 2 2 2
left_child=1 -1 3 4 -2 7 8 -4 -3 -5 -7 -8
right_child=2 6 5 9 -6 10 11 -9 -10 -11 -12 -13
leaf_value=-0.0079860253318724001 0.003593040107109632 0.00051128463605356288 -0.0014760182360627025 -0.0027534612562417527 -0.0052258351338379042 0.0011153005738945934 0.00075675806619785824 0.00045569571030092462 0.0083445694759892199 -0.012607131616127327 0.0056768009035706836 -0.0053510567905380802
leaf_weight=36.140354886651039 843.94548255205154 62.030496284365654 2939.4959593117237 90.353216961026192 124.03133571147919 135.21389606595039 25.159978032112122 970.02306428551674 178.67028020322323 42.049917310476303 121.50764113664627 24.917422816157341
leaf_count=145 3419 250 11817 363 500 543 101 3898 718 169 488 100
internal_value=0 0.0034033 -0.000273768 0.00138758 0.00243817 -0.000717588 0.00490992 -0.000991616 0.00641908 -0.00610386 0.00336554 -0.00193606
internal_weight=0 326.919 5266.62 1100.38 967.977 4166.24 290.778 3909.52 240.701 132.403 256.722 50.0774
internal_count=22511 1314 21197 4451 3919 16746 1169 15715 968 532 1031 201
is_linear=0
shrinkage=0.02


Tree=95
num_leaves=14
num_cat=0
split_feature=6 6 17 6 12 28 14 17 21 17 19 21 6
split_gain=20.2421 17.2294 14.9177 23.2682 14.7982 14.5376 13.9217 12.1527 15.9718 17.0992 12.809 8.06613 7.00125
threshold=1.2745000123977663 1.2184500098228457 -4.5615000724792472 0.78284999728202831 4.5000000000000009 0.93174999952316295 1.0000000180025095e-35 7.8810999393463144 6.855299949645997 5.2762498855590829 -0.23815000057220456 5.5273501873016366 2.7566000223159794
decision_type=2 2 2 2 2 2 2 2 2 2 2 2 2
left_child=1 2 3 -1 -3 -4 -6 8 9 -2 -10 -9 -13
right_child=7 4 5 -5 6 -7 -8 11 10 -11 -12 12 -14
leaf_value=0.020046768083432163 0.0015963205597531633 0.0050930708056778629 0.0080599929030843835 0.0017228016823886065 -0.012195867557717333 -0.00094601477368103765 0.00077686431789898344 0.0042194551827061796 -0.0011767585962515028 -0.010952883439159766 0.0069621832756716897 -0.002543698538634352 -0.013284668740141718
leaf_weight=32.504089832305908 1059.4387568086386 34.093444630503654 71.895071268081665 182.51432174444199 126.15799884498119 3325.8600469380617 40.762286350131035 49.068925425410271 90.380653649568558 43.996731653809547 402.47984784841537 131.59233473241329 31.512212052941322
leaf_count=131 4289 137 291 733 508 13360 164 198 369 177 1620 528 127
internal_value=0 -0.000742254 -0.000418376 0.00466538 -0.00643335 -0.000747252 -0.00892303 0.00182573 0.00243006 0.00106838 0.00542981 -0.00261724 -0.00480906
internal_weight=0 3813.79 3612.77 215.018 201.014 3397.76 166.92 1808.47 1596.3 1103.44 492.861 212.173 163.105
internal_count=22632 15324 14515 864 809 13651 672 7308 6455 4466 1989 853 655
is_linear=0
shrinkage=0.02


Tree=96
num_leaves=15
num_cat=0
split_feature=6 6 17 6 9 7 7 6 17 7 7 16 27 8
split_gain=19.4254 16.5387 14.3514 22.4151 13.1202 23.592 33.2598 14.869 32.4027 12.7829 12.397 10.6492 10.2516 8.37318
threshold=1.2745000123977663 1.2184500098228457 -4.5615000724792472 0.78284999728202831 8.2947502136230487 1.7972499728202822 1.944850027561188 2.1320500373840336 -3.9052499532699581 0.90684998035430919 1.5963500142097475 2.6561000347137456 -0.68920001387596119 -1.175550043582916
decision_type=2 2 2 2 2 2 2 2 2 2 2 2 2 2
left_child=1 2 3 -1 7 11 -7 10 -9 -4 -2 -6 -3 -14
right_child=4 12 9 -5 5 6 -8 8 -10 -11 -12 -13 13 -15
leaf_value=0.019688618302689781 0.0034318892566034187 0.0037281916335327827 0.00055887573869894687 0.0016886431560057362 -0.0033773952709070573 -0.023699317038676948 -0.0022634610762399267 -0.0014363618746787462 0.012720431414386562 -0.0018911936823409307 -0.00086460307433930156 0.0054305345292724148 -0.00074089988266743095 -0.011062764007920532
leaf_weight=32.452163636684418 668.10534688830376 31.082660064101219 1599.3011614084244 182.50251162052155 75.504997357726097 35.855497106909752 149.77792792022228 104.39086149632931 158.81611657142639 1798.2633582055569 437.935736566782 177.84149818122387 48.25947043299675 121.58104237914085
leaf_count=131 2697 125 6425 733 303 144 604 429 645 7226 1773 713 194 490
internal_value=0 -0.000726937 -0.000409542 0.00457734 0.00178884 -0.00118622 -0.0066158 0.00275741 0.0070458 -0.000732187 0.00171339 0.00272391 -0.00630424 -0.00826842
internal_weight=0 3813.44 3612.52 214.955 1808.23 438.98 185.633 1369.25 263.207 3397.56 1106.04 253.346 200.923 169.841
internal_count=22632 15324 14515 864 7308 1764 748 5544 1074 13651 4470 1016 809 684
is_linear=0
shrinkage=0.02


Tree=97
num_leaves=15
num_cat=0
split_feature=6 6 12 17 6 12 9 7 7 6 17 7 0 1
split_gain=18.6434 15.8985 14.2153 13.8074 21.5979 13.1797 12.6192 22.683 32.0077 14.2881 31.1926 11.9133 10.821 10.3756
threshold=1.2745000123977663 1.2184500098228457 4.5000000000000009 -4.5615000724792472 0.78284999728202831 19.500000000000004 8.2947502136230487 1.7972499728202822 1.944850027561188 2.1320500373840336 -3.9052499532699581 1.5963500142097475 -0.93050000071525563 2.0677499771118169
decision_type=2 2 2 2 2 2 2 2 2 2 2 2 2 2
left_child=1 3 -3 4 -1 -5 9 13 -9 11 -11 -2 -4 -8
right_child=6 2 12 5 -6 -7 7 8 -10 10 -12 -13 -14 -15
leaf_value=0.019340001759100559 0.0033640349240280994 0.0051105651329357502 0.0018354510587681035 -0.0012766845844388009 0.0016551621702118977 0.0020633451833130074 -0.0022269129552244717 -0.023258777732673045 -0.0022187420757919817 -0.0014076278652836853 0.012481652455392437 -0.00084729679040751839 -0.010977439529436481 0.0059315063398558019
leaf_weight=32.394990146160126 667.97128784656525 34.089088603854179 29.070991784334183 2835.0629125386477 182.49067628383636 562.41038791835308 99.013826936483383 35.82318851351738 149.76111224293709 104.41156166791916 158.63816793262959 437.96322359144688 137.66648411750793 154.3272812962532
leaf_count=131 2697 137 117 11392 733 2259 397 144 604 429 645 1773 555 619
internal_value=0 -0.000712175 -0.00618196 -0.000400924 0.00449111 -0.000717454 0.00175261 -0.00116465 -0.00649016 0.00270272 0.00690843 0.00167897 -0.00862663 0.00266808
internal_weight=0 3813.19 200.827 3612.36 214.886 3397.47 1807.91 438.925 185.584 1368.98 263.05 1105.93 166.737 253.341
internal_count=22632 15324 809 14515 864 13651 7308 1764 748 5544 1074 4470 672 1016
is_linear=0
shrinkage=0.02


Tree=98
num_leaves=16
num_cat=0
split_feature=21 9 15 9 13 19 13 21 18 24 19 13 8 13 9
split_gain=11.8521 21.5638 17.1331 15.6306 17.2577 14.7174 12.5869 13.3473 11.1983 10.6317 10.4383 7.82434 11.2243 8.30761 7.29338
threshold=6.0327999591827401 7.9232001304626474 -0.0086500002071261389 -0.2141500040888786 0.033006999641656883 -0.122249998152256 0.0083725000731647032 1.7873499989509585 -0.0059500001370906821 7.6947999000549325 -0.40575000643730158 0.034614000469446189 4.1854000091552743 0.010633000172674658 1.6943500041961672
decision_type=2 2 2 2 2 2 2 2 2 2 2 2 2 2 2
left_child=3 2 5 6 8 -2 7 -1 -5 -4 -8 13 -13 -3 -6
right_child=1 11 9 4 14 -7 10 -9 -10 -11 -12 12 -14 -15 -16
leaf_value=0.0045529102634721845 -4.1895184768695499e-05 -0.0017741357455072384 0.0064958772060653234 -0.0054076786717479628 0.0097246605775086897 0.017524626457573446 0.0017020811978235434 -0.00013325410954297573 -0.0014741483688941528 0.00090999089637013465 -0.0017432626824371823 -0.01253274439723503 0.0029959409063706473 0.0061953395636120331 0.0010418764217689606
leaf_weight=538.80901844799519 24.138750940561295 285.4606759250164 210.79585978388786 369.28386756777763 61.653617411851883 61.954383179545403 554.60821931064129 427.56149427592754 1467.2366497963667 413.40499769151211 946.257708132267 52.980402305722237 25.158185005187988 62.7364312261343 118.40727232396603
leaf_count=2166 100 1147 849 1487 248 251 2236 1722 5908 1665 3811 213 101 252 476
internal_value=0 0.00190185 0.00404207 -0.000383096 -0.00169167 0.0124258 0.000678608 0.00246089 -0.00227849 0.00283574 -0.000456518 -0.00161818 -0.00730559 -0.000267331 0.00416265
internal_weight=0 1136.63 710.294 4483.82 2016.58 86.0931 2467.24 966.371 1836.52 624.201 1500.87 426.336 78.1386 348.197 180.061
internal_count=22632 4578 2865 18054 8119 351 9935 3888 7395 2514 6047 1713 314 1399 724
is_linear=0
shrinkage=0.02


Tree=99
num_leaves=14
num_cat=0
split_feature=6 6 14 21 21 7 6 7 7 15 7 2 6
split_gain=17.7584 15.2385 13.6214 11.9673 12.6489 11.3075 39.6424 11.7935 35.9821 9.67172 9.30294 8.02662 7.53853
threshold=1.2745000123977663 1.2184500098228457 1.0000000180025095e-35 1.8316000103950503 4.3371500968933114 2.7003500461578374 3.953299999237061 0.90285000205039989 0.83474999666214 -1.2017999887466428 0.94664999842643749 80.497200012207045 2.3286499977111821
decision_type=2 2 2 2 2 2 2 2 2 2 2 2 2
left_child=1 3 9 11 -5 7 12 8 -2 -3 -9 -1 -7
right_child=5 2 -4 4 -6 6 -8 10 -10 -11 -12 -13 -14
leaf_value=0.0011798363174940986 0.0082232348394389639 0 0.002744036862404126 -0.0026728327117117446 0.00072326775917499716 -0.0021919996323051557 0.015067796637446649 0.015024805828152094 -0.020566624693100631 -0.011816240714924075 0.0024654191463917789 -0.0045240857386605708 -0.010623499157341301
leaf_weight=1599.2193750590086 33.690233662724495 35.574116036295891 49.183465853333473 1245.5014573335648 664.16221086680889 94.196290642023087 40.656711533665657 23.717765212059021 32.811224192380905 115.95139507949352 1492.0744155943394 103.04052685201168 90.231008604168892
leaf_count=6423 136 143 198 5011 2667 379 168 96 132 468 6033 414 364
internal_value=0 -0.000695973 -0.00605276 -0.000391177 -0.00148147 0.00170989 -0.00243356 0.0023131 -0.00577938 -0.0090385 0.0026849 0.000820373 -0.00646001
internal_weight=0 3812.63 200.709 3611.92 1909.66 1807.38 225.084 1582.29 66.5015 151.526 1515.79 1702.26 184.427
internal_count=22632 15324 809 14515 7678 7308 911 6397 268 611 6129 6837 743
is_linear=0
shrinkage=0.02


Tree=100
num_leaves=15
num_cat=0
split_feature=7 5 7 22 21 13 7 23 20 21 7 24 8 2
split_gain=12.3232 10.1858 16.0734 11.7434 20.7481 10.7464 9.95375 9.01655 8.77863 10.8243 8.21589 11.1276 8.22011 7.78306
threshold=2.0735499858856206 0.44650000333786016 0.79554998874664318 6.3885998725891122 1.1113499999046328 0.0029279999434947972 0.75554999709129345 -7.8061499595642081 -9.7704501152038556 3.058499932289124 2.2252999544143681 4.7769000530242929 5.4543499946594247 44.814500808715827
decision_type=2 2 2 2 2 2 2 2 2 2 2 2 2 2
left_child=1 2 6 4 -3 -5 -1 -4 9 -2 11 -10 -12 -11
right_child=8 3 7 5 -6 -7 -8 -9 10 13 12 -13 -14 -15
leaf_value=0 0.0093990608903827631 0.0015388199156325315 -0.0021893640841303499 0.0037100671411905888 -0.0022032756893738074 0.00031257942312233036 -0.014138653281786869 0.0070013045470851644 -0.0012552794937274168 0.0035064901292695344 -0.0042739818314427511 -0.017632825085675069 0.0045469772459749173 -0.010886580954196597
leaf_weight=76.443483784794807 45.041260436177254 904.57731281220913 46.6869096159935 490.75114308297634 1693.3984335958958 1603.0490162819624 25.144490018486977 264.4398645311594 33.22591507434845 27.241847068071365 274.71528930962086 39.416260495781898 46.96499390900135 28.308845221996307
leaf_count=307 183 3634 189 1980 6816 6457 101 1062 134 111 1110 159 190 115
internal_value=0 0.000270842 0.00327923 1.30328e-06 -0.000892546 0.00111983 -0.00348342 0.0055555 -0.00303121 0.00209368 -0.00439116 -0.0105322 -0.00291405 -0.00353742
internal_weight=0 5104.49 412.715 4691.78 2597.98 2093.8 101.588 311.127 494.914 100.592 394.322 72.6422 321.68 55.5507
internal_count=22548 20546 1659 18887 10450 8437 408 1251 2002 409 1593 293 1300 226
is_linear=0
shrinkage=0.02


Tree=101
num_leaves=14
num_cat=0
split_feature=7 18 22 7 21 22 23 21 7 18 23 23 7
split_gain=11.8403 24.5559 10.2354 10.115 9.69754 13.4389 14.6297 12.8853 13.3351 12.4254 9.55826 7.93576 1.25805
threshold=2.0735499858856206 0.82985001802444469 8.3311996459960955 4.0492999553680429 5.7530999183654794 7.7126500606536874 -2.2638499736785884 1.8536000251770022 1.7972499728202822 0.50450000166893016 -7.8061499595642081 -1.3781999945640562 2.5125000476837163
decision_type=2 2 2 2 2 2 2 2 2 2 2 2 2
left_child=4 2 10 -4 7 11 -7 9 -9 -1 -2 -6 -3
right_child=1 12 3 -5 5 6 -8 8 -10 -11 -12 -13 -14
leaf_value=0.00065251338302353874 0.0039771325283862995 -0.01970142976592576 0.0022761835655925782 -0.0082581966524529916 0.014900285274328717 0.0037772400749992124 -0.0014687389273715474 -0.0016383637199543727 0.0051852370946562729 0.0085913649512562307 -0.008511501938844571 0.0042586136226466214 -0.010286322759859688
leaf_weight=1905.229594156146 28.4182148873806 26.053846701979637 257.91888755559921 41.065490156412125 43.516422122716904 406.90628716349602 436.75206871330738 2007.2587501108646 119.32153482735157 81.963199123740196 109.55365264415741 103.23093089461327 31.904253467917442
leaf_count=7665 115 105 1043 165 175 1642 1753 8084 483 330 444 414 130
internal_value=0 -0.00297124 -0.00128327 0.000739911 0.000265465 0.00204256 0.00103926 -0.000157908 -0.00124384 0.000994173 -0.00578518 0.00762915 -0.0151203
internal_weight=0 494.914 436.956 298.984 5104.18 990.406 843.658 4113.77 2126.58 1987.19 137.972 146.747 57.9581
internal_count=22548 2002 1767 1208 20546 3984 3395 16562 8567 7995 559 589 235
is_linear=0
shrinkage=0.02


Tree=102
num_leaves=8
num_cat=0
split_feature=6 27 6 1 1 0 19
split_gain=11.9983 10.316 10.3216 9.40473 19.0926 10.4244 7.84593
threshold=0.26344999670982366 -0.68920001387596119 0.31724999845027929 1.4984499812126162 0.84665000438690197 -1.6534999608993528 -1.5978500247001646
decision_type=2 2 2 2 2 2 2
left_child=-1 3 -3 4 -2 -5 -4
right_child=1 2 6 5 -6 -7 -8
leaf_value=-0.015158183188241426 -0.0050229819719656886 0.0097318504284291205 0.0032029930235143006 0.0046772642151132896 0.0067351217768666241 -0.0012852720142586141 -0.00062862028201924995
leaf_weight=19.862932860851288 65.382663056254387 39.127722010016441 222.41600161790848 161.0467664450407 290.70104993879795 418.4048882573843 4381.8690840601921
leaf_count=80 263 157 902 652 1169 1686 17639
internal_value=0 3.60301e-05 -0.000346447 0.00195411 0.00451212 0.00034264 -0.000438531
internal_weight=0 5578.95 4643.41 935.535 356.084 579.452 4604.29
internal_count=22548 22468 18698 3770 1432 2338 18541
is_linear=0
shrinkage=0.02


Tree=103
num_leaves=9
num_cat=0
split_feature=22 13 19 19 19 19 19 13
split_gain=9.09322 8.87308 13.0341 24.1926 19.39 11.5854 42.273 26.2576
threshold=1.003850042819977 0.0095974998548626917 0.065250001847744002 -0.0345499999821186 0.0944500006735325 0.50939998030662548 0.24745000153779986 -0.008926500100642441
decision_type=2 2 2 2 2 2 2 2
left_child=-1 5 3 -3 -4 6 -2 -7
right_child=1 2 4 -5 -6 7 -8 -9
leaf_value=-0.012674312420784857 0.00072280328403645597 -0.00011630125926456046 0.010139072004884054 -0.0049334144194174458 0.00021662345083421121 -0.018019713613577775 0.012018623841616794 -0.00012622891034476611
leaf_weight=21.618606060743332 1739.3306476026773 1286.3704547137022 82.675993829965591 622.53899404406548 1443.6315602958202 37.999978616833687 143.05293621122837 221.50305652618408
leaf_count=87 7002 5189 333 2508 5810 153 576 890
internal_value=0 3.11609e-05 -0.000595003 -0.0016995 0.000773477 0.00104456 0.00159778 -0.00288233
internal_weight=0 5577.1 3435.22 1908.91 1526.31 2141.89 1882.38 259.503
internal_count=22548 22461 13840 7697 6143 8621 7578 1043
is_linear=0
shrinkage=0.02


Tree=104
num_leaves=9
num_cat=0
split_feature=28 6 7 23 7 7 21 22
split_gain=16.1358 11.0591 11.1815 27.119 20.9364 9.4092 10.0731 12.0067
threshold=1.0456500053405764 0.26344999670982366 1.7253499627113345 -7.5815498828887931 1.3975500464439394 0.84505000710487377 1.1477499604225161 5.8448998928070077
decision_type=2 2 2 2 2 2 2 2
left_child=5 -2 4 -4 -3 -1 -7 -8
right_child=1 2 3 -5 -6 6 7 -9
leaf_value=0.016238788438707127 -0.014775096068406227 -0.00032831331764502882 0.0024565977578396144 -0.0047634479463459639 0.0034658380624699539 0.015149467698224188 -0.0071273172736185707 0.0055871377603997612
leaf_weight=29.117073774337769 19.824978053569794 3809.1061949878931 318.38840991258621 583.19842152297497 684.61880062520504 24.582543402910233 43.319667369127274 86.439216390252113
leaf_count=118 80 15317 1295 2352 2761 101 174 350
internal_value=0 -0.000217968 -0.000158044 -0.00219169 0.000245918 0.00579687 0.00360636 0.00116745
internal_weight=0 5415.14 5395.31 901.587 4493.72 183.459 154.341 129.759
internal_count=22548 21805 21725 3647 18078 743 625 524
is_linear=0
shrinkage=0.02


Tree=105
num_leaves=14
num_cat=0
split_feature=1 8 28 6 6 20 6 6 6 22 22 4 3
split_gain=15.5714 9.5596 13.5979 11.1378 9.04017 9.47797 9.20651 8.85497 9.14889 6.83216 3.81218 3.64191 3.2179
threshold=3.9751499891281132 0.0632000006735325 0.93174999952316295 1.3107500076293948 2.5895500183105473 -8.871299743652342 4.5358500480651864 0.29850000143051153 0.55185002088546764 8.0988998413085955 6.319049835205079 11.112850189208986 17.13179969787598
decision_type=2 2 2 2 2 2 2 2 2 2 2 2 2
left_child=1 7 10 -4 9 -6 -7 -1 -9 12 -3 -11 -2
right_child=4 2 3 -5 5 6 -8 8 -10 11 -12 -13 -14
leaf_value=-0.010780034051072212 -0.002473202842928813 0.0014016466247105128 -0.0021866714918477997 0.00076909958487757072 0.0066127560247427651 -0.0082662902850559866 0.0054066801296163026 0.0039059166455250138 0.0002754097722091946 0.0035358747669538876 0.012773369852204421 0.0095774364272685104 0.0057692677498491583
leaf_weight=25.846014410257339 49.104700952768326 25.12481677532196 1786.5865048021078 700.83587189018726 47.94378250837326 66.067971631884575 25.260379672050476 317.77210687100887 2292.9355887174606 76.16289496421814 33.109252005815506 138.25897723436356 28.757190108299255
leaf_count=104 198 101 7184 2825 196 268 105 1276 9233 308 134 563 116
internal_value=0 -0.000237171 -0.00111392 -0.00134587 0.00371183 -0.000347671 -0.00425029 0.000601872 0.000726295 0.00570894 0.00831123 0.00755068 0.000351984
internal_weight=0 5182.21 2545.66 2487.42 431.556 139.272 91.3284 2636.55 2610.71 292.284 58.2341 214.422 77.8619
internal_count=22611 20857 10244 10009 1754 569 373 10613 10509 1185 235 871 314
is_linear=0
shrinkage=0.02


Tree=106
num_leaves=13
num_cat=0
split_feature=17 13 20 13 13 21 23 18 19 13 21 23
split_gain=11.6987 10.8172 15.3869 12.6094 17.0609 11.979 11.171 6.62072 9.87433 5.60206 3.89783 1.60619
threshold=-8.4544496536254865 0.074474498629570021 -1.6707499623298643 0.0083725000731647032 0.0064359998796135196 5.8914000988006601 -5.7158000469207755 -0.76945000886917103 -2.3274999856948848 -0.008926500100642441 7.7244000434875497 -13.494700431823729
decision_type=2 2 2 2 2 2 2 2 2 2 2 2
left_child=7 3 6 4 -2 -5 -3 8 -1 -10 -4 -9
right_child=1 2 10 5 -6 -7 -8 11 9 -11 -12 -13
leaf_value=0.009638881101327235 0.00038224860951514416 0.0059769222016241019 0.0187485638366677 -0.0017218402881427784 0.0069502135660716863 0.0011599623586777119 -0.0039624241122467345 0.015239917640931942 -0.010295263581163446 0.0019846545731146037 0.0061529324502205733 0.0063763367749251412
leaf_weight=38.698430791497231 1826.307236790657 92.467577293515205 28.670028254389763 2487.857465967536 173.28393426537514 741.71481390297413 84.942726120352745 25.841687947511673 24.685118183493614 29.895890787243843 26.157563045620918 32.828845381736755
leaf_count=161 7346 375 115 10022 696 2985 341 107 102 122 105 134
internal_value=0 -8.65227e-05 0.0041223 -0.000278021 0.000964613 -0.00105365 0.0011104 0.00552011 0.00190424 -0.0032946 0.0133154 0.0108055
internal_weight=0 5461.4 232.238 5229.16 1999.59 3229.57 177.41 151.95 93.2794 54.581 54.8276 58.6705
internal_count=22611 21985 936 21049 8042 13007 716 626 385 224 220 241
is_linear=0
shrinkage=0.02


Tree=107
num_leaves=10
num_cat=0
split_feature=22 22 9 22 6 0 19 9 24
split_gain=14.3778 10.8882 10.0493 19.6753 9.62368 6.7306 6.31106 6.96256 1.24101
threshold=19.820549964904789 1.003850042819977 0.79559999704360973 6.4381999969482431 1.4963499903678896 1.1075999736785891 0.32754999399185186 -7.8010499477386466 7.8638999462127694
decision_type=2 2 2 2 2 2 2 2 2
left_child=1 -1 4 -4 -3 6 7 -2 -7
right_child=5 2 3 -5 -6 8 -8 -9 -10
leaf_value=-0.013754876709241597 0.0046078633593866431 0.00022527228788874642 -0.0029765327580646406 0.00065419278756661701 0.0033671190677210861 -0.0033931126985362642 0.0019836655132653216 0.018399805685996987 0.0028036614386131955
leaf_weight=22.303274899721146 33.154466733336449 2578.658711925149 1107.1868726015091 1279.1630354076624 462.47437734901905 24.538199305534363 43.97111976146698 36.826436907052994 24.746079653501511
leaf_count=90 136 10362 4465 5140 1890 100 177 150 101
internal_value=0 -0.00011006 -4.77817e-05 -0.00102251 0.000710587 0.00589465 0.00854779 0.0123044 0
internal_weight=0 5449.79 5427.48 2386.35 3041.13 163.236 113.952 69.9809 49.2843
internal_count=22611 21947 21857 9605 12252 664 463 286 201
is_linear=0
shrinkage=0.02


Tree=108
num_leaves=12
num_cat=0
split_feature=1 7 6 6 6 6 7 0 7 6 14
split_gain=14.5393 10.8031 11.5992 28.9265 8.73871 8.11195 7.27801 6.49611 6.19329 6.51699 4.50812
threshold=3.9751499891281132 3.2295000553131108 1.2745000123977663 1.2243500351905825 2.5895500183105473 4.5358500480651864 0.83474999666214 -2.657750010490417 2.2697499990463261 2.1320500373840336 1.0000000180025095e-35
decision_type=2 2 2 2 2 2 2 2 2 2 2
left_child=1 2 3 -1 8 7 -4 -6 9 -2 -3
right_child=4 10 6 -5 5 -7 -8 -9 -10 -11 -12
leaf_value=-0.00031858154771938977 0.0025215550629888481 -0.012679345069069377 0.010701193008343738 -0.0088858762170128548 0.0046722020332662191 0.0075777378298608972 0.0011911416563554623 -0.0063688398735989409 0.012185904996147551 0.011743746655796852 -0.0013894833866750684
leaf_weight=3563.4052151143551 205.00508257746696 37.968340694904327 32.660057559609413 164.36116540431976 26.357506096363068 35.331973984837532 1353.3183135986328 77.462608680129051 49.11905001103878 37.927280828356743 29.550307065248489
leaf_count=14325 831 153 132 663 107 147 5465 315 199 155 119
internal_value=0 -0.00022926 -0.000119565 -0.000703968 0.00358805 -0.000403717 0.00143722 -0.00335714 0.00555313 0.00408558 -0.00812249
internal_weight=0 5181.26 5113.74 3727.77 431.204 139.152 1385.98 103.82 292.051 242.932 67.5186
internal_count=22611 20857 20585 14988 1754 569 5597 422 1185 986 272
is_linear=0
shrinkage=0.02


Tree=109
num_leaves=13
num_cat=0
split_feature=22 8 13 7 13 24 7 13 0 19 17 24
split_gain=13.7644 12.4419 12.938 14.1566 12.7374 13.5098 10.6147 10.2225 6.44796 6.08732 4.70154 1.19702
threshold=19.820549964904789 0.048049999400973327 0.074474498629570021 0.5814499855041505 0.0083725000731647032 9.1970000267028826 2.9229999780654912 0.12915300577878955 1.1075999736785891 0.32754999399185186 -3.9052499532699581 7.8638999462127694
decision_type=2 2 2 2 2 2 2 2 2 2 2 2
left_child=1 4 3 -3 5 -1 -6 -4 9 10 -2 -10
right_child=8 2 7 -5 6 -7 -8 -9 11 -11 -12 -13
leaf_value=0.0032018337705831631 0.005903651143942935 0.0046413264253257576 0.0096164524290833116 -0.0017480770159469118 4.9500564701545362e-05 -0.0073269380016732491 -0.010374286299574211 -0.0029922819275619811 -0.0033319331212208524 0.0019149367936306077 0.017691198298095994 0.0027546023650228974
leaf_weight=939.09096994996071 36.044634684920311 144.64846634864807 76.840275153517723 2424.7816833108664 1740.4724237769842 49.418916136026382 38.905025407671928 34.777954608201981 24.536118194460869 43.970020532608032 33.829091399908066 24.73998387157917
leaf_count=3781 148 582 309 9763 7015 200 157 140 100 177 138 101
internal_value=0 -0.000108285 -0.00108237 -0.00137893 0.000828064 0.00264838 -0.000172875 0.00551855 0.00576896 0.00836773 0.0120618 0
internal_weight=0 5448.94 2681.05 2569.43 2767.89 988.51 1779.38 111.618 163.12 113.844 69.8737 49.2761
internal_count=22611 21947 10794 10345 11153 3981 7172 449 664 463 286 201
is_linear=0
shrinkage=0.02


Tree=110
num_leaves=15
num_cat=0
split_feature=13 17 7 7 7 13 1 0 24 16 24 7 13 5
split_gain=13.7243 13.317 17.6257 12.4098 39.0655 30.7218 18.1036 14.7869 13.5238 12.0569 30.0593 10.8514 9.324 8.51079
threshold=0.0099984998814761656 -4.0542500019073477 0.90285000205039989 0.82064998149871837 0.8411499857902528 -0.0013504999806173144 1.1110500097274782 0.90415000915527355 3.9603499174118046 -1.3270500302314756 3.2181999683380131 3.2295000553131108 0.0022139999782666568 0.37950000166893011
decision_type=2 2 2 2 2 2 2 2 2 2 2 2 2 2
left_child=3 2 -2 6 12 -6 8 -8 -1 10 -3 -4 -5 -11
right_child=1 9 11 4 5 -7 7 -9 -10 13 -12 -13 -14 -15
leaf_value=-0.0017019575563355215 -0.010179610531552705 -0.0068709295951626956 0.0052775652991426556 0.022396600653179246 -0.0010789360056261198 0.0047253203316104091 0.0061319733023530625 -0.0063389081262486963 -0.010858161820809682 0.0054695982597662242 0.0045872653473692081 -0.0076362965530294372 0.0058237876160836108 -0.00092284038830022213
leaf_weight=364.82078188657761 36.362456694245338 380.15561346709728 310.92914426326752 44.135901659727097 820.21252200007439 649.80286280810833 180.45998686552048 45.795473843812943 79.942943677306175 84.530148893594742 117.59503178298473 26.324061200022697 26.15150249004364 2439.5753405988216
leaf_count=1464 146 1529 1265 177 3313 2614 725 184 322 340 477 107 105 9824
internal_value=0 -0.000824996 0.00271541 0.0011991 0.0021918 0.00147464 -0.00104971 0.003503 -0.00341325 -0.00127009 -0.00412003 0.00419086 0.0166792 -0.000698761
internal_weight=0 3395.47 373.616 2211.32 1540.3 1470.02 671.019 226.255 444.764 3021.86 497.751 337.253 70.2874 2524.11
internal_count=22592 13688 1518 8904 6209 5927 2695 909 1786 12170 2006 1372 282 10164
is_linear=0
shrinkage=0.02


Tree=111
num_leaves=15
num_cat=0
split_feature=13 7 7 13 28 13 12 1 13 5 4 13 18 18
split_gain=13.1821 11.9329 37.5885 29.5105 20.2431 32.8063 16.9874 11.7561 8.92997 8.73487 14.3681 8.23714 4.08662 0.317299
threshold=0.0099984998814761656 0.82064998149871837 0.8411499857902528 -0.0013504999806173144 3.4542999267578129 -0.00062850001268088807 12.500000000000002 6.190199851989747 0.0022139999782666568 0.37950000166893011 15.126949787139894 0.074474498629570021 0.44454999268054968 -0.038149999454617493
decision_type=2 2 2 2 2 2 2 2 2 2 2 2 2 2
left_child=1 4 8 -4 6 -6 -1 9 -3 10 -2 -11 13 -9
right_child=7 2 3 -5 5 -7 -8 12 -10 11 -12 -13 -14 -15
leaf_value=-0.0057955042607887794 -0.0073227647839528235 0.021961012502134163 -0.0010573462653490377 0.004631046230298131 0.019618609083826365 -0.0020374895486361599 0.0011441186189899153 0.013186349990328288 0.0057120015527018491 -0.0014524005101816139 0.009727712827243341 0.0025002210424240248 0 0.0062437487565102949
leaf_weight=305.15738242864609 25.347318142652512 44.130960091948509 820.24118250608444 649.79073874652386 45.32377815246582 66.703804984688759 253.77651637792587 24.236588716506958 26.149620413780212 3003.098264247179 69.32819128036499 222.44165496528149 25.273265987634659 25.444687157869339
leaf_count=1226 102 177 3313 2614 182 268 1019 100 105 12105 279 897 102 103
internal_value=0 0.00117514 0.00214863 0.00144491 -0.00102979 0.00664318 -0.00261253 -0.000808626 0.0163607 -0.000991596 0.00492495 -0.00117293 0.00693929 0.0102186
internal_weight=0 2211.27 1540.31 1470.03 670.961 112.028 558.934 3395.17 70.2806 3320.22 94.6755 3225.54 74.9545 49.6813
internal_count=22592 8904 6209 5927 2695 450 2245 13688 282 13383 381 13002 305 203
is_linear=0
shrinkage=0.02


Tree=112
num_leaves=10
num_cat=0
split_feature=17 6 6 28 28 19 8 15 4
split_gain=11.4721 11.8309 9.60544 9.68225 19.2154 12.3258 7.09524 6.37146 0.743593
threshold=-8.4544496536254865 2.3917499780654912 0.26344999670982366 4.7958500385284433 4.4433000087738046 -1.781949996948242 -4.313650131225585 -3.1423500776290889 24.478799819946293
decision_type=2 2 2 2 2 2 2 2 2
left_child=1 6 -2 4 -4 -5 -1 -3 -8
right_child=2 7 3 5 -6 -7 8 -9 -10
leaf_value=0.0026205736512443069 -0.013083812478196571 -0.009216308358273766 -8.447248042573755e-05 -0.014865827771135707 0.01134105357946164 -0.0019000332481008725 0.017290866144479406 0.0042625113199938362 0.0089942677074499721
leaf_weight=44.567536756396294 21.999408021569252 25.894251838326454 5171.9900731444359 36.475720658898354 58.542751893401146 162.38745608925819 30.586394593119621 26.346360668540001 27.40144270658493
leaf_count=184 89 106 20826 147 235 656 126 110 113
internal_value=0 0.00532567 -0.000177934 -0.000119558 4.17282e-05 -0.00444078 0.00928025 -0.00209054 0.0139284
internal_weight=0 154.796 5451.4 5429.4 5230.53 198.863 102.555 52.2406 57.9878
internal_count=22592 639 21953 21864 21061 803 423 216 239
is_linear=0
shrinkage=0.02


Tree=113
num_leaves=11
num_cat=0
split_feature=13 6 25 7 6 19 13 7 28 9
split_gain=12.6655 20.5445 13.2318 15.1425 12.6078 21.9012 11.4877 20.7116 17.5503 11.383
threshold=0.0099984998814761656 3.953299999237061 4.5000000000000009 2.7520500421524052 0.35684999823570257 -0.0032499999506399031 -0.0021779999369755383 0.82064998149871837 2.4693499803543095 3.3111999034881596
decision_type=2 2 2 2 2 2 2 2 2 2
left_child=4 2 3 -2 5 -1 8 -8 -6 -4
right_child=1 -3 9 -5 6 -7 7 -9 -10 -11
leaf_value=0.0017248015107618735 -0.00088088805020425137 0.015101468722611788 0.014748526744788269 -0.0082320648038987972 0.0018392389567320078 -0.019348583440855254 -0.00086836199322606422 0.0048375690186399593 -0.0036481287531162439 0
leaf_weight=46.337666422128677 3168.7816483825445 31.082077458500862 38.237524002790451 116.13101939857006 665.3131237924099 31.362408146262169 382.070158213377 728.64692081511021 357.39954774081707 40.614408820867538
leaf_count=186 12774 128 154 469 2688 126 1535 2931 1438 163
internal_value=0 -0.000791584 -0.000948829 -0.00114929 0.001153 -0.00666478 0.00145008 0.00285781 -6.0543e-05 0.00706142
internal_weight=0 3394.85 3363.76 3284.91 2211.13 77.7001 2133.43 1110.72 1022.71 78.8519
internal_count=22592 13688 13560 13243 8904 312 8592 4466 4126 317
is_linear=0
shrinkage=0.02


Tree=114
num_leaves=10
num_cat=0
split_feature=13 6 6 19 13 13 18 6 22
split_gain=12.1585 19.7884 12.1125 21.1037 11.046 17.6661 12.1958 11.0373 13.8923
threshold=0.0099984998814761656 3.953299999237061 0.35684999823570257 -0.0032499999506399031 -0.0013504999806173144 -0.00017549999756738541 -0.15534999966621396 3.2230000495910649 22.028050422668461
decision_type=2 2 2 2 2 2 2 2 2
left_child=2 7 3 -1 6 -6 -4 8 -2
right_child=1 -3 4 -5 5 -7 -8 -9 -10
leaf_value=0.0016909090804761813 -0.00094321785142652368 0.014835720232212047 -0.0029656500269332497 -0.018996320628069076 0.0107856117538686 0.0020001388195623328 0.0015126244578065309 -0.010307451345661219 0.0099810329710013686
leaf_weight=46.341132327914238 3268.8891758173704 31.024558648467064 364.77588307857513 31.324029803276062 102.37362392246723 941.12046045064926 725.07721377909184 48.820742547512054 45.971244841814041
leaf_count=186 13176 128 1476 126 412 3784 2920 198 186
internal_value=0 -0.000775631 0.00112967 -0.00653387 0.00142097 0.0028907 0 -0.000929931 -0.000782722
internal_weight=0 3394.71 2211.01 77.6652 2133.35 1043.49 1089.85 3363.68 3314.86
internal_count=22592 13688 8904 312 8592 4196 4396 13560 13362
is_linear=0
shrinkage=0.02


Tree=115
num_leaves=9
num_cat=0
split_feature=22 21 17 28 28 21 1 28
split_gain=14.2755 8.46283 21.264 20.6687 14.4104 11.4882 11.0204 8.21458
threshold=1.003850042819977 1.1113499999046328 -0.2654500007629394 2.9788500070571904 5.2077000141143808 1.8536000251770022 2.7329499721527104 1.6792500019073489
decision_type=2 2 2 2 2 2 2 2
left_child=-1 2 7 -4 6 -6 -3 -2
right_child=1 4 3 -5 5 -7 -8 -9
leaf_value=-0.015802228718223479 0.0062845580532591748 -0.00051565709664105007 0.0044979225250323584 0.021656157327089757 0.0021696879800009801 -0.013028007891478966 0.0020865223997053057 -0.00011758679478345252
leaf_weight=21.250357389450073 85.994327634572983 3394.1801093965769 212.35910029709339 32.804505690932274 26.058193072676659 60.135426908731461 804.31275388598442 960.48215146362782
leaf_count=86 348 13661 855 132 105 244 3259 3867
internal_value=0 0.000239757 0.00165971 0.0069537 -0.000183917 -0.00823185 -1.20123e-05 0.000394914
internal_weight=0 5576.33 1291.64 245.164 4284.69 86.1936 4198.49 1046.48
internal_count=22557 22471 5202 987 17269 349 16920 4215
is_linear=0
shrinkage=0.02


Tree=116
num_leaves=8
num_cat=0
split_feature=22 9 19 1 20 22 9
split_gain=13.7575 11.4685 11.4849 11.0363 10.4601 9.59093 8.57097
threshold=1.003850042819977 8.0963997840881365 0.02744999993592501 2.7329499721527104 -8.5503001213073713 7.9867999553680429 7.0640499591827401
decision_type=2 2 2 2 2 2 2
left_child=-1 3 -3 4 -2 -4 -5
right_child=1 2 5 6 -6 -7 -8
leaf_value=-0.015525563174722302 -0.0036438683713845904 0.0096261319194208671 -0.0089972280525342594 0.0022679109251261078 0.00040155617723613832 -0.0018505957774249109 0.013089389679026894
leaf_weight=21.214637190103531 271.90341685712337 28.105471163988113 93.196282565593719 745.1785726249218 3963.0238613039255 444.23331527411938 30.548995956778526
leaf_count=86 1099 113 376 3029 15944 1787 123
internal_value=0 0.000235118 -0.00245577 0.000543249 0.000136299 -0.00314145 0.00273612
internal_weight=0 5576.19 565.535 5010.65 4234.93 537.43 775.728
internal_count=22557 22471 2276 20195 17043 2163 3152
is_linear=0
shrinkage=0.02


Tree=117
num_leaves=6
num_cat=0
split_feature=6 27 17 15 7
split_gain=15.8361 10.5895 8.18256 11.1394 10.6507
threshold=0.26344999670982366 -5.8392999172210684 4.7715499401092538 1.509400010108948 1.7611500024795534
decision_type=2 2 2 2 2
left_child=-1 -2 3 -3 -4
right_child=1 2 4 -5 -6
leaf_value=-0.016246698508932563 0.01343216483667454 0.00018758909262741027 -0.00015401222589633723 0.0038562413495322372 -0.005714886537829398
leaf_weight=22.383399605751038 23.266589775681496 4541.5566200762987 449.51362693309784 357.68947365880013 202.85588337481022
leaf_count=91 95 18303 1806 1443 819
internal_value=0 0.000237968 0.000176661 0.000460248 -0.00191989
internal_weight=0 5574.88 5551.62 4899.25 652.37
internal_count=22557 22466 22371 19746 2625
is_linear=0
shrinkage=0.02


Tree=118
num_leaves=9
num_cat=0
split_feature=6 9 21 19 21 17 19 18
split_gain=15.2649 10.8371 16.043 21.8082 11.8167 11.016 25.5386 14.4137
threshold=0.26344999670982366 8.0963997840881365 6.4075000286102304 -0.36914999783039087 1.1113499999046328 3.6334499120712285 0.10755000263452531 1.8688499927520754
decision_type=2 2 2 2 2 2 2 2
left_child=-1 2 4 -4 -2 6 -3 -7
right_child=1 5 3 -5 -6 7 -8 -9
leaf_value=-0.015966922580146238 0.0017143414607130195 0.019374921124211856 -0.0049030454020235386 0.0051720640518646685 -0.00056423632300217706 -0.0058284333771107316 -0.003166971749909897 0.0017365101298881227
leaf_weight=22.33807298541069 1286.696040853858 28.318745329976082 99.875326320528984 525.88567265868187 3096.9062512218952 339.46467895805836 60.149344637989998 137.48210166394711
leaf_count=91 5182 114 409 2119 12480 1367 242 553
internal_value=0 0.000233255 0.000532913 0.00352685 0.00010026 -0.00238255 0.00396108 -0.00360689
internal_weight=0 5574.78 5009.36 625.761 4383.6 565.415 88.4681 476.947
internal_count=22557 22466 20190 2528 17662 2276 356 1920
is_linear=0
shrinkage=0.02


Tree=119
num_leaves=9
num_cat=0
split_feature=22 9 21 24 21 17 22 24
split_gain=12.7389 10.3496 15.4765 14.339 10.9411 10.5815 12.0087 8.13275
threshold=1.003850042819977 8.0963997840881365 6.4075000286102304 8.5420498847961444 1.1113499999046328 3.6334499120712285 25.448699951171879 9.1970000267028826
decision_type=2 2 2 2 2 2 2 2
left_child=-1 2 4 -4 -2 7 -7 -3
right_child=1 5 3 -5 -6 6 -8 -9
leaf_value=-0.014974698232310369 0.0016448331145577728 -0.0024243822218908357 0.0068460413963471779 0.00068328923731433399 -0.00054824244464889008 -0.0043131404549677631 0.009542116365984692 0.0093628016403688018
leaf_weight=21.123029932379723 1285.411548063159 39.688535362482071 277.60648630559444 348.1086567491293 3099.3213026374578 452.17996768653393 24.730381086468697 48.757991075515747
leaf_count=86 5177 160 1121 1407 12490 1820 100 196
internal_value=0 0.000222389 0.00051524 0.00345595 9.03394e-05 -0.002334 -0.00353436 0.00388198
internal_weight=0 5575.8 5010.45 625.715 4384.73 565.357 476.91 88.4465
internal_count=22557 22471 20195 2528 17667 2276 1920 356
is_linear=0
shrinkage=0.02


Tree=120
num_leaves=13
num_cat=0
split_feature=9 17 7 7 28 17 7 7 1 7 24 17
split_gain=11.9446 16.6123 19.6164 15.9897 12.1722 16.0066 14.0632 16.983 12.2067 11.077 23.087 10.8659
threshold=-0.39435000717639918 -0.59905001521110524 0.45374999940395361 0.5003499984741212 4.0376999378204355 -0.79390001296997059 2.5738500356674199 1.8397499918937685 4.330399990081788 1.987049996852875 5.2365500926971444 -5.0366001129150382
decision_type=2 2 2 2 2 2 2 2 2 2 2 2
left_child=4 9 -3 -4 6 11 7 -1 -8 10 -2 -6
right_child=1 2 3 -5 5 -7 8 -9 -10 -11 -12 -13
leaf_value=0.0013644919874860181 -0.0035394419323755803 0.016677098924988091 -0.012563174126857431 -0.00016284031258846662 0.0020121363025787558 0.010703935676650766 -0.0095708101644549886 0.0077332673226945267 0.0026994998238091946 0.0049328615385872653 -0.018112250584143671 -0.0077325282941524348
leaf_weight=2012.257532581687 315.99809762835503 26.247005105018616 41.384513467550278 2547.8721188157797 59.42447267472744 27.818775922060013 81.1685781031847 184.02158550918102 49.559013843536377 41.404658406972885 51.030621543526649 159.75302574038506
leaf_count=8108 1273 106 167 10258 239 112 327 754 204 167 206 642
internal_value=0 -0.000782943 -0.000188474 -0.000373532 0.0010699 -0.00311686 0.00152403 0.0019105 -0.00478211 -0.00453117 -0.00566366 -0.00500253
internal_weight=0 3023.94 2615.5 2589.26 2574 246.996 2327.01 2196.28 130.728 408.433 367.029 219.177
internal_count=22563 12177 10531 10425 10386 993 9393 8862 531 1646 1479 881
is_linear=0
shrinkage=0.02


Tree=121
num_leaves=14
num_cat=0
split_feature=28 13 28 23 13 13 22 28 13 22 19 5 13
split_gain=10.9041 13.615 16.3497 16.911 16.2793 21.0768 18.4167 11.5674 18.1219 16.1241 11.611 11.3435 5.4622
threshold=2.3056499958038335 0.033006999641656883 2.8056499958038335 -11.270349979400633 0.02597449999302626 0.02031200006604195 11.27425003051758 2.1922500133514409 0.028861000202596191 4.6506500244140634 0.22354999929666522 0.6174999773502351 0.035964999347925193
decision_type=2 2 2 2 2 2 2 2 2 2 2 2 2
left_child=7 4 3 -3 5 -2 -6 8 9 -1 11 -9 -10
right_child=1 2 -4 -5 6 -7 -8 10 12 -11 -12 -13 -14
leaf_value=-0.0012854820113687047 -0.0010495222556003712 0.014342280023475431 0.01336149001363169 5.7520199608212031e-05 -0.014077950177242329 0.0090590115549434753 0.0051074370851245457 -0.006891769037591867 -0.016893597261194406 0.0027840037336688706 0.014782681172580824 0.0067067826026053299 -0.0031688368766638903
leaf_weight=626.81828866899014 3062.5229015946388 35.293825313448906 49.275318652391434 417.36871032416821 73.559591829776764 83.475957497954369 24.952893897891045 32.284405618906021 26.573098465800285 1005.2729776352644 47.033394947648048 84.636887758970261 28.579832538962364
leaf_count=2520 12346 147 198 1681 296 337 101 130 107 4055 189 341 115
internal_value=0 -0.000552564 0.00249803 0.00124454 -0.00103129 -0.000772154 -0.00901488 0.0013227 0.000814382 0.00120901 0.00639583 0.00275573 -0.0103208
internal_weight=0 3746.45 501.938 452.663 3244.51 3146 98.5125 1851.2 1687.24 1632.09 163.955 116.921 55.1529
internal_count=22563 15106 2026 1828 13080 12683 397 7457 6797 6575 660 471 222
is_linear=0
shrinkage=0.02


Tree=122
num_leaves=13
num_cat=0
split_feature=9 19 6 28 7 6 19 22 9 7 7 13
split_gain=11.5828 15.59 13.1553 21.6281 26.6638 15.8354 13.7254 12.2872 12.2706 11.1232 8.86028 8.79119
threshold=-0.39435000717639918 -0.67264997959136952 1.4101499915122988 3.843599915504456 2.5738500356674199 1.2122499942779543 -0.046949999406933778 6.4381999969482431 7.9232001304626474 0.45374999940395361 1.2434499859809878 0.0083725000731647032
decision_type=2 2 2 2 2 2 2 2 2 2 2 2
left_child=2 10 5 4 -4 11 -7 9 -9 -3 -2 -1
right_child=1 7 3 -5 -6 6 -8 8 -10 -11 -12 -13
leaf_value=0.0027204642986933419 -0.0018691360893503342 0.010017598271876716 0.0070979999959887297 -0.012253065130510289 -0.0035451854416097047 -0.0012303809641217227 -0.011067549054654539 0.0021860669622062127 -0.001662741077264592 -0.0020477912593531312 -0.017510682235688177 -0.00016580789399868974
leaf_weight=714.63797834515572 30.948002099990845 29.704080402851105 417.24452587962151 30.316113710403442 118.06806582212448 213.97289422154427 79.423294469714165 907.43104603886604 515.456278398633 1506.7569346129894 33.480096578598022 999.93986006081104
leaf_count=2867 125 120 1718 122 480 863 320 3650 2073 6074 135 4016
internal_value=0 -0.000772393 0.00105227 0.00374648 0.00471102 0.000281893 -0.00398982 -0.000551568 0.00077756 -0.00179516 -0.0104464 0.00102642
internal_weight=0 3023.78 2573.6 565.629 535.313 2007.97 293.396 2959.35 1422.89 1536.46 64.4281 1714.58
internal_count=22563 12177 10386 2320 2198 8066 1183 11917 5723 6194 260 6883
is_linear=0
shrinkage=0.02


Tree=123
num_leaves=13
num_cat=0
split_feature=9 13 13 13 28 23 22 28 13 26 7 8
split_gain=11.1189 12.5848 20.9403 20.5463 12.5522 10.9341 10.6279 11.8925 14.5078 14.2855 9.69764 8.23499
threshold=-0.39435000717639918 0.055205499753355987 0.12915300577878955 0.028350000269711021 4.0376999378204355 -7.6636500358581534 22.028050422668461 2.3056499958038335 0.019073000177741054 1.5000000000000002 1.1910499930381777 3.6266499757766728
decision_type=2 2 2 2 2 2 2 2 2 2 2 2
left_child=1 3 5 4 -1 -3 7 9 -9 -2 -5 -8
right_child=6 2 -4 10 -6 -7 11 8 -10 -11 -12 -13
leaf_value=0.0016054986787886246 -0.000955444892696478 0.019585691853256072 -0.0070419642368438383 -0.015112195650989726 -0.0031741633811484056 0.0057998435333568065 0.00072634459237122951 -0.002924357975047592 0.0014980927969861621 0.0036538992133159547 -0.0026088561589500099 0.015708594024086715
leaf_weight=2074.2574906945229 790.82269044220448 38.858966395258904 31.63288052380085 42.588546246290207 242.47033561766148 72.868108302354813 39.214128240942955 1394.1699083894491 369.63908597826958 403.77164968848228 70.493411019444466 25.918387278914452
leaf_count=8371 3182 161 129 171 975 293 159 5619 1487 1625 286 105
internal_value=0 0.00103065 0.00678366 0.000680339 0.00109547 0.0109032 -0.000757211 -0.000940146 -0.00198589 0.000587534 -0.00758433 0.00713808
internal_weight=0 2573.17 143.36 2429.81 2316.73 111.727 3023.54 2958.4 1763.81 1194.59 113.082 65.1325
internal_count=22563 10386 583 9803 9346 454 12177 11913 7106 4807 457 264
is_linear=0
shrinkage=0.02


Tree=124
num_leaves=12
num_cat=0
split_feature=9 6 22 7 7 28 6 28 6 6 7
split_gain=10.7853 15.5109 13.8313 13.8877 32.6153 16.1119 11.9465 23.1178 15.7056 8.63218 10.6313
threshold=0.83470001816749584 0.26344999670982366 5.972374916076661 0.75554999709129345 0.68725001811981212 2.4557000398635869 1.4101499915122988 3.843599915504456 1.1467500329017641 0.62045001983642589 0.84505000710487377
decision_type=2 2 2 2 2 2 2 2 2 2 2
left_child=1 -1 3 4 -2 -5 8 -8 -3 -4 -11
right_child=2 6 9 5 -6 -7 7 -9 -10 10 -12
leaf_value=-0.016024417699029306 -0.00364055526786805 0.0010622432599041642 -0.010623571384817456 -0.0021986975562013488 0.013402021410849752 -0.0088076930395631445 0.0043499323351922619 -0.012471374262177946 -0.0030658872432070151 0.0058908651966579654 -3.83220567648575e-05
leaf_weight=20.56823755800724 137.96472941339016 2086.0958711653948 27.389182299375534 540.88943864405155 64.855109483003616 209.58026133477688 596.4135840088129 33.075945615768433 445.59256486594677 131.65571492910385 1302.1466342508793
leaf_count=84 557 8378 110 2182 262 847 2448 133 1795 530 5237
internal_value=0 0.00082819 -0.000943734 -0.00281832 0.00174999 -0.00408024 0.000949199 0.00341597 0.000326847 0.00026667 0.000495899
internal_weight=0 3181.75 2414.48 953.29 202.82 750.47 3161.18 629.49 2531.69 1461.19 1433.8
internal_count=22563 12838 9725 3848 819 3029 12754 2581 10173 5877 5767
is_linear=0
shrinkage=0.02


Tree=125
num_leaves=12
num_cat=0
split_feature=13 13 6 20 16 20 18 1 18 20 13
split_gain=12.3153 16.3463 14.9489 18.6031 13.8924 14.6016 12.3902 9.78149 9.67476 14.0351 8.74681
threshold=0.032338500022888191 0.028350000269711021 1.1107000112533572 -4.8645498752593985 -2.8822000026702876 -1.4673500061035154 0.051249999552965171 0.87795001268386852 3.0839500427246098 -3.2750499248504634 0.013061500154435636
decision_type=2 2 2 2 2 2 2 2 2 2 2
left_child=1 8 3 -2 -4 -6 -3 -5 10 -10 -1
right_child=2 6 4 7 5 -7 -8 -9 9 -11 -12
leaf_value=-0.00021246516297594668 0.021315324267944837 -0.01847041936908177 0.011219233732133878 0.015727553710926184 -0.003170944464380137 0.006670265134689368 -0.0017137246383714156 0.0020848874508405061 0.0039628761576162956 -0.013915824224785406 0.0034521579484330113
leaf_weight=4593.1566800624132 31.524938553571701 33.119072362780571 41.797604873776436 25.185418531298637 260.13075764477253 76.814167365431786 43.235428854823112 138.56613355875015 25.098670184612274 46.18100905418396 275.17930334806442
leaf_count=18518 127 134 173 101 1051 309 174 556 101 186 1110
internal_value=0 -0.000259484 0.00282992 0.00731668 0.000450743 -0.000855139 -0.00938537 0.00438729 -0.0001125 -0.00737603 -5.51137e-07
internal_weight=0 5015.97 574.019 195.276 378.743 336.945 76.3545 163.752 4939.62 71.2797 4868.34
internal_count=22540 20223 2317 784 1533 1360 308 657 19915 287 19628
is_linear=0
shrinkage=0.02


Tree=126
num_leaves=10
num_cat=0
split_feature=13 28 28 13 16 28 9 19 22
split_gain=11.8616 26.7181 16.3626 15.7388 13.5075 10.6452 12.0806 10.0203 9.55221
threshold=0.032338500022888191 2.8833000659942631 2.1122499704360966 0.028350000269711021 -2.8822000026702876 1.0628499984741213 1.5363000035285952 0.1706499978899956 5.485149860382081
decision_type=2 2 2 2 2 2 2 2 2
left_child=3 2 -2 5 -4 8 -7 -5 -1
right_child=1 -3 4 7 -6 6 -8 -9 -10
leaf_value=-0.0006602186432953951 -0.011750124049443788 0.016972254185305746 0.01221932077645697 -0.017529829280326349 0.0012136893285777902 0.00044490427501429327 -0.0016584608563259113 -0.0023015344804037559 0.0082564579175777916
leaf_weight=76.806255951523781 33.765147536993027 47.809920504689217 49.616122379899025 32.621333792805672 442.76189991831779 3060.6483170539141 1690.4831752479076 43.714236333966255 111.64434005320072
leaf_count=310 136 192 205 132 1784 12342 6808 176 455
internal_value=0 0.00277762 0.00142009 -0.000254485 0.00238576 -0.000110198 -0.000299469 -0.00921035 0.00453244
internal_weight=0 573.953 526.143 5015.92 492.378 4939.58 4751.13 76.3356 188.451
internal_count=22540 2317 2125 20223 1989 19915 19150 308 765
is_linear=0
shrinkage=0.02


Tree=127
num_leaves=10
num_cat=0
split_feature=13 28 28 20 13 18 28 9 18
split_gain=11.4049 25.6648 15.7363 16.3365 15.156 11.5298 10.2228 11.6039 8.87858
threshold=0.032338500022888191 2.8833000659942631 2.1122499704360966 -1.6269499659538267 0.028350000269711021 0.051249999552965171 1.0628499984741213 1.5363000035285952 -0.0045499999541789285
decision_type=2 2 2 2 2 2 2 2 2
left_child=4 2 -2 -4 6 -6 8 -8 -1
right_child=1 -3 3 -5 5 -7 7 -9 -10
leaf_value=0.014980921995245575 -0.0115214771967423 0.016633807686609599 0.00019019112064442005 0.0086709456306668445 -0.017812211547699505 -0.0016235500216952479 0.0004360086567038554 -0.0016254265934472114 0.0024695588995511646
leaf_weight=27.067788362503052 33.766350701451302 47.827209323644638 370.62593531608582 121.65582700073719 33.07970929145813 43.228847116231918 3060.6512730419636 1690.364358022809 161.2877743691206
leaf_count=112 136 192 1500 489 134 174 12342 6808 653
internal_value=0 0.0027238 0.00139202 0.00233988 -0.00024954 -0.00903966 -0.000107891 -0.000293409 0.00444276
internal_weight=0 573.875 526.048 492.282 5015.68 76.3086 4939.37 4751.02 188.356
internal_count=22540 2317 2125 1989 20223 308 19915 19150 765
is_linear=0
shrinkage=0.02


Tree=128
num_leaves=10
num_cat=0
split_feature=13 28 28 20 13 28 12 13 24
split_gain=10.9617 24.6593 15.1335 15.6902 14.5961 10.0056 19.2388 13.2154 8.34195
threshold=0.032338500022888191 2.8833000659942631 2.1122499704360966 -1.6269499659538267 0.028350000269711021 2.3745499849319462 12.500000000000002 -0.04833600111305713 6.037950038909913
decision_type=2 2 2 2 2 2 2 2 2
left_child=4 2 -2 -4 5 6 -1 -7 -6
right_child=1 -3 3 -5 8 7 -8 -9 -10
leaf_value=-0.00081435103123371423 -0.011298015037136566 0.016304456124694097 0.00018639860182811509 0.0084988887945307134 -0.013940462272765184 0.0059265438768919074 0.003249087308874896 -0.0010693789977788497 0
leaf_weight=1006.2533281743526 33.76531320810318 47.837540298700333 370.62373548746109 121.65655733644962 47.473638370633125 110.38757878541946 857.9042177349329 2964.6163004040718 28.806689828634262
leaf_count=4055 136 192 1500 489 192 447 3458 11955 116
internal_value=0 0.00267046 0.00136409 0.00229426 -0.000244493 -0.000105427 0.0010457 -0.00080989 -0.00887236
internal_weight=0 573.883 526.046 492.28 5015.44 4939.16 1864.16 3075 76.2803
internal_count=22540 2317 2125 1989 20223 19915 7513 12402 308
is_linear=0
shrinkage=0.02


Tree=129
num_leaves=13
num_cat=0
split_feature=28 24 7 7 7 22 28 16 28 15 20 22
split_gain=10.2915 11.0175 9.06069 15.6945 13.4662 8.61011 8.28199 7.71778 7.08487 7.31756 4.46919 8.18147
threshold=4.7958500385284433 2.7204999923706059 2.7003500461578374 3.0263500213623051 4.0492999553680429 1.003850042819977 4.4433000087738046 1.4345499873161318 5.6670000553131112 -0.68665000796318043 -1.6269499659538267 7.4995501041412362
decision_type=2 2 2 2 2 2 2 2 2 2 2 2
left_child=2 8 5 7 -5 -1 -7 -4 9 -2 11 -3
right_child=1 10 3 4 -6 6 -8 -9 -10 -11 -12 -13
leaf_value=-0.011827170473201752 0.0013000385637603881 0.0013021387529181573 -0.014058301236638725 0.0057986491443624676 -0.006311092413752553 0.00036796116062882121 0.0077730862477238295 -0.00058355528826566463 0.0057302720118917998 -0.011505992499501388 -0.015265371040536036 -0.012941152004014389
leaf_weight=21.804124608635902 36.058889552950859 30.722341537475586 61.731245771050453 81.96574304997921 64.577276363968849 5063.3267027288675 60.489024460315704 27.82449597120285 47.42825847864151 30.031142979860306 34.975802540779114 28.218233197927475
leaf_count=89 145 125 250 333 262 20411 243 113 191 121 143 114
internal_value=0 -0.0043052 0.00022298 -0.00359129 0.000320076 0.000402541 0.000460784 -0.0101453 0 -0.00430565 -0.00933448 -0.00528541
internal_weight=0 207.435 5381.72 236.099 146.543 5145.62 5123.82 89.5557 113.518 66.09 93.9164 58.9406
internal_count=22540 839 21701 958 595 20743 20654 363 457 266 382 239
is_linear=0
shrinkage=0.02


Tree=130
num_leaves=14
num_cat=0
split_feature=25 27 13 19 7 28 7 5 13 8 19 8 7
split_gain=11.169 14.2544 12.3632 11.6078 22.7601 24.4636 13.6484 12.7548 11.8952 9.93322 8.14357 3.53003 2.11494
threshold=3.5000000000000004 0.77039998769760143 0.010989500209689142 -1.5978500247001646 0.84885001182556163 5.0353498458862314 2.7003500461578374 0.9584999978542329 -0.039056498557329171 2.8968499898910527 0.4678999930620194 2.1724499464035039 1.4573499560356142
decision_type=2 2 2 2 2 2 2 2 2 2 2 2 2
left_child=3 2 9 4 -1 -6 8 -8 -5 -2 11 -3 -4
right_child=1 10 12 6 5 -7 7 -9 -10 -11 -12 -13 -14
leaf_value=-0.009257448236766188 0.00731021719388141 0.0055706987210064618 0.019695725467916175 0.0047179419736603986 0.0087886169434347322 -0.0096602751959741894 -0.0092965619302434362 0.0011064833094918667 -0.00028721486635116484 -0.0038778920962848165 -0.011744521701769648 -0.0039082315492960486 0.0087207802202454617
leaf_weight=42.827382877469063 96.617814540863037 34.528740838170052 28.887771800160408 196.90000849962234 210.5875066369772 31.437589690089226 124.82029546797276 69.998998403549194 4638.2105243206024 43.697114065289497 26.099190786480904 25.320751339197159 24.751921147108078
leaf_count=172 389 139 116 797 861 127 504 283 18693 176 105 102 100
internal_value=0 0.00402381 0.00704531 -6.57346e-05 0.0038498 0.00628003 -0.000292174 -0.00547003 -7.83211e-05 0.00368168 -0.0025672 0.00123341 0.0152497
internal_weight=0 279.903 193.955 5314.78 284.852 242.025 5029.93 194.819 4835.11 140.315 85.9487 59.8495 53.6397
internal_count=22564 1127 781 21437 1160 988 20277 787 19490 565 346 241 216
is_linear=0
shrinkage=0.02


Tree=131
num_leaves=12
num_cat=0
split_feature=5 13 1 7 13 23 15 7 6 28 23
split_gain=8.32117 8.97457 7.48142 15.4766 11.2948 9.50235 7.80245 6.06985 5.95875 5.55587 3.30994
threshold=0.36149999499320989 -0.0021779999369755383 2.0378500223159794 2.1148999929428105 0.013547999784350397 -11.536650180816649 -1.5707499980926511 0.78714999556541454 4.5358500480651864 2.439849972724915 -5.7636499404907218
decision_type=2 2 2 2 2 2 2 2 2 2 2
left_child=1 -1 3 5 -5 -2 9 -3 -8 -4 -9
right_child=2 7 6 4 -6 -7 8 10 -10 -11 -12
leaf_value=-0.0024362544354960955 -0.0077699348569319872 -0.00010870233704322847 0.0046418384088838709 -0.0036151341036712169 -0.019331319610226261 -0.00014793591940427759 4.4478943566825493e-05 0.0033727431856374647 0.0097629854594618593 -4.4995353639579072e-05 0.01298318294644956
leaf_weight=46.421042919158936 65.882736414670944 25.881588414311409 336.8301277756691 67.904945492744446 27.011034861207008 3503.0848563611507 1276.4251469671726 28.381391197443008 24.852992355823517 132.44970385730267 59.235721871256828
leaf_count=187 267 104 1377 274 109 14098 5154 115 103 538 238
internal_value=0 0.00461532 0 -0.000515336 -0.00845105 -0.000296377 0.00106763 0.00767018 0.000252804 0.00327921 0.010169
internal_weight=0 159.92 5434.44 3663.88 94.916 3568.97 1770.56 113.499 1301.28 469.28 87.6171
internal_count=22564 644 21920 14748 383 14365 7172 457 5257 1915 353
is_linear=0
shrinkage=0.02


Tree=132
num_leaves=13
num_cat=0
split_feature=25 17 22 15 6 9 23 9 17 21 18 17
split_gain=10.7569 11.2866 11.5612 9.74477 9.37704 8.89374 8.24547 7.97229 5.95287 8.39783 5.79356 4.65647
threshold=3.5000000000000004 -8.4544496536254865 25.448699951171879 1.1927500367164614 2.0651999711990361 -10.573549747467039 -1.3781999945640562 0.52349999547004711 1.4231500029563906 9.3407001495361346 -1.1441999673843382 -0.33134999871253962
decision_type=2 2 2 2 2 2 2 2 2 2 2 2
left_child=1 4 6 7 5 -1 -3 11 -5 -10 -6 -2
right_child=3 2 -4 8 10 -7 -8 -9 9 -11 -12 -13
leaf_value=0.015806161349503453 0.0060784842482485115 4.3704831280860201e-05 0.012447643853229119 -0.0067505960401371082 -0.005031207213139214 0.0023543934036562297 -0.0021263350222032605 0.0011996048728157428 0.0064279625739547749 -0.0028802440880003177 0.0070340714778620549 0.019423395182186352
leaf_weight=44.352915555238724 25.809385195374489 4302.6267708688974 27.539659559726715 29.369915291666985 40.799567863345146 42.564072877168655 831.85104019939899 35.977348119020462 98.704460829496384 59.210185378789902 24.489610120654106 30.850934907793999
leaf_count=184 104 17342 112 119 170 176 3352 145 397 238 101 124
internal_value=0 -6.75726e-05 -0.000230017 0.00394569 0.00527665 0.0095479 -0.00030432 0.00924812 0.00118152 0.00281583 -0.000166038 0.0139023
internal_weight=0 5314.22 5162.02 279.922 152.206 86.917 5134.48 92.6377 187.285 157.915 65.2892 56.6603
internal_count=22564 21437 20806 1127 631 360 20694 373 754 635 271 228
is_linear=0
shrinkage=0.02


Tree=133
num_leaves=12
num_cat=0
split_feature=5 12 6 28 7 16 22 7 21 15 28
split_gain=7.99917 7.41811 8.98163 13.1464 11.5565 6.79625 6.45648 8.41474 5.32644 6.19894 3.32987
threshold=0.36149999499320989 22.500000000000004 1.317349970340729 1.1611500382423403 2.7003500461578374 -0.87334999442100514 3.040199995040894 1.1180500388145449 0.91294997930526745 -1.3672000169754026 1.6292499899864199
decision_type=2 2 2 2 2 2 2 2 2 2 2
left_child=5 2 3 -2 -4 -1 -7 -8 9 -3 -10
right_child=1 8 4 -5 -6 6 7 -9 10 -11 -12
leaf_value=-0.0024988485394523393 0.0047018095184077685 0.0012804423152630248 0.0018026756636772127 -0.0009672712235746768 -0.0032968983651203805 -0.0011031938334547125 0.014806846184916532 0.0022474501917465971 0.0078633935788703421 0.016292733699240235 0.0003680034405687238
leaf_weight=37.474136471748352 169.70707613229752 25.016611859202385 1337.9825751781464 3497.2020632773638 201.72857792675495 27.142070531845093 51.255807220935822 44.02981573343277 28.950579762458801 24.867949664592743 148.5710786730051
leaf_count=151 688 101 5427 14069 819 109 206 178 117 100 599
internal_value=0 0 -0.000156636 -0.000698239 0.00111986 0.004523 0.0068372 0.0092947 0.00352586 0.00933038 0.0017396
internal_weight=0 5434.03 5206.62 3666.91 1539.71 159.902 122.428 95.2856 227.406 49.8846 177.522
internal_count=22564 21920 21003 14757 6246 644 493 384 917 201 716
is_linear=0
shrinkage=0.02


Tree=134
num_leaves=14
num_cat=0
split_feature=25 27 17 3 0 8 8 8 16 24 2 14 4
split_gain=10.3523 13.6629 10.8773 10.4055 8.5789 8.51589 11.1039 7.57699 4.78633 5.70557 4.22936 4.16774 2.73994
threshold=3.5000000000000004 0.77039998769760143 -8.4544496536254865 32.561300277709968 1.5109999775886538 6.6303498744964608 0.032449999824166305 2.4958999156951909 -5.5098500251770011 2.9154000282287602 34.670850753784187 1.0000000180025095e-35 15.334599971771242
decision_type=2 2 2 2 2 2 2 2 2 2 2 2 2
left_child=2 3 8 4 -2 6 -4 12 9 -1 -7 -5 -3
right_child=1 7 5 11 -6 10 -8 -9 -10 -11 -12 -13 -14
leaf_value=0.0073679881926461679 0.014423787923596526 -0.0019073585654677384 0.00054949170132888281 -0.0016798549391242193 0.0011812398810951996 0.00010287790811866978 -0.0013194272775267379 -0.0097517649132045983 0.011532668770799817 -0.0012499685483190425 0.010108192909398668 0.0073429561504679388 0.006829107292653458
leaf_weight=57.082160338759422 78.306870549917221 26.333552658557892 2671.9438411444426 55.321480110287666 30.778665319085121 32.909967735409737 2410.6915099918842 34.770364955067635 37.04241007566452 57.946459025144577 45.988550364971161 29.580388069152832 24.842821106314659
leaf_count=236 315 106 10771 223 124 133 9716 140 154 241 186 119 100
internal_value=0 0.0038689 -6.80832e-05 0.00682804 0.0109137 -0.000227569 -0.000333087 -0.00258176 0.00518059 0.00288091 0.00623864 0.00127982 0.00199992
internal_weight=0 279.934 5313.6 193.987 109.086 5161.53 5082.64 85.9467 152.071 115.029 78.8985 84.9019 51.1764
internal_count=22564 1127 21437 781 439 20806 20487 346 631 477 319 342 206
is_linear=0
shrinkage=0.02


Tree=135
num_leaves=9
num_cat=0
split_feature=22 17 21 21 24 7 7 6
split_gain=15.3919 10.437 17.198 21.7514 15.0291 12.9395 19.8808 12.5997
threshold=1.003850042819977 5.6818501949310312 4.3371500968933114 3.8922500610351567 8.240849971771242 1.7972499728202822 1.9608500003814699 2.2223999500274663
decision_type=2 2 2 2 2 2 2 2
left_child=-1 2 3 -2 -4 7 -7 -3
right_child=1 5 4 -5 -6 6 -8 -9
leaf_value=-0.016187311107201029 -0.00015669774079477328 -0.0020716121848661324 0.0037981755740643564 -0.0066174923815659316 -0.0005955141880277686 -0.020200385030178802 -0.0033245628548511466 0.010280787582210555
leaf_weight=22.994988888502121 3582.2342503368855 288.2316864579916 810.45695155858994 220.89818540215492 493.4434689283371 37.920005291700363 115.90302963554859 36.0794657766819
leaf_count=94 14444 1158 3272 892 1994 153 470 145
internal_value=0 -0.000124434 0.000136591 -0.00053886 0.00212093 -0.00294869 -0.00771752 -0.000608555
internal_weight=0 5585.17 5107.03 3803.13 1303.9 478.134 153.823 324.311
internal_count=22622 22528 20602 15336 5266 1926 623 1303
is_linear=0
shrinkage=0.02


Tree=136
num_leaves=8
num_cat=0
split_feature=22 23 3 8 23 13 13
split_gain=14.8412 9.96038 7.8473 11.5896 9.86455 7.47682 9.93317
threshold=1.003850042819977 -15.252149581909178 1.0388000011444094 -1.546249985694885 -11.536650180816649 0.0042115000542253265 0.013061500154435636
decision_type=2 2 2 2 2 2 2
left_child=-1 5 3 -3 -4 -2 -7
right_child=1 2 4 -5 -6 6 -8
leaf_value=-0.015912765393935175 0.013147082586180003 0.0049192697245716097 -0.0043805316153399431 -0.00706240803947284 6.9144735250039252e-05 -0.0033451591259258734 0.01200798940276683
leaf_weight=22.941681757569313 36.734847843647003 38.993704363703728 206.18069517612457 140.97322602570057 5090.7740890830755 47.079239472746849 24.263567730784416
leaf_count=94 153 158 841 568 20511 195 102
internal_value=0 -0.000122232 -0.000244878 -0.00434296 -0.000101075 0.00585487 0.00169377
internal_weight=0 5585 5476.92 179.967 5296.95 108.078 71.3428
internal_count=22622 22528 22078 726 21352 450 297
is_linear=0
shrinkage=0.02


Tree=137
num_leaves=10
num_cat=0
split_feature=23 5 16 5 17 23 19 5 25
split_gain=9.82411 9.93048 13 10.2458 10.7461 9.27714 7.53934 5.38007 3.92414
threshold=-15.252149581909178 0.4525000005960465 -2.0521500110626216 2.1635000705718999 1.4968500137329104 -1.3054500222206114 0.61234998703002941 0.83250001072883617 -1.4999999999999998
decision_type=2 2 2 2 2 2 2 2 2
left_child=7 2 -2 5 -5 -3 -4 -1 -9
right_child=1 3 6 4 -6 -7 -8 8 -10
leaf_value=0.00013716992703159694 -0.011071076759995541 -0.00041150383762025269 0.00211953190344064 -0.00034058030389190046 0.0067735675459984082 -0.0027981977169128937 0.0095352705941941264 0.015791421339969219 0.0043299103319039359
leaf_weight=46.401643380522728 25.19338846206665 3908.5878156125546 377.28580538928509 183.78279712796211 149.21259941160679 789.12715126574039 66.684711143374443 25.578412801027298 35.976360648870468
leaf_count=192 102 15760 1519 743 600 3180 268 107 151
internal_value=0 -0.000310498 0.00246125 -0.000573404 0.00279807 -0.00081719 0.00329725 0.00574833 0.00958864
internal_weight=0 5499.87 469.164 5030.71 332.995 4697.71 443.971 107.956 61.5548
internal_count=22622 22172 1889 20283 1343 18940 1787 450 258
is_linear=0
shrinkage=0.02


Tree=138
num_leaves=14
num_cat=0
split_feature=17 13 13 6 23 16 23 17 6 18 14 13 18
split_gain=9.58714 15.1042 19.7237 15.4174 13.5693 15.8804 12.1363 9.47319 19.3642 15.8686 5.0176 8.52894 4.22278
threshold=5.6818501949310312 0.010633000172674658 0.028861000202596191 2.679399967193604 -2.5830500125885005 2.8435499668121342 -15.252149581909178 -0.76254999637603749 0.39920000731945043 -0.045849999412894242 1.0000000180025095e-35 0.0042115000542253265 0.24354999512434009
decision_type=2 2 2 2 2 2 2 2 2 2 2 2 2
left_child=6 4 -3 -4 5 -2 10 9 -9 -8 11 -1 -6
right_child=1 2 3 -5 12 -7 7 8 -10 -11 -12 -13 -14
leaf_value=0.012572664656915906 -0.013448486724966549 0.012159198219831998 0.00076282304965158009 -0.01634986727515738 -0.016903263595859506 0.003772724189740079 -0.0002708566881891556 -0.0070549434632048262 0.001028849271254775 -0.0047865400520509006 0.014452328330862168 -0.00091636362900742688 -0.0074734832412949549
leaf_weight=27.202068984508514 27.066708087921143 50.205227613449097 106.7178480476141 24.689677268266678 27.380994632840157 88.850029602646828 1773.5409589707851 122.41819390654564 2751.4808647334576 379.68282851576805 26.616771399974823 48.617560476064682 153.13628122210503
leaf_count=114 109 202 429 100 110 359 7156 494 11086 1532 112 202 617
internal_value=0 -0.00289195 0.00155937 -0.00240057 -0.00568241 -0.000158022 6.36605e-05 -7.19196e-05 0.000675217 -0.00107825 0.00684705 0.00376346 -0.00909922
internal_weight=0 478.047 181.613 131.408 296.434 115.917 5129.56 5027.12 2873.9 2153.22 102.436 75.8196 180.517
internal_count=22622 1926 731 529 1195 468 20696 20268 11580 8688 428 316 727
is_linear=0
shrinkage=0.02


Tree=139
num_leaves=9
num_cat=0
split_feature=22 17 21 21 24 7 28 7
split_gain=14.0812 9.70149 16.2597 20.9856 14.4553 12.3825 25.0089 19.0988
threshold=1.003850042819977 5.6818501949310312 4.3371500968933114 3.8922500610351567 8.240849971771242 1.7972499728202822 2.1442500352859502 1.9608500003814699
decision_type=2 2 2 2 2 2 2 2
left_child=-1 2 3 -2 -4 6 -3 -7
right_child=1 5 4 -5 -6 7 -8 -9
leaf_value=-0.015519726069297603 -0.00014222102199792867 -0.0066759707621075297 0.0037138138035792646 -0.0064889513143089033 -0.0005949542564274566 -0.019747469866595504 0.0044337399218297123 -0.0031944525389793568
leaf_weight=22.85939547419548 3581.9937792420387 147.00426532328129 810.33714804053307 220.84503783285618 493.40694381296635 37.864572882652283 177.26365606486797 115.84599104523659
leaf_count=94 14444 591 3272 892 1994 153 712 470
internal_value=0 -0.000112531 0.000138987 -0.000517666 0.00206861 -0.00283611 -0.000546311 -0.00750263
internal_weight=0 5584.56 5106.58 3802.84 1303.74 477.978 324.268 153.711
internal_count=22622 22528 20602 15336 5266 1926 1303 623
is_linear=0
shrinkage=0.02


Tree=140
num_leaves=11
num_cat=0
split_feature=15 17 17 24 5 1 8 0 15 18
split_gain=8.80737 8.10251 7.80783 8.68748 8.15042 13.2683 6.05437 7.1511 5.82386 1.66627
threshold=-2.5643999576568599 -2.4274500608444209 -8.4544496536254865 4.0311501026153573 0.40850000083446508 0.46389999985694891 -0.35355000197887415 -0.61325001716613758 0.99869999289512645 0.13135000318288806
decision_type=2 2 2 2 2 2 2 2 2 2
left_child=1 6 3 -2 5 -4 7 -1 -6 -3
right_child=2 9 4 -5 8 -7 -8 -9 -10 -11
leaf_value=0.0048679253295273988 0.015751142292760839 0.014520567355934211 -0.0083046315235774052 -0.00028944872197160006 -0.0010150926500968327 0.004390303721933774 -0.0074361420795841229 -0.0029806122989213674 0.00060218252699070979 0.0051585694349578649
leaf_weight=163.77583314478397 24.299815684556961 25.503769859671593 35.832661673426628 23.868810877203941 3781.6691365987062 260.5855075865984 24.831766709685326 60.535507559776306 1147.5971858799458 25.961872041225433
leaf_count=672 101 105 144 100 15238 1050 102 248 4626 105
internal_value=0 0.0031516 -0.000359106 0.00755162 -0.000437282 0.00276566 0.00154557 0.00265723 -0.000634468 0.0103674
internal_weight=0 300.609 5273.85 48.1686 5225.68 296.418 249.143 224.311 4929.27 51.4656
internal_count=22491 1232 21259 201 21058 1194 1022 920 19864 210
is_linear=0
shrinkage=0.02


Tree=141
num_leaves=9
num_cat=0
split_feature=23 22 7 7 22 16 1 16
split_gain=11.1177 7.67228 8.954 20.016 15.1774 2.21316 5.7992 2.40245
threshold=-15.252149581909178 1.003850042819977 0.5814499855041505 0.67989999055862438 2.2252999544143681 -4.570849895477294 3.7472000122070317 -2.4991500377655025
decision_type=2 2 2 2 2 2 2 2
left_child=5 -2 4 -4 -3 6 -1 -7
right_child=1 2 3 -5 -6 7 -8 -9
leaf_value=0.016544845622989988 -0.011691071534975138 0.009609603265803927 -0.0063537290103325272 -0.00016699266593460279 0 -0.0011223955251920142 0.0020989023737906375 0.0071460733734727243
leaf_weight=24.137052774429321 22.566341578960419 96.246585741639137 217.93949721753597 4930.7085860967636 207.31440818309784 24.147526115179062 27.159052193164825 23.938692644238472
leaf_count=101 93 387 877 19884 834 100 115 100
internal_value=0 -0.000286509 -0.000233504 -0.000433941 0.00309066 0.00642523 0.00946517 0.00264816
internal_weight=0 5474.78 5452.21 5148.65 303.561 99.3823 51.2961 48.0862
internal_count=22491 22075 21982 20761 1221 416 216 200
is_linear=0
shrinkage=0.02


Tree=142
num_leaves=15
num_cat=0
split_feature=19 28 28 17 22 19 13 13 8 21 28 23 14 8
split_gain=11.6308 22.2478 10.7572 14.1896 20.1267 15.9542 10.7092 26.2349 20.3569 9.58882 10.4836 6.3531 5.68854 1.26869
threshold=-1.5978500247001646 3.3531500101089482 2.3745499849319462 5.5231499671936044 16.942949295043949 0.24745000153779986 -0.04833600111305713 -0.013862499967217444 2.2706500291824345 3.4298999309539799 4.5282499790191659 -4.505150079727172 -1.0000000180025095e-35 0.42290000617504125
decision_type=2 2 2 2 2 2 2 2 2 2 2 2 2 2
left_child=1 11 3 5 -5 -2 8 -8 -4 10 -3 12 -1 -13
right_child=2 9 6 4 -6 -7 7 -9 -10 -11 -12 13 -14 -15
leaf_value=0.0028596002825993245 0.00013044105913123427 0.0080219663626638227 0.010547581014878429 -0.0073800368093483101 0.0091944929134076762 0.0043439298711172823 -0.0096099551791994937 -0.00087731313300469006 -0.0084138484436167178 -0.011069829943558811 -0.0071724749219960072 0.0048265699529999491 0.013287444679372991 -0.0010183611879418474
leaf_weight=34.841227546334267 1227.8422271460295 39.310330733656883 77.786560714244843 158.27877752482891 34.06939285993576 513.5364313274622 143.74313881993294 3104.0996517241001 29.810359209775925 38.739970490336418 31.442699536681175 25.159080624580383 90.991230189800262 24.336504548788071
leaf_count=143 4950 159 315 637 137 2068 581 12520 121 157 127 104 372 100
internal_value=0 0.00376472 -0.000374465 0.000807537 -0.00430849 0.00138627 -0.00106164 -0.0012728 0.00508094 -0.00316075 0.000984957 0.00819652 0.0106031 0.00159335
internal_weight=0 284.821 5289.17 1933.73 192.348 1741.38 3355.44 3247.84 107.597 109.493 70.753 175.328 125.832 49.4956
internal_count=22491 1162 21329 7792 774 7018 13537 13101 436 443 286 719 515 204
is_linear=0
shrinkage=0.02


Tree=143
num_leaves=11
num_cat=0
split_feature=23 28 12 21 6 9 18 6 24 21
split_gain=10.6804 9.3471 21.215 12.5181 12.4222 11.3185 12.325 9.91896 6.84266 3.20637
threshold=-15.252149581909178 2.3745499849319462 13.500000000000002 6.6498999595642099 0.95214998722076427 -3.2272499799728389 -0.0029499999945983286 0.79584997892379772 2.7488499879837041 3.7669999599456792
decision_type=2 2 2 2 2 2 2 2 2 2
left_child=8 2 4 -4 -2 7 -7 -3 -1 -10
right_child=1 5 3 -5 -6 6 -8 -9 9 -11
leaf_value=0.013115617562275021 -0.0028588838556427893 0.0051993222186324647 0.0021025594173943027 0.0086788417028412571 0.0013449073312607619 -0.0032369025604507807 -0.00040958755010730492 0 -0.0032796125649321357 0.0055886785806103321
leaf_weight=36.855881005525589 612.92306359112263 177.61145037412643 667.57830783724785 143.87343357503414 510.74376711249352 1063.5126796960831 1512.5265256911516 785.69807291030884 24.288527831435204 38.10514771938324
leaf_count=155 2466 713 2689 582 2062 4283 6099 3181 101 160
internal_value=0 -0.000277306 0.000834749 0.00330242 -0.000930842 -0.000891029 -0.0015854 0.000944812 0.00630539 0.00182368
internal_weight=0 5474.47 1935.12 811.452 1123.67 3539.35 2576.04 963.31 99.2496 62.3937
internal_count=22491 22075 7799 3271 4528 14276 10382 3894 416 261
is_linear=0
shrinkage=0.02


Tree=144
num_leaves=8
num_cat=0
split_feature=23 6 9 17 17 24 21
split_gain=10.2797 9.10739 7.98018 15.597 9.69435 6.60488 3.08916
threshold=-15.252149581909178 0.26344999670982366 0.79559999704360973 0.28344999253749853 -0.70145002007484425 2.7488499879837041 3.7669999599456792
decision_type=2 2 2 2 2 2 2
left_child=5 -2 4 -4 -3 -1 -7
right_child=1 2 3 -5 -6 6 -8
leaf_value=0.01289378986792172 -0.012833555776557426 -0.00034729297061634107 -0.0045966997200036245 -0.00033071399165805407 0.0020272351480927924 -0.0032151121505367727 0.0054853772875698668
leaf_weight=36.758350670337677 22.04353292286396 1983.2287265658379 415.80836619436741 2009.1824658960104 1043.8851013183594 24.300223678350449 38.065528824925423
leaf_count=155 91 8004 1679 8096 4205 101 160
internal_value=0 -0.000271655 -0.000214854 -0.00107203 0.000465345 0.00619026 0.00178245
internal_weight=0 5474.15 5452.1 2424.99 3027.11 99.1241 62.3658
internal_count=22491 22075 21984 9775 12209 416 261
is_linear=0
shrinkage=0.02


Tree=145
num_leaves=15
num_cat=0
split_feature=19 18 20 17 18 19 13 13 19 18 17 16 19 22
split_gain=10.2694 19.4896 26.1613 14.2899 10.8238 26.2852 23.0025 16.6615 15.2373 14.7592 9.80564 6.58478 5.46346 4.61032
threshold=-1.5978500247001646 -2.44225001335144 -2.578199982643127 -6.3256499767303458 -0.19770000129938123 -0.2714999914169311 -0.0021779999369755383 -0.04833600111305713 0.01664999965578318 -0.073249999433755861 -2.9089000225067134 -5.9192500114440909 -2.1870499849319454 9.4218997955322283
decision_type=2 2 2 2 2 2 2 2 2 2 2 2 2 2
left_child=1 3 12 11 5 6 -2 8 -6 -9 -7 -1 -3 -5
right_child=4 2 -4 13 7 10 -8 9 -10 -11 -12 -13 -14 -15
leaf_value=-0.0019745165034276936 -0.0063774531115617259 0.0066674353688809182 -0.0048025371574611699 -0.0014028653518989003 0.011107713319472277 -0.0023929543375171202 0.0013115128507086731 0.0030520920952989373 -0.0009228107345945469 -0.00061044087490003725 -0.0099242232193572349 0.009444636865050187 0.018139691104967909 -0.012527560508048804
leaf_weight=31.676224485039711 195.86819438636303 33.507193073630333 36.846699118614197 31.445390939712524 102.15030932426453 123.33938573300838 737.50579988956451 505.50761300325394 66.058987990021706 3334.8220702558756 187.54508370161057 44.177838429808617 63.816581293940544 38.831140160560608
leaf_count=133 792 137 149 128 415 499 2975 2038 267 13443 755 181 258 158
internal_value=0 0.00356107 0.00905573 -0.00137521 -0.000358254 -0.00198807 -0.000285708 0.000143026 0.00628737 -0.000122461 -0.00701767 0.00445219 0.0145013 -0.00791991
internal_weight=0 280.301 134.17 146.131 5252.8 1244.26 933.374 4008.54 168.209 3840.33 310.884 75.8541 97.3238 70.2765
internal_count=22328 1144 544 600 21184 5021 3767 16163 682 15481 1254 314 395 286
is_linear=0
shrinkage=0.02


Tree=146
num_leaves=12
num_cat=0
split_feature=28 19 7 16 19 15 6 6 7 19 6
split_gain=11.7469 17.2886 15.8805 23.1578 13.0256 9.99335 8.53118 9.55306 7.9903 10.0955 7.16319
threshold=4.7958500385284433 -1.5978500247001646 1.0862500071525576 -5.9192500114440909 -1.8853000402450559 0.31495000422000891 0.26344999670982366 0.55185002088546764 1.081649959087372 -0.065150000154972063 0.86285001039505016
decision_type=2 2 2 2 2 2 2 2 2 2 2
left_child=1 2 4 -4 -1 8 -3 -8 9 -2 -7
right_child=5 6 3 -5 -6 10 7 -9 -10 -11 -12
leaf_value=-0.0044706159280887186 0.0048851595660154967 -0.013082648022093173 -0.0064702518222375816 0.014481567192367909 0.011191257873872122 -0.020189943590648164 0.0022221586390236722 -0.00047921511591322125 -0.0093207865404706294 -0.0086312669257604686 -0.0041474020696590968
leaf_weight=78.869355335831642 74.44724141061306 19.572633057832718 24.564317300915718 100.1884541362524 27.869689762592316 24.978767901659012 590.57201528549194 4492.4407859444618 42.0540731549263 29.892009705305099 27.464156314730644
leaf_count=318 300 81 104 413 112 102 2375 18120 170 121 112
internal_value=0 2.21328e-05 0.00535925 0.0101784 -0.000129731 -0.00491365 -0.000217083 -0.000161046 -0.00203105 0.000777817 -0.0123976
internal_weight=0 5334.08 231.492 124.753 106.739 198.836 5102.59 5083.01 146.393 104.339 52.4429
internal_count=22328 21523 947 517 430 805 20576 20495 591 421 214
is_linear=0
shrinkage=0.02


Tree=147
num_leaves=13
num_cat=0
split_feature=19 7 20 19 21 17 19 14 3 21 7 19
split_gain=9.4212 15.8294 12.1538 13.3432 9.41118 16.7298 20.3024 9.99361 8.38108 9.42964 6.68599 4.24491
threshold=-1.5978500247001646 0.84885001182556163 -2.578199982643127 -2.1870499849319454 6.2995500564575204 5.6818501949310312 -0.25454999506473536 -1.0000000180025095e-35 0.84840002655982982 1.8536000251770022 1.35904997587204 -2.3274999856948848
decision_type=2 2 2 2 2 2 2 2 2 2 2 2
left_child=1 -1 3 -3 8 6 -6 -7 10 -10 -2 -4
right_child=4 2 11 -5 5 7 -8 -9 9 -11 -12 -13
leaf_value=-0.0076966800322333601 -0.0088061262207512463 0.0035246018591454584 0.0023097782758005887 0.0149672425330931 -0.0058344586746175188 0.0025453247381110452 0.0047884584481201484 -0.0040901490922373024 0.00043169961622955069 -0.0014874056609379069 0.00064855272498257923 -0.0084531208834093662
leaf_weight=41.304069027304649 89.290121987462044 117.91471636295319 26.812883749604225 67.861372992396355 80.302473902702332 133.37933056056499 550.62691222131252 264.29785890877247 1881.4452282339334 2214.3171080946922 38.921883717179298 26.167878821492195
leaf_count=166 360 484 112 276 326 537 2222 1064 7581 8936 158 106
internal_value=0 0.00341129 0.00544043 0.00786927 -0.000344074 0.00136365 0.00339767 -0.00181367 -0.00076489 -0.000601066 -0.00579834 -0.00269377
internal_weight=0 280.061 238.757 185.776 5252.58 1028.61 630.929 397.677 4223.97 4095.76 128.212 52.9808
internal_count=22328 1144 978 760 21184 4149 2548 1601 17035 16517 518 218
is_linear=0
shrinkage=0.02


Tree=148
num_leaves=12
num_cat=0
split_feature=28 19 16 1 20 13 1 13 13 13 19
split_gain=11.4127 16.1933 9.99058 11.7148 9.03651 11.8373 15.1457 10.0276 8.86292 16.4797 15.5132
threshold=4.7958500385284433 -1.5978500247001646 -5.9192500114440909 2.821449995040894 -2.2168500423431392 0.0047200000844895848 1.2490499615669253 0.0077245000284165153 0.034320499747991569 0.028350000269711021 0.23854999989271167
decision_type=2 2 2 2 2 2 2 2 2 2 2
left_child=1 2 -1 -4 5 -2 -7 -6 9 -3 -10
right_child=4 8 3 -5 7 6 -8 -9 10 -11 -12
leaf_value=-0.0050858057298317728 0.0061609659531833673 -0.00031191122710017748 0.0038751750745184355 0.015397968511316879 -0.017707846260783113 0.004591598544596313 -0.012959634274388836 -0.0020313190481231619 0.0047693035988542656 -0.0086345609308526548 -0.0023121414228729161
leaf_weight=29.925109878182411 47.720726057887077 4474.1798730939627 152.306038454175 48.95608414709568 36.948202207684517 29.213003501296043 50.00327642261982 34.831536263227463 343.73352591693401 96.535022214055061 187.94701342284679
leaf_count=126 192 18039 616 205 150 118 202 143 1390 390 757
internal_value=0 2.53565e-05 0.00519422 0.00683919 -0.00484114 -0.00142329 -0.0062613 -0.010508 -0.000205895 -0.000493913 0.00222885
internal_weight=0 5333.58 231.187 201.262 198.717 126.937 79.2163 71.7797 5102.4 4570.71 531.681
internal_count=22328 21523 947 821 805 512 320 293 20576 18429 2147
is_linear=0
shrinkage=0.02


Tree=149
num_leaves=13
num_cat=0
split_feature=28 19 7 23 19 18 7 6 23 7 9 7
split_gain=10.9775 15.5699 15.0243 17.9165 12.5067 9.21688 18.5007 13.7306 7.20818 14.148 8.3759 6.95932
threshold=4.7958500385284433 -1.5978500247001646 1.0862500071525576 -3.6247500181198116 -1.8853000402450559 -0.74294999241828907 1.4673500061035158 1.7115499973297121 -1.4268000125885008 1.081649959087372 -4.3498501777648917 0.82725000381469738
decision_type=2 2 2 2 2 2 2 2 2 2 2 2
left_child=1 2 4 -4 -1 6 -3 -7 9 11 -11 -2
right_child=8 5 3 -5 -6 7 -8 -9 -10 10 -12 -13
leaf_value=-0.0044920071275546041 0.0097999255155194042 -0.00057728784645788296 0.014271196579686675 -0.0024937706938112721 0.010854124549327899 -0.0003996369622655816 -0.010689056527282399 0.0026702138928349252 -0.014927500676523818 -0.0026212175499317598 -0.019370202314341042 -0.0017719790285222903
leaf_weight=78.845828980207443 25.237589836120605 296.71920980513096 92.227675929665565 32.127978056669235 27.839677318930626 4028.5548471063375 96.922845214605331 680.08867494761944 24.446443781256676 27.036494195461273 26.971349760890007 94.911792784929276
leaf_count=318 102 1195 382 135 112 16225 396 2760 100 109 110 384
internal_value=0 2.4734e-05 0.00509486 0.00979499 -0.000238088 -0.000201885 -0.00313847 3.99804e-05 -0.00474931 -0.00312935 -0.0115493 0.000554462
internal_weight=0 5333.33 231.041 124.356 106.686 5102.29 393.642 4708.64 198.604 174.157 54.0078 120.149
internal_count=22328 21523 947 517 430 20576 1591 18985 805 705 219 486
is_linear=0
shrinkage=0.02


Tree=150
num_leaves=12
num_cat=0
split_feature=28 17 28 18 9 24 18 20 20 24 24
split_gain=9.20405 9.76133 9.63906 16.2571 8.61526 13.0159 12.5158 14.2626 10.5322 8.59894 6.76155
threshold=4.7958500385284433 -5.56665015220642 5.6670000553131112 -0.27825000882148737 0.66189998388290416 13.997700214385988 -0.088849999010562883 -6.1266999244689933 -8.24945020675659 5.2809998989105233 1.8308500051498415
decision_type=2 2 2 2 2 2 2 2 2 2 2
left_child=4 -2 3 -3 5 8 9 -8 -1 -6 -4
right_child=1 2 10 -5 6 -7 7 -9 -10 -11 -12
leaf_value=-0.0021772345424161256 0.0067737404274843737 -0.015682248580839154 0.0082539809304435965 -7.7094434934058919e-05 -0.0036869876037897748 0.012945026701710535 0.0048089886681885784 -0.0009721290509337009 0.0011681929371599783 -0.018104832699477113 -0.0048605322896783341
leaf_weight=440.67685151100159 25.57237546145916 67.090969100594521 24.834069758653641 48.241675719618797 61.885771811008453 34.07727675139904 183.34282518923283 2198.0709851533175 2445.2093130499125 25.033774763345718 38.983158946037292
leaf_count=1803 103 272 100 197 250 143 742 8857 9851 101 159
internal_value=0 -0.00424226 -0.0059546 -0.00938357 6.59849e-05 0.000804559 -0.000799598 -0.00051682 0.000649839 -0.00822566 0
internal_weight=0 204.722 179.15 115.333 5388.3 2919.96 2468.33 2381.41 2885.89 86.9195 63.8172
internal_count=22578 831 728 469 21747 11797 9950 9599 11654 351 259
is_linear=0
shrinkage=0.02


Tree=151
num_leaves=13
num_cat=0
split_feature=28 23 28 23 19 21 15 5 28 19 28 28
split_gain=8.84656 8.2773 9.86099 10.1945 8.47215 8.27232 15.4957 14.0559 12.0138 11.396 10.3786 7.83477
threshold=4.7958500385284433 -1.3781999945640562 5.6670000553131112 -5.2172000408172599 -0.24570000171661374 1.0724499821662905 -1.4004999995231626 0.87149998545646679 2.0270000696182255 0.24745000153779986 4.4433000087738046 1.2872499823570254
decision_type=2 2 2 2 2 2 2 2 2 2 2 2
left_child=5 2 4 -4 -2 7 8 9 -7 -1 -8 -9
right_child=1 -3 3 -5 -6 6 10 11 -10 -11 -12 -13
leaf_value=0.0027478702397169125 -0.0094657685138419666 -0.015050960004025478 -0.0052996498268885351 0.010878508177026151 0.0014768054626252474 0.013384193430209667 -0.00079968163052554725 0.01053378076360522 0.0021892321078574055 0.011349528252032455 0.0092155634827634034 -0.00073645081366284894
leaf_weight=429.93277025222778 82.358671277761459 24.290692657232285 24.734438851475716 35.120139762759209 38.105686247348785 46.345908954739571 3859.8496571034193 24.5176632553339 247.05362877249718 74.191292732954025 40.560206562280655 665.74065127968788
leaf_count=1731 334 100 100 142 155 190 15564 101 1008 299 163 2691
internal_value=0 -0.00416032 -0.00250803 0.00388713 -0.00585606 6.44981e-05 -0.000349889 0.00153533 0.004065 0.00407332 -0.000688072 -0.000292545
internal_weight=0 204.61 180.319 59.8546 120.464 5388.19 4193.81 1194.38 293.4 504.124 3900.41 690.258
internal_count=22578 831 731 242 489 21747 16925 4822 1198 2030 15727 2792
is_linear=0
shrinkage=0.02


Tree=152
num_leaves=9
num_cat=0
split_feature=22 7 22 19 6 28 28 7
split_gain=12.8439 17.7305 23.3851 24.7734 13.7908 25.1754 11.6485 8.42397
threshold=1.003850042819977 0.5814499855041505 1.7896000146865847 0.22354999929666522 0.47865000367164617 2.2020499706268315 2.3295500278472905 0.5003499984741212
decision_type=2 2 2 2 2 2 2 2
left_child=-1 2 7 -4 5 -3 -6 -2
right_child=1 4 3 -5 6 -7 -8 -9
leaf_value=-0.015021174767914619 0.0080024451699376581 -0.014136792638226337 -0.00024493494304580305 0.02043838838120593 0.0012888838344537173 -0.00010075007973434884 -0.00075046845540589942 0.025189345460284635
leaf_weight=21.938894882798195 31.545969501137733 79.103632435202599 215.16463714838028 24.729623004794121 1675.3553421795368 149.3909662514925 3370.4375066608191 24.901132747530937
leaf_count=91 127 318 865 100 6759 601 13617 100
internal_value=0 -1.99735e-05 0.00472792 0.00188018 -0.000291376 -0.00508753 -6.92579e-05 0.0162389
internal_weight=0 5570.63 296.341 239.894 5274.29 228.495 5045.79 56.4471
internal_count=22578 22487 1192 965 21295 919 20376 227
is_linear=0
shrinkage=0.02


Tree=153
num_leaves=15
num_cat=0
split_feature=7 6 20 6 7 20 16 7 7 18 6 14 16 7
split_gain=10.7216 14.5232 19.3285 13.4183 24.7251 14.567 11.0181 10.53 10.4658 24.3914 10.9257 8.41551 5.9651 4.41072
threshold=0.5814499855041505 0.47865000367164617 -1.1897499561309812 0.55185002088546764 0.5003499984741212 -0.40604999661445612 0.700850009918213 0.85205000638961803 0.67989999055862438 0.20324999839067462 0.55185002088546764 -1.0000000180025095e-35 0.19990000128746035 0.90684998035430919
decision_type=2 2 2 2 2 2 2 2 2 2 2 2 2 2
left_child=3 2 7 4 5 -1 11 -2 9 -3 -10 -5 -6 -4
right_child=1 8 13 6 12 -7 -8 -9 10 -11 -12 -13 -14 -15
leaf_value=-0.0046285817799856625 0.0057646671668582028 -0.009231595554899134 -0.0076859282015683756 0.00063421776422208228 0.016664085957346527 0.012493783741970931 0.0076395556545086219 -0.0065922466180434163 0.005160753786489415 0.0088194856907232357 -7.6648003416737476e-05 -0.013153064649707625 0.0059262673155918294 -0.017228912115596545
leaf_weight=82.825502306222916 68.20287449657917 127.56086599826813 90.177228137850761 27.164428293704987 68.469674348831177 24.937347769737244 26.47939632833004 44.309058099985123 163.73774720728397 37.117121949791908 4717.3401436507702 38.547159969806671 41.859053105115891 33.740215346217155
leaf_count=334 274 513 364 109 275 101 107 178 659 150 19054 155 169 136
internal_value=0 -0.00029929 -0.00513447 0.00351877 0.00624262 -0.000403976 -0.00270813 0.000706913 -6.77918e-05 -0.00501363 9.59673e-05 -0.00722969 0.0128596 -0.0105615
internal_weight=0 5282.19 236.429 310.283 218.092 107.763 92.191 112.512 5045.76 164.678 4881.08 65.7116 110.329 123.917
internal_count=22578 21328 952 1250 879 435 371 452 20376 663 19713 264 444 500
is_linear=0
shrinkage=0.02


Tree=154
num_leaves=9
num_cat=0
split_feature=22 7 22 6 28 6 28 7
split_gain=12.3379 16.5674 22.2874 12.7724 24.1062 11.4322 11.1508 7.79395
threshold=1.003850042819977 0.5814499855041505 1.7896000146865847 0.47865000367164617 2.2020499706268315 0.44105000793933874 2.3295500278472905 0.5003499984741212
decision_type=2 2 2 2 2 2 2 2
left_child=-1 2 7 4 -3 -4 -5 -2
right_child=1 3 5 6 -6 -7 -8 -9
leaf_value=-0.014740968858274353 0.0078312268732260142 -0.013756795375473039 0.0080676873338475664 0.0012623852071991881 -1.6275860041318455e-05 -0.0011368010911836982 -0.00073292884846704813 0.024428696002274472
leaf_weight=21.874576345086098 31.565282389521599 79.017799213528633 77.857870817184448 1675.3461207896471 149.33705359697342 162.05302830040455 3370.3993468731642 24.939115777611732
leaf_count=91 127 318 313 6759 601 652 13617 100
internal_value=0 -1.7681e-05 0.00457114 -0.000280191 -0.00489737 0.00178839 -6.634e-05 0.015802
internal_weight=0 5570.52 296.415 5274.1 228.355 239.911 5045.75 56.5044
internal_count=22578 22487 1192 21295 919 965 20376 227
is_linear=0
shrinkage=0.02


Tree=155
num_leaves=11
num_cat=0
split_feature=25 19 7 7 18 7 3 4 2 2
split_gain=9.77425 9.21622 23.1381 12.9392 11.4892 11.357 8.88313 7.92998 4.83154 4.55367
threshold=4.5000000000000009 -1.5978500247001646 0.84885001182556163 2.7003500461578374 -2.44225001335144 3.0263500213623051 1.0388000011444094 40.737649917602546 64.022800445556655 42.667549133300788
decision_type=2 2 2 2 2 2 2 2 2 2
left_child=1 2 -1 6 -4 -5 -3 8 9 -2
right_child=7 3 4 5 -6 -7 -8 -9 -10 -11
leaf_value=-0.01007408871445761 0.0043987190195678687 -0.0043617229599123408 0.0017794314319311793 -0.011207972927457493 0.010747841629405586 -0.0012193790138946183 0.00026665569459137338 0.014863360209295101 0.0093020290371399403 -0.0059272679888854665
leaf_weight=40.292415380477905 35.763008132576942 170.5763798058033 130.83578681945801 74.780146464705467 110.93649831414223 128.26101563870907 4814.8480500131845 29.080312088131905 29.057161509990692 30.612534925341606
leaf_count=162 144 689 540 303 453 519 19422 117 117 123
internal_value=0 9.33066e-05 0.00360937 -9.46447e-05 0.00600426 -0.0050331 0.000103442 0.00574459 0.0026332 -8.40932e-05
internal_weight=0 5470.53 282.065 5188.47 241.772 203.041 4985.42 124.513 95.4327 66.3755
internal_count=22589 22088 1155 20933 993 822 20111 501 384 267
is_linear=0
shrinkage=0.02


Tree=156
num_leaves=15
num_cat=0
split_feature=13 13 28 28 18 28 18 13 13 23 28 13 24 12
split_gain=8.60496 11.7871 17.9263 21.9229 10.917 12.0494 11.3366 9.64615 22.9389 18.659 20.8902 13.9492 11.106 4.16719
threshold=0.0083725000731647032 0.0062679999973624953 1.5202500224113467 3.5367499589920048 0.51759999990463268 2.398149967193604 -0.1751499995589256 0.032338500022888191 0.028350000269711021 -7.6636500358581534 2.8056499958038335 0.021436000242829326 6.037950038909913 9.5000000000000018
decision_type=2 2 2 2 2 2 2 2 2 2 2 2 2 2
left_child=1 4 -3 -4 6 -6 -1 8 11 13 -11 -2 -10 -9
right_child=7 2 3 -5 5 -7 -8 9 12 10 -12 -13 -14 -15
leaf_value=-0.00096203057018975414 -0.00082145582148972066 -0.0091310817367993135 0.011980007315245416 -0.0069434690368962108 0 -0.010227854388627933 0.0024945912485015492 0.014313921083823896 -0.016555963881175927 -0.0013592276264188796 0.011406013771571487 0.0062335483410220658 -0.00087713609929114869 0.0053760533625159959
leaf_weight=567.58821377158165 2757.5817827135324 24.795945733785629 133.07767796516418 27.839497029781342 141.13831476867199 69.802696883678436 1102.7492975443602 45.806237056851387 53.288072243332863 405.86099310219288 57.602245464920998 115.39238630235195 31.474962562322617 60.883503496646881
leaf_count=2298 11136 100 535 112 568 281 4446 191 216 1633 231 466 127 249
internal_value=0 0.00124586 0.00605453 0.00855997 0.00075757 -0.00349364 0.00130818 -0.00037681 -0.000840829 0.00199259 0.000205401 -0.000529064 -0.0110453 0.00949645
internal_weight=0 2066.99 185.713 160.917 1881.28 210.941 1670.34 3527.89 2957.74 570.153 463.463 2872.97 84.763 106.69
internal_count=22589 8340 747 647 7593 849 6744 14249 11945 2304 1864 11602 343 440
is_linear=0
shrinkage=0.02


Tree=157
num_leaves=12
num_cat=0
split_feature=19 28 3 28 17 22 22 17 22 16 17
split_gain=8.1752 13.4168 10.0789 8.71266 14.9145 10.7173 7.41284 12.3519 10.8618 5.61001 4.37311
threshold=-1.5978500247001646 5.1181998252868661 1.0388000011444094 2.3745499849319462 5.5231499671936044 1.3135499954223635 9.3625998497009295 -5.9367499351501456 6.2768499851226816 1.3374499678611758 -4.0542500019073477
decision_type=2 2 2 2 2 2 2 2 2 2 2
left_child=1 6 9 4 -4 -5 8 -8 -1 10 -2
right_child=2 -3 3 5 -6 -7 7 -9 -10 -11 -12
leaf_value=0.0022604611490721969 0.0001134084942336429 -0.0073627764736080396 0.0018881734558713094 -0.013113899020345248 -0.0040022542166155087 -0.00031064947427109204 0.0080544690482633984 -0.0044250541004340555 0.01456785366630442 0.002488179990954663 -0.0078835219135662393
leaf_weight=61.089706271886826 28.919863447546959 36.987366169691086 1695.5593243390322 25.471052452921867 188.54758702218533 3217.9909514188766 60.529679447412491 62.806666567921638 62.713445797562599 32.486183390021324 121.49686267971992
leaf_count=251 118 150 6836 105 759 12986 252 257 254 131 490
internal_value=0 0.00351446 3.36386e-05 0.00020233 0.00128628 -0.000421369 0.00524608 0.00155418 0.00872189 -0.00456216 -0.00622331
internal_weight=0 284.127 5310.47 5127.57 1884.11 3243.46 247.139 123.336 123.803 182.903 150.417
internal_count=22589 1164 21425 20686 7595 13091 1014 509 505 739 608
is_linear=0
shrinkage=0.02


end of trees

feature_importances:
Column_7=226
Column_6=188
Column_13=170
Column_28=166
Column_19=121
Column_22=109
Column_17=105
Column_9=103
Column_21=79
Column_23=73
Column_18=66
Column_12=59
Column_1=55
Column_5=54
Column_24=53
Column_20=44
Column_16=37
Column_15=35
Column_8=31
Column_27=20
Column_4=16
Column_14=16
Column_25=16
Column_3=13
Column_2=11
Column_0=10
Column_26=10

parameters:
[boosting: gbdt]
[objective: binary]
[metric: auc]
[tree_learner: serial]
[device_type: cpu]
[data_sample_strategy: bagging]
[data: ]
[valid: ]
[num_iterations: 2000]
[learning_rate: 0.02]
[num_leaves: 16]
[num_threads: 0]
[seed: 42]
[deterministic: 0]
[force_col_wise: 0]
[force_row_wise: 0]
[histogram_pool_size: -1]
[max_depth: 4]
[min_data_in_leaf: 100]
[min_sum_hessian_in_leaf: 0.001]
[bagging_fraction: 0.7]
[pos_bagging_fraction: 1]
[neg_bagging_fraction: 1]
[bagging_freq: 5]
[bagging_seed: 400]
[feature_fraction: 0.5]
[feature_fraction_bynode: 1]
[feature_fraction_seed: 30056]
[extra_trees: 0]
[extra_seed: 12879]
[early_stopping_round: 0]
[early_stopping_min_delta: 0]
[first_metric_only: 0]
[max_delta_step: 0]
[lambda_l1: 1]
[lambda_l2: 1]
[linear_lambda: 0]
[min_gain_to_split: 0]
[drop_rate: 0.1]
[max_drop: 50]
[skip_drop: 0.5]
[xgboost_dart_mode: 0]
[uniform_drop: 0]
[drop_seed: 17869]
[top_rate: 0.2]
[other_rate: 0.1]
[min_data_per_group: 100]
[max_cat_threshold: 32]
[cat_l2: 10]
[cat_smooth: 10]
[max_cat_to_onehot: 4]
[top_k: 20]
[monotone_constraints: ]
[monotone_constraints_method: basic]
[monotone_penalty: 0]
[feature_contri: ]
[forcedsplits_filename: ]
[refit_decay_rate: 0.9]
[cegb_tradeoff: 1]
[cegb_penalty_split: 0]
[cegb_penalty_feature_lazy: ]
[cegb_penalty_feature_coupled: ]
[path_smooth: 0]
[interaction_constraints: ]
[verbosity: -1]
[saved_feature_importance_type: 0]
[use_quantized_grad: 0]
[num_grad_quant_bins: 4]
[quant_train_renew_leaf: 0]
[stochastic_rounding: 1]
[linear_tree: 0]
[max_bin: 255]
[max_bin_by_feature: ]
[min_data_in_bin: 3]
[bin_construct_sample_cnt: 200000]
[data_random_seed: 175]
[is_enable_sparse: 1]
[enable_bundle: 1]
[use_missing: 1]
[zero_as_missing: 0]
[feature_pre_filter: 1]
[pre_partition: 0]
[two_round: 0]
[header: 0]
[label_column: ]
[weight_column: ]
[group_column: ]
[ignore_column: ]
[categorical_feature: ]
[forcedbins_filename: ]
[precise_float_parser: 0]
[parser_config_file: ]
[objective_seed: 16083]
[num_class: 1]
[is_unbalance: 0]
[scale_pos_weight: 1]
[sigmoid: 1]
[boost_from_average: 1]
[reg_sqrt: 0]
[alpha: 0.9]
[fair_c: 1]
[poisson_max_delta_step: 0.7]
[tweedie_variance_power: 1.5]
[lambdarank_truncation_level: 30]
[lambdarank_norm: 1]
[label_gain: ]
[lambdarank_position_bias_regularization: 0]
[eval_at: ]
[multi_error_top_k: 1]
[auc_mu_weights: ]
[num_machines: 1]
[local_listen_port: 12400]
[time_out: 120]
[machine_list_filename: ]
[machines: ]
[gpu_platform_id: -1]
[gpu_device_id: -1]
[gpu_use_dp: 0]
[num_gpu: 1]

end of parameters

pandas_categorical:null
